image_id,p_180
test_00000,0.00242445
test_00001,0.99980430
test_00002,0.99886469
test_00003,0.00063380
test_00004,0.99948526
test_00005,0.04989860
test_00006,0.99811065
test_00007,0.99873670
test_00008,0.99665379
test_00009,0.00349422
test_00010,0.99552590
test_00011,0.00154400
test_00012,0.00497829
test_00013,0.99996916
test_00014,0.84448555
test_00015,0.99914082
test_00016,0.99331815
test_00017,0.00380762
test_00018,0.91585533
test_00019,0.00350262
test_00020,0.00017324
test_00021,0.00422683
test_00022,0.99948281
test_00023,0.00678541
test_00024,0.02298956
test_00025,0.99764377
test_00026,0.99767075
test_00027,0.01242233
test_00028,0.67000351
test_00029,0.99984606
test_00030,0.00058483
test_00031,0.99750234
test_00032,0.88090220
test_00033,0.99604507
test_00034,0.97884067
test_00035,0.99928507
test_00036,0.01021667
test_00037,0.00381846
test_00038,0.00593230
test_00039,0.00012167
test_00040,0.94382784
test_00041,0.02947319
test_00042,0.99813843
test_00043,0.00007564
test_00044,0.00085113
test_00045,0.82026317
test_00046,0.00050067
test_00047,0.99953548
test_00048,0.99896798
test_00049,0.95994930
test_00050,0.99736587
test_00051,0.00090297
test_00052,0.00022190
test_00053,0.99477999
test_00054,0.04387158
test_00055,0.99959043
test_00056,0.00715327
test_00057,0.99099652
test_00058,0.00346602
test_00059,0.01274990
test_00060,0.91952109
test_00061,0.00469889
test_00062,0.00081429
test_00063,0.00187901
test_00064,0.00875462
test_00065,0.99980358
test_00066,0.38924892
test_00067,0.00240808
test_00068,0.00022451
test_00069,0.03821618
test_00070,0.93386133
test_00071,0.99718152
test_00072,0.99670803
test_00073,0.96062330
test_00074,0.96848075
test_00075,0.98319561
test_00076,0.00337241
test_00077,0.99993092
test_00078,0.99996434
test_00079,0.32954160
test_00080,0.00011314
test_00081,0.99748206
test_00082,0.97031500
test_00083,0.00045401
test_00084,0.99999368
test_00085,0.99150586
test_00086,0.99893373
test_00087,0.99878091
test_00088,0.00003876
test_00089,0.99490540
test_00090,0.00151650
test_00091,0.00223316
test_00092,0.99287024
test_00093,0.01477438
test_00094,0.99864354
test_00095,0.99150333
test_00096,0.02172283
test_00097,0.00121000
test_00098,0.00011832
test_00099,0.01047831
test_00100,0.01719418
test_00101,0.00508004
test_00102,0.00124811
test_00103,0.99995758
test_00104,0.99603093
test_00105,0.00000100
test_00106,0.00037906
test_00107,0.99558147
test_00108,0.00169624
test_00109,0.00386474
test_00110,0.99992377
test_00111,0.03302741
test_00112,0.99211540
test_00113,0.00035230
test_00114,0.99624227
test_00115,0.12861726
test_00116,0.31895746
test_00117,0.99276507
test_00118,0.99831743
test_00119,0.03349234
test_00120,0.00441483
test_00121,0.99063384
test_00122,0.99951418
test_00123,0.99879252
test_00124,0.00117598
test_00125,0.00076439
test_00126,0.00284574
test_00127,0.99985930
test_00128,0.00026938
test_00129,0.01226655
test_00130,0.99962779
test_00131,0.00182428
test_00132,0.04955667
test_00133,0.93974924
test_00134,0.00260385
test_00135,0.99280846
test_00136,0.00186951
test_00137,0.97814758
test_00138,0.99995886
test_00139,0.00922482
test_00140,0.99979210
test_00141,0.01435294
test_00142,0.98956610
test_00143,0.99488462
test_00144,0.00147831
test_00145,0.76403611
test_00146,0.00057565
test_00147,0.99972320
test_00148,0.06712855
test_00149,0.00371044
test_00150,0.00582232
test_00151,0.99910142
test_00152,0.17821639
test_00153,0.02389360
test_00154,0.98332767
test_00155,0.99989484
test_00156,0.99980457
test_00157,0.00572679
test_00158,0.99946636
test_00159,0.99036044
test_00160,0.99910095
test_00161,0.01840244
test_00162,0.00124568
test_00163,0.99766910
test_00164,0.00193666
test_00165,0.99960644
test_00166,0.99576191
test_00167,0.02627344
test_00168,0.02053435
test_00169,0.00141309
test_00170,0.99473545
test_00171,0.93909679
test_00172,0.83434485
test_00173,0.00501860
test_00174,0.00005926
test_00175,0.99969123
test_00176,0.99894445
test_00177,0.00223793
test_00178,0.00050485
test_00179,0.99473077
test_00180,0.00006929
test_00181,0.57930642
test_00182,0.94364319
test_00183,0.09853062
test_00184,0.72385241
test_00185,0.99953292
test_00186,0.00120748
test_00187,0.99816231
test_00188,0.99897246
test_00189,0.99954277
test_00190,0.01298535
test_00191,0.99271044
test_00192,0.00070663
test_00193,0.35614444
test_00194,0.00041654
test_00195,0.00079602
test_00196,0.05572142
test_00197,0.76863071
test_00198,0.07428726
test_00199,0.99977044
test_00200,0.99964236
test_00201,0.99639296
test_00202,0.98757393
test_00203,0.30037912
test_00204,0.97045599
test_00205,0.00086258
test_00206,0.00349809
test_00207,0.00014608
test_00208,0.00013051
test_00209,0.00163007
test_00210,0.00062356
test_00211,0.99510018
test_00212,0.97116651
test_00213,0.99610304
test_00214,0.96379301
test_00215,0.00001001
test_00216,0.13077464
test_00217,0.00210420
test_00218,0.00026235
test_00219,0.99997509
test_00220,0.99952233
test_00221,0.99100962
test_00222,0.00000775
test_00223,0.99969988
test_00224,0.73303995
test_00225,0.99381352
test_00226,0.00011104
test_00227,0.00566561
test_00228,0.01084523
test_00229,0.00003165
test_00230,0.00228563
test_00231,0.99975856
test_00232,0.99506661
test_00233,0.99487373
test_00234,0.00987338
test_00235,0.98799920
test_00236,0.00034195
test_00237,0.00009070
test_00238,0.99574372
test_00239,0.01239832
test_00240,0.00100735
test_00241,0.00086727
test_00242,0.00223679
test_00243,0.98418449
test_00244,0.99997170
test_00245,0.81696354
test_00246,0.00172502
test_00247,0.97557822
test_00248,0.99512576
test_00249,0.99187111
test_00250,0.70043180
test_00251,0.92719031
test_00252,0.00071826
test_00253,0.99997170
test_00254,0.00022437
test_00255,0.00081071
test_00256,0.01072453
test_00257,0.00025468
test_00258,0.09261924
test_00259,0.04743298
test_00260,0.00028263
test_00261,0.79850328
test_00262,0.99989358
test_00263,0.99951947
test_00264,0.97746680
test_00265,0.86947486
test_00266,0.01460959
test_00267,0.88645725
test_00268,0.00127140
test_00269,0.99865076
test_00270,0.97838161
test_00271,0.26014736
test_00272,0.97985241
test_00273,0.03103239
test_00274,0.68943727
test_00275,0.00017749
test_00276,0.09481163
test_00277,0.99825857
test_00278,0.01049011
test_00279,0.03899578
test_00280,0.99712012
test_00281,0.99465690
test_00282,0.99970073
test_00283,0.00093955
test_00284,0.40895945
test_00285,0.00400037
test_00286,0.00110204
test_00287,0.99299703
test_00288,0.99985679
test_00289,0.99203276
test_00290,0.98897351
test_00291,0.99979897
test_00292,0.99960628
test_00293,0.00232236
test_00294,0.99903596
test_00295,0.99933247
test_00296,0.00094206
test_00297,0.98604894
test_00298,0.07372802
test_00299,0.99926159
test_00300,0.01742899
test_00301,0.98739010
test_00302,0.72172468
test_00303,0.00524822
test_00304,0.00094958
test_00305,0.98674923
test_00306,0.99962192
test_00307,0.68528029
test_00308,0.03949418
test_00309,0.99778743
test_00310,0.99935056
test_00311,0.92717687
test_00312,0.00828891
test_00313,0.99929147
test_00314,0.00040512
test_00315,0.98338524
test_00316,0.98799789
test_00317,0.00008252
test_00318,0.99694808
test_00319,0.15398753
test_00320,0.99980306
test_00321,0.03293435
test_00322,0.79987711
test_00323,0.99408507
test_00324,0.71449590
test_00325,0.82236876
test_00326,0.00318754
test_00327,0.01555979
test_00328,0.42633124
test_00329,0.99178833
test_00330,0.99956875
test_00331,0.99800773
test_00332,0.99966172
test_00333,0.99910690
test_00334,0.99994897
test_00335,0.01810218
test_00336,0.00657984
test_00337,0.92659628
test_00338,0.02067025
test_00339,0.99792453
test_00340,0.35452458
test_00341,0.01002750
test_00342,0.99989799
test_00343,0.99680783
test_00344,0.99931649
test_00345,0.99814735
test_00346,0.00271685
test_00347,0.00201445
test_00348,0.99083370
test_00349,0.00180293
test_00350,0.99861240
test_00351,0.04058321
test_00352,0.99408842
test_00353,0.99642587
test_00354,0.01032417
test_00355,0.99991937
test_00356,0.00483560
test_00357,0.00090117
test_00358,0.99237789
test_00359,0.99921974
test_00360,0.98128654
test_00361,0.99962565
test_00362,0.97942210
test_00363,0.99999225
test_00364,0.59703373
test_00365,0.97251835
test_00366,0.99976107
test_00367,0.02208791
test_00368,0.00059148
test_00369,0.99712541
test_00370,0.03260185
test_00371,0.01089396
test_00372,0.99874918
test_00373,0.10795847
test_00374,0.99582460
test_00375,0.98999607
test_00376,0.00253545
test_00377,0.00013860
test_00378,0.98276397
test_00379,0.00317255
test_00380,0.00048037
test_00381,0.99990731
test_00382,0.83899304
test_00383,0.00694233
test_00384,0.99941808
test_00385,0.00094554
test_00386,0.99927095
test_00387,0.99585480
test_00388,0.76927274
test_00389,0.99946841
test_00390,0.98412521
test_00391,0.00006540
test_00392,0.69860533
test_00393,0.99363925
test_00394,0.00266422
test_00395,0.01249475
test_00396,0.00077408
test_00397,0.99850507
test_00398,0.00018577
test_00399,0.75229917
test_00400,0.99986254
test_00401,0.97611676
test_00402,0.99337939
test_00403,0.00207892
test_00404,0.00019540
test_00405,0.96615617
test_00406,0.99515704
test_00407,0.26791768
test_00408,0.99738320
test_00409,0.99939657
test_00410,0.00048242
test_00411,0.00015592
test_00412,0.01981877
test_00413,0.04152663
test_00414,0.63396975
test_00415,0.98338089
test_00416,0.00070104
test_00417,0.00029001
test_00418,0.99960675
test_00419,0.99988696
test_00420,0.00103229
test_00421,0.99534706
test_00422,0.99986590
test_00423,0.00002794
test_00424,0.00144095
test_00425,0.02042622
test_00426,0.99323536
test_00427,0.00845388
test_00428,0.03027375
test_00429,0.99767623
test_00430,0.99954924
test_00431,0.99948807
test_00432,0.99980563
test_00433,0.02307645
test_00434,0.92718741
test_00435,0.00206154
test_00436,0.98382222
test_00437,0.50573752
test_00438,0.97842123
test_00439,0.98320731
test_00440,0.04009993
test_00441,0.00004003
test_00442,0.98597801
test_00443,0.99753966
test_00444,0.99920662
test_00445,0.00340770
test_00446,0.00055593
test_00447,0.00089207
test_00448,0.88848409
test_00449,0.00004431
test_00450,0.00374533
test_00451,0.99980835
test_00452,0.91917221
test_00453,0.00055139
test_00454,0.85792653
test_00455,0.99927978
test_00456,0.01031515
test_00457,0.00005918
test_00458,0.99947439
test_00459,0.99979875
test_00460,0.00010110
test_00461,0.99942727
test_00462,0.02206771
test_00463,0.99983196
test_00464,0.00008772
test_00465,0.00040438
test_00466,0.99850119
test_00467,0.25857723
test_00468,0.99614054
test_00469,0.01149870
test_00470,0.13719759
test_00471,0.00132476
test_00472,0.00270398
test_00473,0.02788159
test_00474,0.00130639
test_00475,0.00054686
test_00476,0.15610404
test_00477,0.00326519
test_00478,0.00034950
test_00479,0.97978359
test_00480,0.99921717
test_00481,0.00009400
test_00482,0.00273409
test_00483,0.99977171
test_00484,0.48827937
test_00485,0.00038816
test_00486,0.01596414
test_00487,0.51792970
test_00488,0.00048267
test_00489,0.99926989
test_00490,0.99746119
test_00491,0.02115631
test_00492,0.97305306
test_00493,0.99993537
test_00494,0.84009192
test_00495,0.99591705
test_00496,0.28451750
test_00497,0.99929486
test_00498,0.03614880
test_00499,0.00132799
test_00500,0.99877730
test_00501,0.00286741
test_00502,0.98938165
test_00503,0.00860475
test_00504,0.99960026
test_00505,0.99754995
test_00506,0.99976934
test_00507,0.00063207
test_00508,0.44264085
test_00509,0.03405446
test_00510,0.99625273
test_00511,0.99861219
test_00512,0.98225718
test_00513,0.99646976
test_00514,0.00009881
test_00515,0.11968845
test_00516,0.03665432
test_00517,0.00227750
test_00518,0.02222658
test_00519,0.99789272
test_00520,0.00826687
test_00521,0.99841716
test_00522,0.16151260
test_00523,0.96928444
test_00524,0.99960095
test_00525,0.19054424
test_00526,0.00075053
test_00527,0.00730664
test_00528,0.00117595
test_00529,0.07112770
test_00530,0.00033329
test_00531,0.39622295
test_00532,0.02051363
test_00533,0.00246660
test_00534,0.99998050
test_00535,0.00597685
test_00536,0.00019828
test_00537,0.06907975
test_00538,0.99064315
test_00539,0.01498578
test_00540,0.99499111
test_00541,0.02639876
test_00542,0.01689289
test_00543,0.99794141
test_00544,0.99961570
test_00545,0.01279697
test_00546,0.00007621
test_00547,0.99995457
test_00548,0.00153082
test_00549,0.99783839
test_00550,0.00168161
test_00551,0.00278370
test_00552,0.99501957
test_00553,0.97907197
test_00554,0.03272176
test_00555,0.01468457
test_00556,0.95556905
test_00557,0.99950621
test_00558,0.00195999
test_00559,0.00026816
test_00560,0.68595225
test_00561,0.00932997
test_00562,0.15540954
test_00563,0.00141828
test_00564,0.99947675
test_00565,0.99618833
test_00566,0.00003991
test_00567,0.98926717
test_00568,0.00698847
test_00569,0.76173530
test_00570,0.00644548
test_00571,0.02198594
test_00572,0.00012043
test_00573,0.00151348
test_00574,0.00029520
test_00575,0.77705625
test_00576,0.99088904
test_00577,0.75572371
test_00578,0.00009911
test_00579,0.99699851
test_00580,0.99997550
test_00581,0.99977025
test_00582,0.02374445
test_00583,0.99545158
test_00584,0.02022754
test_00585,0.00194739
test_00586,0.99741615
test_00587,0.99999900
test_00588,0.09490250
test_00589,0.00254581
test_00590,0.00013825
test_00591,0.00038472
test_00592,0.00089345
test_00593,0.98975748
test_00594,0.99640284
test_00595,0.01151773
test_00596,0.47718447
test_00597,0.00032968
test_00598,0.99346690
test_00599,0.00006563
test_00600,0.77417881
test_00601,0.99600897
test_00602,0.99992456
test_00603,0.08446338
test_00604,0.52074365
test_00605,0.98596696
test_00606,0.99867147
test_00607,0.03216551
test_00608,0.00978139
test_00609,0.00124378
test_00610,0.99678227
test_00611,0.07162292
test_00612,0.48689656
test_00613,0.00265465
test_00614,0.97299224
test_00615,0.99983960
test_00616,0.00010865
test_00617,0.99977966
test_00618,0.00630828
test_00619,0.99980342
test_00620,0.99969825
test_00621,0.02787628
test_00622,0.99993506
test_00623,0.92805482
test_00624,0.01863874
test_00625,0.04715996
test_00626,0.99967662
test_00627,0.00011055
test_00628,0.00580633
test_00629,0.02181714
test_00630,0.99967606
test_00631,0.68676327
test_00632,0.99114689
test_00633,0.99759787
test_00634,0.99949107
test_00635,0.00021816
test_00636,0.99988673
test_00637,0.06816237
test_00638,0.03803697
test_00639,0.99978783
test_00640,0.00312287
test_00641,0.99280577
test_00642,0.63435683
test_00643,0.00000837
test_00644,0.99869304
test_00645,0.99905297
test_00646,0.00540264
test_00647,0.00304339
test_00648,0.53757396
test_00649,0.99947211
test_00650,0.00005290
test_00651,0.00242839
test_00652,0.04546771
test_00653,0.99966076
test_00654,0.91530690
test_00655,0.97056356
test_00656,0.00469277
test_00657,0.04137005
test_00658,0.99993998
test_00659,0.00173104
test_00660,0.03072118
test_00661,0.00008611
test_00662,0.47114727
test_00663,0.54629299
test_00664,0.05758685
test_00665,0.00535933
test_00666,0.99039739
test_00667,0.01201363
test_00668,0.00161149
test_00669,0.06596254
test_00670,0.71039262
test_00671,0.99823236
test_00672,0.99995972
test_00673,0.99146526
test_00674,0.99572276
test_00675,0.99838045
test_00676,0.02768633
test_00677,0.00080113
test_00678,0.99256190
test_00679,0.98189497
test_00680,0.18630449
test_00681,0.99972486
test_00682,0.99974599
test_00683,0.93210643
test_00684,0.99960874
test_00685,0.97037489
test_00686,0.99988688
test_00687,0.00127392
test_00688,0.00067479
test_00689,0.99957333
test_00690,0.00480046
test_00691,0.99648535
test_00692,0.99974057
test_00693,0.99509739
test_00694,0.00000316
test_00695,0.04592870
test_00696,0.03668721
test_00697,0.99999051
test_00698,0.00581487
test_00699,0.00464018
test_00700,0.99856834
test_00701,0.99972648
test_00702,0.99099046
test_00703,0.00837048
test_00704,0.00157319
test_00705,0.94876462
test_00706,0.00033421
test_00707,0.98881124
test_00708,0.00020105
test_00709,0.96534313
test_00710,0.00533849
test_00711,0.96333729
test_00712,0.49305819
test_00713,0.02481154
test_00714,0.09290899
test_00715,0.99999000
test_00716,0.99901421
test_00717,0.99910620
test_00718,0.27936712
test_00719,0.00232863
test_00720,0.98397241
test_00721,0.00107671
test_00722,0.00026664
test_00723,0.99718621
test_00724,0.97277749
test_00725,0.99936180
test_00726,0.00005710
test_00727,0.00074595
test_00728,0.99810114
test_00729,0.96862335
test_00730,0.74962066
test_00731,0.18850672
test_00732,0.00082120
test_00733,0.00387387
test_00734,0.99838520
test_00735,0.00329165
test_00736,0.99676671
test_00737,0.43029054
test_00738,0.00058544
test_00739,0.99980557
test_00740,0.00106227
test_00741,0.99954761
test_00742,0.99167766
test_00743,0.98853822
test_00744,0.02915360
test_00745,0.99720752
test_00746,0.00439597
test_00747,0.00934255
test_00748,0.99862706
test_00749,0.00181588
test_00750,0.00722010
test_00751,0.99262027
test_00752,0.00096689
test_00753,0.00011962
test_00754,0.00247887
test_00755,0.99925734
test_00756,0.01859009
test_00757,0.00120113
test_00758,0.01051814
test_00759,0.09778056
test_00760,0.99632372
test_00761,0.97741332
test_00762,0.00026584
test_00763,0.99879606
test_00764,0.04895006
test_00765,0.99511922
test_00766,0.00047001
test_00767,0.92643715
test_00768,0.00045285
test_00769,0.00099679
test_00770,0.99956350
test_00771,0.02401360
test_00772,0.00064778
test_00773,0.98616520
test_00774,0.99727590
test_00775,0.99999900
test_00776,0.99861576
test_00777,0.00039216
test_00778,0.00538963
test_00779,0.00027888
test_00780,0.97201914
test_00781,0.00294540
test_00782,0.03935040
test_00783,0.49718591
test_00784,0.98569474
test_00785,0.99910540
test_00786,0.99999106
test_00787,0.46241659
test_00788,0.98026037
test_00789,0.02131118
test_00790,0.99477199
test_00791,0.99892720
test_00792,0.99936195
test_00793,0.00048900
test_00794,0.99721332
test_00795,0.00256778
test_00796,0.00012582
test_00797,0.00004812
test_00798,0.99708987
test_00799,0.97726947
test_00800,0.00025626
test_00801,0.00042534
test_00802,0.00013368
test_00803,0.00490589
test_00804,0.58678642
test_00805,0.08517732
test_00806,0.99998584
test_00807,0.99176657
test_00808,0.00585251
test_00809,0.16503520
test_00810,0.99106632
test_00811,0.99960008
test_00812,0.99823134
test_00813,0.00192246
test_00814,0.99939704
test_00815,0.27459220
test_00816,0.00089708
test_00817,0.00113386
test_00818,0.00057542
test_00819,0.99579921
test_00820,0.00607150
test_00821,0.00022496
test_00822,0.99548959
test_00823,0.00074742
test_00824,0.00002050
test_00825,0.99995307
test_00826,0.90761484
test_00827,0.99862627
test_00828,0.99985614
test_00829,0.99809539
test_00830,0.98462108
test_00831,0.98712647
test_00832,0.11818583
test_00833,0.00029736
test_00834,0.00004900
test_00835,0.00130912
test_00836,0.96305546
test_00837,0.41679302
test_00838,0.00008494
test_00839,0.00000316
test_00840,0.00070518
test_00841,0.39994597
test_00842,0.92704868
test_00843,0.99772004
test_00844,0.00367263
test_00845,0.00016433
test_00846,0.99464262
test_00847,0.05629305
test_00848,0.00006471
test_00849,0.00213763
test_00850,0.03607004
test_00851,0.99307383
test_00852,0.99033358
test_00853,0.21189147
test_00854,0.96641905
test_00855,0.05412203
test_00856,0.95156106
test_00857,0.00081697
test_00858,0.06184734
test_00859,0.99705274
test_00860,0.03327282
test_00861,0.94980710
test_00862,0.17419953
test_00863,0.99992653
test_00864,0.00533951
test_00865,0.00127015
test_00866,0.09516357
test_00867,0.03910019
test_00868,0.96943320
test_00869,0.49788542
test_00870,0.36581951
test_00871,0.00007753
test_00872,0.02748624
test_00873,0.99889523
test_00874,0.02531511
test_00875,0.84781099
test_00876,0.15071256
test_00877,0.01312513
test_00878,0.00002409
test_00879,0.99791288
test_00880,0.03210376
test_00881,0.99551384
test_00882,0.99040955
test_00883,0.99379937
test_00884,0.99873200
test_00885,0.59197647
test_00886,0.03446115
test_00887,0.03309547
test_00888,0.15060405
test_00889,0.99466886
test_00890,0.81450519
test_00891,0.99988090
test_00892,0.00205410
test_00893,0.99956030
test_00894,0.88270487
test_00895,0.99725201
test_00896,0.52413617
test_00897,0.56243350
test_00898,0.99969998
test_00899,0.00251671
test_00900,0.00175525
test_00901,0.99921960
test_00902,0.22207359
test_00903,0.99988382
test_00904,0.99999684
test_00905,0.03327717
test_00906,0.85639933
test_00907,0.75860931
test_00908,0.00405458
test_00909,0.96266033
test_00910,0.00238995
test_00911,0.07562621
test_00912,0.95837580
test_00913,0.00127884
test_00914,0.00250881
test_00915,0.72472528
test_00916,0.00054507
test_00917,0.90131002
test_00918,0.00105184
test_00919,0.00464289
test_00920,0.00058460
test_00921,0.00011195
test_00922,0.89285003
test_00923,0.00018823
test_00924,0.05626685
test_00925,0.99997316
test_00926,0.97491759
test_00927,0.00066118
test_00928,0.96431907
test_00929,0.31382501
test_00930,0.00001817
test_00931,0.99987045
test_00932,0.01112534
test_00933,0.99882477
test_00934,0.99920097
test_00935,0.00508762
test_00936,0.99255649
test_00937,0.99988017
test_00938,0.00270671
test_00939,0.99993421
test_00940,0.99965035
test_00941,0.99951294
test_00942,0.99922008
test_00943,0.03676834
test_00944,0.00142395
test_00945,0.99971325
test_00946,0.97613649
test_00947,0.09713949
test_00948,0.00052516
test_00949,0.00602566
test_00950,0.00361155
test_00951,0.94560148
test_00952,0.99054638
test_00953,0.99960494
test_00954,0.71872508
test_00955,0.99995116
test_00956,0.14837213
test_00957,0.51836122
test_00958,0.00102110
test_00959,0.99853920
test_00960,0.00480436
test_00961,0.99992001
test_00962,0.00279305
test_00963,0.99966087
test_00964,0.99953974
test_00965,0.98289226
test_00966,0.92100321
test_00967,0.00024456
test_00968,0.05053111
test_00969,0.99593264
test_00970,0.99513846
test_00971,0.99547249
test_00972,0.52196933
test_00973,0.44980222
test_00974,0.00009947
test_00975,0.99330278
test_00976,0.99995391
test_00977,0.99948983
test_00978,0.00000894
test_00979,0.01240704
test_00980,0.99955805
test_00981,0.94704333
test_00982,0.03059521
test_00983,0.01527035
test_00984,0.02721892
test_00985,0.99228373
test_00986,0.00371521
test_00987,0.00083852
test_00988,0.14343702
test_00989,0.98835345
test_00990,0.00723674
test_00991,0.96884354
test_00992,0.00005572
test_00993,0.00056322
test_00994,0.00048881
test_00995,0.04979027
test_00996,0.17007218
test_00997,0.99953992
test_00998,0.00010940
test_00999,0.00779066
test_01000,0.00711677
test_01001,0.99974046
test_01002,0.01762653
test_01003,0.93699765
test_01004,0.04937870
test_01005,0.00045868
test_01006,0.04027665
test_01007,0.32344053
test_01008,0.94391931
test_01009,0.99978378
test_01010,0.99957969
test_01011,0.94778433
test_01012,0.05328728
test_01013,0.00004694
test_01014,0.00008639
test_01015,0.99862462
test_01016,0.90334217
test_01017,0.00160773
test_01018,0.99983566
test_01019,0.98976913
test_01020,0.99834423
test_01021,0.99995754
test_01022,0.00279938
test_01023,0.99722539
test_01024,0.00161097
test_01025,0.00327359
test_01026,0.98929879
test_01027,0.00174316
test_01028,0.00360702
test_01029,0.99910008
test_01030,0.99854040
test_01031,0.00351415
test_01032,0.74534560
test_01033,0.99994519
test_01034,0.49053401
test_01035,0.00086670
test_01036,0.99907386
test_01037,0.08551260
test_01038,0.98198818
test_01039,0.99938299
test_01040,0.99998102
test_01041,0.74587194
test_01042,0.99898683
test_01043,0.80114449
test_01044,0.99967826
test_01045,0.98523533
test_01046,0.01128513
test_01047,0.99821768
test_01048,0.97873284
test_01049,0.00332983
test_01050,0.00041285
test_01051,0.98734556
test_01052,0.99147965
test_01053,0.00128188
test_01054,0.73282884
test_01055,0.13799301
test_01056,0.00021455
test_01057,0.02616715
test_01058,0.98215828
test_01059,0.68793826
test_01060,0.99740344
test_01061,0.99999552
test_01062,0.13135352
test_01063,0.00186552
test_01064,0.00291998
test_01065,0.04068756
test_01066,0.98701403
test_01067,0.71945565
test_01068,0.99597652
test_01069,0.00087550
test_01070,0.99898604
test_01071,0.99912517
test_01072,0.95625222
test_01073,0.99831946
test_01074,0.97975145
test_01075,0.00300872
test_01076,0.00144294
test_01077,0.93950762
test_01078,0.00175865
test_01079,0.43486911
test_01080,0.99997997
test_01081,0.99907784
test_01082,0.99407892
test_01083,0.99932892
test_01084,0.01998223
test_01085,0.99064510
test_01086,0.97960316
test_01087,0.01172701
test_01088,0.06897327
test_01089,0.98202589
test_01090,0.99939677
test_01091,0.99915536
test_01092,0.14063672
test_01093,0.01501931
test_01094,0.00406196
test_01095,0.99990512
test_01096,0.02631384
test_01097,0.99716525
test_01098,0.99957543
test_01099,0.79785407
test_01100,0.00235660
test_01101,0.20798197
test_01102,0.99998102
test_01103,0.03151505
test_01104,0.03938190
test_01105,0.98770913
test_01106,0.02606945
test_01107,0.99922156
test_01108,0.96718085
test_01109,0.00787323
test_01110,0.99678287
test_01111,0.00016126
test_01112,0.01920197
test_01113,0.99868309
test_01114,0.00095623
test_01115,0.11630271
test_01116,0.99739863
test_01117,0.61012924
test_01118,0.00233194
test_01119,0.00116870
test_01120,0.00253171
test_01121,0.99903156
test_01122,0.00036893
test_01123,0.99952227
test_01124,0.00726404
test_01125,0.99039321
test_01126,0.99984341
test_01127,0.00000100
test_01128,0.98630222
test_01129,0.27793172
test_01130,0.99992571
test_01131,0.99658731
test_01132,0.00283733
test_01133,0.07141840
test_01134,0.00341510
test_01135,0.99405353
test_01136,0.93519682
test_01137,0.99983561
test_01138,0.99748244
test_01139,0.00031758
test_01140,0.01797010
test_01141,0.99740494
test_01142,0.99996256
test_01143,0.99712908
test_01144,0.99993180
test_01145,0.93949544
test_01146,0.99816320
test_01147,0.00422943
test_01148,0.99371778
test_01149,0.00886115
test_01150,0.64823505
test_01151,0.00038415
test_01152,0.00613524
test_01153,0.99965366
test_01154,0.98283102
test_01155,0.05841289
test_01156,0.00162061
test_01157,0.00116324
test_01158,0.00823396
test_01159,0.00052861
test_01160,0.00002238
test_01161,0.00016400
test_01162,0.00218634
test_01163,0.99988500
test_01164,0.00017630
test_01165,0.00236013
test_01166,0.99983517
test_01167,0.99437416
test_01168,0.24006932
test_01169,0.02893838
test_01170,0.06352571
test_01171,0.99939353
test_01172,0.99999000
test_01173,0.02156629
test_01174,0.22126964
test_01175,0.00029706
test_01176,0.00056709
test_01177,0.23729799
test_01178,0.88948127
test_01179,0.00506292
test_01180,0.00105103
test_01181,0.00019998
test_01182,0.96751480
test_01183,0.99583929
test_01184,0.99980568
test_01185,0.00080911
test_01186,0.00336824
test_01187,0.00094055
test_01188,0.00002589
test_01189,0.00013489
test_01190,0.00010689
test_01191,0.11889463
test_01192,0.99137574
test_01193,0.02819261
test_01194,0.99937907
test_01195,0.99704091
test_01196,0.93228525
test_01197,0.90820648
test_01198,0.00586483
test_01199,0.00044586
test_01200,0.38624117
test_01201,0.00940878
test_01202,0.99927538
test_01203,0.99918022
test_01204,0.00420926
test_01205,0.00001449
test_01206,0.99699049
test_01207,0.00006330
test_01208,0.95908523
test_01209,0.24228398
test_01210,0.99971202
test_01211,0.99986586
test_01212,0.01683260
test_01213,0.99730286
test_01214,0.69204904
test_01215,0.00692626
test_01216,0.99771498
test_01217,0.00184467
test_01218,0.09448863
test_01219,0.00650103
test_01220,0.99987026
test_01221,0.99998817
test_01222,0.94209590
test_01223,0.99622441
test_01224,0.99956276
test_01225,0.99938152
test_01226,0.03317568
test_01227,0.99807184
test_01228,0.00091726
test_01229,0.99906618
test_01230,0.99901264
test_01231,0.98513710
test_01232,0.00060792
test_01233,0.99793346
test_01234,0.11555902
test_01235,0.99923182
test_01236,0.99820013
test_01237,0.00000632
test_01238,0.00012367
test_01239,0.99930451
test_01240,0.99996420
test_01241,0.99746674
test_01242,0.00243693
test_01243,0.00904281
test_01244,0.00001001
test_01245,0.99972540
test_01246,0.98391779
test_01247,0.99526376
test_01248,0.00253096
test_01249,0.99986540
test_01250,0.82214597
test_01251,0.89809129
test_01252,0.01218595
test_01253,0.00496199
test_01254,0.99562047
test_01255,0.99499983
test_01256,0.99998584
test_01257,0.13743935
test_01258,0.00003319
test_01259,0.00237344
test_01260,0.00076065
test_01261,0.98706486
test_01262,0.59388976
test_01263,0.93063102
test_01264,0.00176304
test_01265,0.99523787
test_01266,0.00417640
test_01267,0.00051901
test_01268,0.00481393
test_01269,0.99324605
test_01270,0.99750390
test_01271,0.00009174
test_01272,0.00002830
test_01273,0.01086479
test_01274,0.00759404
test_01275,0.99973011
test_01276,0.00048063
test_01277,0.01564072
test_01278,0.35627828
test_01279,0.00275256
test_01280,0.92123169
test_01281,0.71138409
test_01282,0.99998621
test_01283,0.99972023
test_01284,0.02581785
test_01285,0.51489903
test_01286,0.99532618
test_01287,0.99979811
test_01288,0.11758545
test_01289,0.99188812
test_01290,0.99963189
test_01291,0.00023505
test_01292,0.98891406
test_01293,0.05204381
test_01294,0.99268985
test_01295,0.99946981
test_01296,0.61545155
test_01297,0.98129833
test_01298,0.08374744
test_01299,0.99994258
test_01300,0.00040371
test_01301,0.99742256
test_01302,0.99899033
test_01303,0.00315918
test_01304,0.00043021
test_01305,0.00216474
test_01306,0.04806132
test_01307,0.99978084
test_01308,0.99994524
test_01309,0.00652217
test_01310,0.46132687
test_01311,0.00014145
test_01312,0.99979359
test_01313,0.98521533
test_01314,0.99870374
test_01315,0.00256424
test_01316,0.41576712
test_01317,0.99033276
test_01318,0.00076992
test_01319,0.00391254
test_01320,0.88481304
test_01321,0.00055304
test_01322,0.94388365
test_01323,0.99220228
test_01324,0.00117611
test_01325,0.99876197
test_01326,0.00069364
test_01327,0.99849252
test_01328,0.99764551
test_01329,0.99996712
test_01330,0.99900558
test_01331,0.00262434
test_01332,0.99404770
test_01333,0.99897078
test_01334,0.12317096
test_01335,0.98766517
test_01336,0.37631378
test_01337,0.99997999
test_01338,0.99953033
test_01339,0.92892759
test_01340,0.00066959
test_01341,0.96342436
test_01342,0.98535314
test_01343,0.93492546
test_01344,0.97952319
test_01345,0.98047044
test_01346,0.00026101
test_01347,0.99863944
test_01348,0.00040705
test_01349,0.00484043
test_01350,0.89392269
test_01351,0.99978761
test_01352,0.99924814
test_01353,0.00315077
test_01354,0.99902066
test_01355,0.97326563
test_01356,0.01618485
test_01357,0.00180411
test_01358,0.99997676
test_01359,0.07735173
test_01360,0.00008304
test_01361,0.99865959
test_01362,0.00038906
test_01363,0.99994875
test_01364,0.88435371
test_01365,0.08461735
test_01366,0.10108157
test_01367,0.99957180
test_01368,0.12609047
test_01369,0.02147719
test_01370,0.00046940
test_01371,0.00000775
test_01372,0.01080091
test_01373,0.99628412
test_01374,0.99279516
test_01375,0.00003978
test_01376,0.01105403
test_01377,0.00054116
test_01378,0.00133898
test_01379,0.00037526
test_01380,0.08557557
test_01381,0.00149686
test_01382,0.99790104
test_01383,0.99952880
test_01384,0.99998239
test_01385,0.99561017
test_01386,0.00120259
test_01387,0.02366914
test_01388,0.00072743
test_01389,0.01288691
test_01390,0.00021542
test_01391,0.07339836
test_01392,0.98731502
test_01393,0.99851854
test_01394,0.00014458
test_01395,0.99974649
test_01396,0.99991103
test_01397,0.86414994
test_01398,0.01114509
test_01399,0.00027602
test_01400,0.00915639
test_01401,0.00220931
test_01402,0.00250959
test_01403,0.71837143
test_01404,0.96681227
test_01405,0.96933171
test_01406,0.00307270
test_01407,0.99817096
test_01408,0.99999051
test_01409,0.99822220
test_01410,0.98297887
test_01411,0.01674343
test_01412,0.01417792
test_01413,0.01834366
test_01414,0.01080041
test_01415,0.93903386
test_01416,0.99045746
test_01417,0.00089784
test_01418,0.98025718
test_01419,0.02390705
test_01420,0.00008246
test_01421,0.00078545
test_01422,0.01091140
test_01423,0.85626691
test_01424,0.99999684
test_01425,0.99958045
test_01426,0.99387042
test_01427,0.00113747
test_01428,0.99887102
test_01429,0.99753845
test_01430,0.02048276
test_01431,0.00249050
test_01432,0.99915890
test_01433,0.98842907
test_01434,0.98175667
test_01435,0.00605002
test_01436,0.00080233
test_01437,0.01736667
test_01438,0.10829912
test_01439,0.98837165
test_01440,0.99110978
test_01441,0.01013111
test_01442,0.87730567
test_01443,0.01080500
test_01444,0.02147011
test_01445,0.99094640
test_01446,0.00072398
test_01447,0.93589747
test_01448,0.99731588
test_01449,0.78209682
test_01450,0.99989411
test_01451,0.08790292
test_01452,0.99988166
test_01453,0.99983517
test_01454,0.99923154
test_01455,0.99471547
test_01456,0.99937601
test_01457,0.99951227
test_01458,0.99991876
test_01459,0.99951438
test_01460,0.00003100
test_01461,0.00045694
test_01462,0.00884798
test_01463,0.99587916
test_01464,0.00094510
test_01465,0.94575052
test_01466,0.63517033
test_01467,0.99932139
test_01468,0.97599088
test_01469,0.00403102
test_01470,0.00134209
test_01471,0.80229104
test_01472,0.98574935
test_01473,0.00575137
test_01474,0.93448274
test_01475,0.00013429
test_01476,0.00642160
test_01477,0.99921952
test_01478,0.00737306
test_01479,0.99269661
test_01480,0.99989720
test_01481,0.99867724
test_01482,0.00111772
test_01483,0.99779148
test_01484,0.00008368
test_01485,0.99822091
test_01486,0.99949253
test_01487,0.09677998
test_01488,0.99982925
test_01489,0.04429408
test_01490,0.92843651
test_01491,0.00005393
test_01492,0.00022173
test_01493,0.02920949
test_01494,0.00216718
test_01495,0.00279228
test_01496,0.99092895
test_01497,0.84388650
test_01498,0.99894409
test_01499,0.01588812
test_01500,0.00244280
test_01501,0.52889139
test_01502,0.10290270
test_01503,0.79029912
test_01504,0.99966227
test_01505,0.05188661
test_01506,0.98237229
test_01507,0.98898023
test_01508,0.99939416
test_01509,0.99997297
test_01510,0.88477051
test_01511,0.99899918
test_01512,0.99974196
test_01513,0.99748236
test_01514,0.07643531
test_01515,0.97358498
test_01516,0.01933437
test_01517,0.06775401
test_01518,0.99986511
test_01519,0.99457180
test_01520,0.99990451
test_01521,0.91791442
test_01522,0.93277148
test_01523,0.25307087
test_01524,0.99797945
test_01525,0.96073840
test_01526,0.00004476
test_01527,0.99691343
test_01528,0.98662483
test_01529,0.00005823
test_01530,0.99897366
test_01531,0.02432338
test_01532,0.99855586
test_01533,0.99790860
test_01534,0.00212873
test_01535,0.00510708
test_01536,0.00033468
test_01537,0.99997570
test_01538,0.00342462
test_01539,0.99825403
test_01540,0.55026702
test_01541,0.98443490
test_01542,0.73067752
test_01543,0.99459429
test_01544,0.00043023
test_01545,0.99966021
test_01546,0.99990090
test_01547,0.96835555
test_01548,0.02414367
test_01549,0.07048710
test_01550,0.99785097
test_01551,0.00365093
test_01552,0.99518104
test_01553,0.99974174
test_01554,0.00073302
test_01555,0.80910819
test_01556,0.99907147
test_01557,0.99796104
test_01558,0.99948768
test_01559,0.01966783
test_01560,0.99136854
test_01561,0.00079075
test_01562,0.00013732
test_01563,0.99722817
test_01564,0.00000707
test_01565,0.56267330
test_01566,0.99908735
test_01567,0.00224100
test_01568,0.00281411
test_01569,0.00234698
test_01570,0.00001613
test_01571,0.99728821
test_01572,0.98685934
test_01573,0.95800383
test_01574,0.02186282
test_01575,0.00107922
test_01576,0.99702297
test_01577,0.01563810
test_01578,0.99800268
test_01579,0.98689542
test_01580,0.08212427
test_01581,0.99995306
test_01582,0.00004956
test_01583,0.00028081
test_01584,0.96131052
test_01585,0.41561128
test_01586,0.99983567
test_01587,0.99340701
test_01588,0.00116956
test_01589,0.07412459
test_01590,0.99810312
test_01591,0.99616698
test_01592,0.02991558
test_01593,0.00514282
test_01594,0.99819920
test_01595,0.99984426
test_01596,0.00005657
test_01597,0.28999497
test_01598,0.00623811
test_01599,0.97706823
test_01600,0.05523176
test_01601,0.99927340
test_01602,0.01537296
test_01603,0.99978055
test_01604,0.99954794
test_01605,0.11428379
test_01606,0.00122708
test_01607,0.99822611
test_01608,0.98841191
test_01609,0.96848500
test_01610,0.99730159
test_01611,0.00029031
test_01612,0.99682576
test_01613,0.04668062
test_01614,0.01720958
test_01615,0.93686177
test_01616,0.00082266
test_01617,0.94184725
test_01618,0.99909922
test_01619,0.00150773
test_01620,0.00004002
test_01621,0.00265958
test_01622,0.99942588
test_01623,0.95696837
test_01624,0.70769147
test_01625,0.95836629
test_01626,0.99732217
test_01627,0.99920827
test_01628,0.00784463
test_01629,0.99492108
test_01630,0.99810871
test_01631,0.99856887
test_01632,0.00002452
test_01633,0.99689905
test_01634,0.00083514
test_01635,0.98346934
test_01636,0.99313009
test_01637,0.00359933
test_01638,0.76230298
test_01639,0.55165960
test_01640,0.00018707
test_01641,0.01442441
test_01642,0.50432232
test_01643,0.29155078
test_01644,0.99391984
test_01645,0.99279545
test_01646,0.11084488
test_01647,0.99622415
test_01648,0.99967116
test_01649,0.02201481
test_01650,0.01115992
test_01651,0.01683244
test_01652,0.99832750
test_01653,0.00140619
test_01654,0.90492321
test_01655,0.99990223
test_01656,0.97759761
test_01657,0.00040147
test_01658,0.00917096
test_01659,0.00489299
test_01660,0.99788968
test_01661,0.00217920
test_01662,0.99072982
test_01663,0.00062380
test_01664,0.00028259
test_01665,0.99903188
test_01666,0.00157743
test_01667,0.00003466
test_01668,0.99446488
test_01669,0.00022257
test_01670,0.99318843
test_01671,0.98765274
test_01672,0.99787261
test_01673,0.04580036
test_01674,0.00874690
test_01675,0.00436125
test_01676,0.99984879
test_01677,0.80286014
test_01678,0.99908845
test_01679,0.91705600
test_01680,0.00004065
test_01681,0.99965001
test_01682,0.99970336
test_01683,0.45778984
test_01684,0.99761364
test_01685,0.99899558
test_01686,0.99913103
test_01687,0.98227749
test_01688,0.00173967
test_01689,0.01925910
test_01690,0.99996835
test_01691,0.00376084
test_01692,0.02424455
test_01693,0.00768672
test_01694,0.00002703
test_01695,0.04607930
test_01696,0.82028002
test_01697,0.98548441
test_01698,0.99336447
test_01699,0.00035511
test_01700,0.99978461
test_01701,0.02190418
test_01702,0.00017435
test_01703,0.99967605
test_01704,0.00005145
test_01705,0.13327364
test_01706,0.99459873
test_01707,0.88422620
test_01708,0.98484832
test_01709,0.97997573
test_01710,0.99443007
test_01711,0.00029697
test_01712,0.00906059
test_01713,0.04439375
test_01714,0.00718739
test_01715,0.99541207
test_01716,0.99974220
test_01717,0.99985424
test_01718,0.00166116
test_01719,0.00010922
test_01720,0.99299703
test_01721,0.00073561
test_01722,0.99922555
test_01723,0.01752089
test_01724,0.00046870
test_01725,0.01338295
test_01726,0.00131047
test_01727,0.99874627
test_01728,0.04206750
test_01729,0.99838245
test_01730,0.01332190
test_01731,0.01257304
test_01732,0.00390525
test_01733,0.99838482
test_01734,0.99853737
test_01735,0.99879770
test_01736,0.99646387
test_01737,0.99994711
test_01738,0.98910394
test_01739,0.77564160
test_01740,0.39217856
test_01741,0.00006325
test_01742,0.00016750
test_01743,0.99949245
test_01744,0.94619948
test_01745,0.00105521
test_01746,0.04023399
test_01747,0.99063658
test_01748,0.13156182
test_01749,0.75540069
test_01750,0.99203000
test_01751,0.25677504
test_01752,0.03815253
test_01753,0.87261879
test_01754,0.00748257
test_01755,0.94608205
test_01756,0.94840299
test_01757,0.99574372
test_01758,0.01422581
test_01759,0.00485313
test_01760,0.99903890
test_01761,0.02541087
test_01762,0.00319093
test_01763,0.00052338
test_01764,0.99863501
test_01765,0.99912567
test_01766,0.00299584
test_01767,0.00055623
test_01768,0.00180403
test_01769,0.96446495
test_01770,0.98550387
test_01771,0.00141930
test_01772,0.05644459
test_01773,0.99974383
test_01774,0.99776853
test_01775,0.99259871
test_01776,0.99911877
test_01777,0.96540368
test_01778,0.99995766
test_01779,0.05218198
test_01780,0.00248526
test_01781,0.99993521
test_01782,0.00025921
test_01783,0.99491939
test_01784,0.94755539
test_01785,0.99654681
test_01786,0.82937140
test_01787,0.16448774
test_01788,0.99846051
test_01789,0.63048690
test_01790,0.00106464
test_01791,0.89966378
test_01792,0.35835382
test_01793,0.00176928
test_01794,0.96966252
test_01795,0.00005261
test_01796,0.00102209
test_01797,0.05725775
test_01798,0.94403269
test_01799,0.31867852
test_01800,0.87797846
test_01801,0.99983488
test_01802,0.01293999
test_01803,0.99975400
test_01804,0.99966015
test_01805,0.00072066
test_01806,0.31482619
test_01807,0.99968599
test_01808,0.99998211
test_01809,0.99979895
test_01810,0.96065908
test_01811,0.99978194
test_01812,0.99960732
test_01813,0.02152505
test_01814,0.00021361
test_01815,0.99825385
test_01816,0.32092030
test_01817,0.00013686
test_01818,0.98287592
test_01819,0.90231890
test_01820,0.00447844
test_01821,0.99799613
test_01822,0.10317034
test_01823,0.00200050
test_01824,0.97761338
test_01825,0.00500205
test_01826,0.98526624
test_01827,0.00036270
test_01828,0.99984098
test_01829,0.00235971
test_01830,0.99995695
test_01831,0.00032234
test_01832,0.00089415
test_01833,0.00003165
test_01834,0.86758106
test_01835,0.19778150
test_01836,0.00119276
test_01837,0.99991956
test_01838,0.00163993
test_01839,0.99967328
test_01840,0.00117341
test_01841,0.95440646
test_01842,0.65959154
test_01843,0.00003164
test_01844,0.99371778
test_01845,0.42928745
test_01846,0.99964786
test_01847,0.99859215
test_01848,0.00001304
test_01849,0.99823213
test_01850,0.99816949
test_01851,0.99055112
test_01852,0.00014587
test_01853,0.00012145
test_01854,0.00039022
test_01855,0.00053165
test_01856,0.99959288
test_01857,0.00004242
test_01858,0.99888551
test_01859,0.99325080
test_01860,0.99843519
test_01861,0.00564399
test_01862,0.04454330
test_01863,0.99836894
test_01864,0.00023241
test_01865,0.99946193
test_01866,0.01474369
test_01867,0.00062143
test_01868,0.02762177
test_01869,0.99724493
test_01870,0.00000949
test_01871,0.99825842
test_01872,0.03954600
test_01873,0.95142984
test_01874,0.02791870
test_01875,0.00007173
test_01876,0.99565119
test_01877,0.99975729
test_01878,0.00302258
test_01879,0.99740757
test_01880,0.99707468
test_01881,0.89289230
test_01882,0.00192946
test_01883,0.10317422
test_01884,0.00044901
test_01885,0.00740407
test_01886,0.00058056
test_01887,0.93621307
test_01888,0.02223603
test_01889,0.00163250
test_01890,0.99991593
test_01891,0.02090988
test_01892,0.00127790
test_01893,0.99773734
test_01894,0.01499669
test_01895,0.01681924
test_01896,0.99825763
test_01897,0.00183727
test_01898,0.96104368
test_01899,0.01956439
test_01900,0.97524306
test_01901,0.00504411
test_01902,0.99999051
test_01903,0.00062480
test_01904,0.01556793
test_01905,0.99950697
test_01906,0.07115720
test_01907,0.99590646
test_01908,0.99084294
test_01909,0.00355191
test_01910,0.00076062
test_01911,0.00006305
test_01912,0.99917852
test_01913,0.02624695
test_01914,0.99986327
test_01915,0.69209212
test_01916,0.99984311
test_01917,0.99981024
test_01918,0.99866088
test_01919,0.14771619
test_01920,0.99982338
test_01921,0.00633093
test_01922,0.99687811
test_01923,0.80267027
test_01924,0.00518860
test_01925,0.99781213
test_01926,0.00887509
test_01927,0.98721285
test_01928,0.88870369
test_01929,0.99972035
test_01930,0.99219338
test_01931,0.00103581
test_01932,0.99999163
test_01933,0.17276557
test_01934,0.94550794
test_01935,0.01044503
test_01936,0.00089168
test_01937,0.99981444
test_01938,0.02720083
test_01939,0.99055380
test_01940,0.00000316
test_01941,0.99891052
test_01942,0.96727943
test_01943,0.01575505
test_01944,0.99297741
test_01945,0.00022813
test_01946,0.76912381
test_01947,0.00974950
test_01948,0.03088797
test_01949,0.01017956
test_01950,0.97541077
test_01951,0.00205616
test_01952,0.99007000
test_01953,0.00013226
test_01954,0.99966801
test_01955,0.12803770
test_01956,0.99988073
test_01957,0.99951247
test_01958,0.01172147
test_01959,0.00028242
test_01960,0.99941455
test_01961,0.94139272
test_01962,0.00018158
test_01963,0.00391459
test_01964,0.00002409
test_01965,0.95555245
test_01966,0.00003784
test_01967,0.00029447
test_01968,0.95766765
test_01969,0.00054919
test_01970,0.00392560
test_01971,0.99842489
test_01972,0.99946461
test_01973,0.01507950
test_01974,0.07762597
test_01975,0.96560092
test_01976,0.99992192
test_01977,0.00189112
test_01978,0.99738267
test_01979,0.00083896
test_01980,0.00125121
test_01981,0.00372457
test_01982,0.00023793
test_01983,0.07899942
test_01984,0.95276950
test_01985,0.99941966
test_01986,0.94466267
test_01987,0.00071261
test_01988,0.00060362
test_01989,0.87281006
test_01990,0.00057687
test_01991,0.99927755
test_01992,0.01770252
test_01993,0.95461060
test_01994,0.00638969
test_01995,0.99824648
test_01996,0.96795387
test_01997,0.99711894
test_01998,0.00716781
test_01999,0.23082290
test_02000,0.99801544
test_02001,0.06989570
test_02002,0.00025811
test_02003,0.98944315
test_02004,0.00042001
test_02005,0.98591517
test_02006,0.01551541
test_02007,0.07316031
test_02008,0.59161171
test_02009,0.99442741
test_02010,0.99937788
test_02011,0.99965516
test_02012,0.97947620
test_02013,0.99923789
test_02014,0.00010197
test_02015,0.00812612
test_02016,0.99953051
test_02017,0.00756024
test_02018,0.99692907
test_02019,0.98457869
test_02020,0.99099434
test_02021,0.99871414
test_02022,0.04758165
test_02023,0.00333079
test_02024,0.00158780
test_02025,0.99760878
test_02026,0.99679047
test_02027,0.08453046
test_02028,0.99999163
test_02029,0.92809453
test_02030,0.99630072
test_02031,0.91953729
test_02032,0.00067723
test_02033,0.00006313
test_02034,0.00166169
test_02035,0.97796120
test_02036,0.00595892
test_02037,0.00041130
test_02038,0.99913555
test_02039,0.99833488
test_02040,0.99373273
test_02041,0.99988896
test_02042,0.14155736
test_02043,0.11802181
test_02044,0.00470015
test_02045,0.97236687
test_02046,0.00098207
test_02047,0.00091310
test_02048,0.99780781
test_02049,0.00405883
test_02050,0.99521831
test_02051,0.98848713
test_02052,0.00446990
test_02053,0.99965261
test_02054,0.85963949
test_02055,0.99796223
test_02056,0.99944018
test_02057,0.99894688
test_02058,0.77786873
test_02059,0.99938844
test_02060,0.99851405
test_02061,0.99905230
test_02062,0.00012463
test_02063,0.00043764
test_02064,0.99935941
test_02065,0.99875482
test_02066,0.99918758
test_02067,0.00339829
test_02068,0.04163739
test_02069,0.91092753
test_02070,0.00124649
test_02071,0.04554550
test_02072,0.99935335
test_02073,0.00536861
test_02074,0.99904494
test_02075,0.95349870
test_02076,0.26381770
test_02077,0.00628178
test_02078,0.99997242
test_02079,0.02824044
test_02080,0.99996743
test_02081,0.00018551
test_02082,0.78411850
test_02083,0.00110365
test_02084,0.00502939
test_02085,0.03731216
test_02086,0.00116924
test_02087,0.00002531
test_02088,0.00101702
test_02089,0.00129506
test_02090,0.03067148
test_02091,0.09849876
test_02092,0.00326063
test_02093,0.00002450
test_02094,0.99993353
test_02095,0.00646636
test_02096,0.00549334
test_02097,0.00007904
test_02098,0.98430968
test_02099,0.99926944
test_02100,0.99996296
test_02101,0.98664695
test_02102,0.96116293
test_02103,0.00101775
test_02104,0.05192228
test_02105,0.99403439
test_02106,0.99998696
test_02107,0.00005389
test_02108,0.00008592
test_02109,0.00571315
test_02110,0.98982828
test_02111,0.00014403
test_02112,0.92081542
test_02113,0.99978684
test_02114,0.99884942
test_02115,0.03193593
test_02116,0.93281621
test_02117,0.04010234
test_02118,0.00058633
test_02119,0.99991004
test_02120,0.00116619
test_02121,0.99631122
test_02122,0.00016613
test_02123,0.00649574
test_02124,0.00349897
test_02125,0.99976367
test_02126,0.01625377
test_02127,0.00179242
test_02128,0.05110662
test_02129,0.99745397
test_02130,0.99733007
test_02131,0.99177126
test_02132,0.99870384
test_02133,0.98837687
test_02134,0.00008006
test_02135,0.99880726
test_02136,0.93963984
test_02137,0.95385927
test_02138,0.83034531
test_02139,0.99965084
test_02140,0.00555646
test_02141,0.99905772
test_02142,0.99999552
test_02143,0.00077611
test_02144,0.93063217
test_02145,0.02823720
test_02146,0.00733853
test_02147,0.54845301
test_02148,0.97018383
test_02149,0.00334495
test_02150,0.99766727
test_02151,0.00156860
test_02152,0.00358357
test_02153,0.99817642
test_02154,0.93321131
test_02155,0.99994805
test_02156,0.58580828
test_02157,0.00131162
test_02158,0.01200061
test_02159,0.98165495
test_02160,0.96576417
test_02161,0.85752209
test_02162,0.99949698
test_02163,0.00017669
test_02164,0.00016123
test_02165,0.04026825
test_02166,0.06622102
test_02167,0.67079828
test_02168,0.00057270
test_02169,0.00122670
test_02170,0.99798576
test_02171,0.00052896
test_02172,0.95850051
test_02173,0.00754717
test_02174,0.58686959
test_02175,0.98649850
test_02176,0.00291389
test_02177,0.99035249
test_02178,0.45923846
test_02179,0.99811983
test_02180,0.99998183
test_02181,0.99617725
test_02182,0.00278413
test_02183,0.00384431
test_02184,0.20147117
test_02185,0.99936752
test_02186,0.00009337
test_02187,0.96984488
test_02188,0.10642604
test_02189,0.99491407
test_02190,0.99986943
test_02191,0.99898058
test_02192,0.00268228
test_02193,0.00110733
test_02194,0.99986034
test_02195,0.99623555
test_02196,0.00166443
test_02197,0.99710406
test_02198,0.00082782
test_02199,0.52661476
test_02200,0.79070405
test_02201,0.11020604
test_02202,0.00026578
test_02203,0.00330028
test_02204,0.00450282
test_02205,0.00087848
test_02206,0.99934878
test_02207,0.00185560
test_02208,0.99701233
test_02209,0.93513625
test_02210,0.00619476
test_02211,0.99606928
test_02212,0.00164363
test_02213,0.99998905
test_02214,0.99188501
test_02215,0.00020662
test_02216,0.00715541
test_02217,0.00013841
test_02218,0.99926347
test_02219,0.01497955
test_02220,0.00608694
test_02221,0.00265043
test_02222,0.99886943
test_02223,0.11372189
test_02224,0.99890916
test_02225,0.00311893
test_02226,0.12592681
test_02227,0.05330568
test_02228,0.99980504
test_02229,0.99987299
test_02230,0.97297818
test_02231,0.17694952
test_02232,0.96944060
test_02233,0.99932766
test_02234,0.00003164
test_02235,0.75604373
test_02236,0.46403858
test_02237,0.99954991
test_02238,0.00164484
test_02239,0.99146200
test_02240,0.99938798
test_02241,0.99935053
test_02242,0.00157635
test_02243,0.00377896
test_02244,0.99633449
test_02245,0.00590214
test_02246,0.99929779
test_02247,0.99808457
test_02248,0.95209363
test_02249,0.99962609
test_02250,0.99840418
test_02251,0.00491417
test_02252,0.98605880
test_02253,0.99991396
test_02254,0.00635764
test_02255,0.97443691
test_02256,0.01184070
test_02257,0.99430948
test_02258,0.03716576
test_02259,0.99738545
test_02260,0.05982467
test_02261,0.00070439
test_02262,0.00328182
test_02263,0.99993995
test_02264,0.10153335
test_02265,0.99951646
test_02266,0.99776161
test_02267,0.01287335
test_02268,0.00056853
test_02269,0.99986342
test_02270,0.99999684
test_02271,0.24961370
test_02272,0.00738876
test_02273,0.04320907
test_02274,0.99316486
test_02275,0.99974248
test_02276,0.99644129
test_02277,0.99923838
test_02278,0.99896154
test_02279,0.99913398
test_02280,0.00124323
test_02281,0.99623329
test_02282,0.00386942
test_02283,0.22281494
test_02284,0.00035378
test_02285,0.98701542
test_02286,0.00011154
test_02287,0.00050398
test_02288,0.00654554
test_02289,0.00011970
test_02290,0.49093673
test_02291,0.00355382
test_02292,0.00268375
test_02293,0.00146796
test_02294,0.99993671
test_02295,0.93798949
test_02296,0.99995100
test_02297,0.99893550
test_02298,0.99976363
test_02299,0.99828745
test_02300,0.00033827
test_02301,0.67014719
test_02302,0.98321716
test_02303,0.99348924
test_02304,0.00006959
test_02305,0.99988628
test_02306,0.99918113
test_02307,0.06971754
test_02308,0.00039391
test_02309,0.00035101
test_02310,0.99971896
test_02311,0.99248481
test_02312,0.25067121
test_02313,0.96346299
test_02314,0.00360264
test_02315,0.99848806
test_02316,0.99576960
test_02317,0.00044404
test_02318,0.99901136
test_02319,0.99997032
test_02320,0.36538263
test_02321,0.96638858
test_02322,0.99958149
test_02323,0.00758745
test_02324,0.99952299
test_02325,0.83902055
test_02326,0.00061766
test_02327,0.73376130
test_02328,0.01817816
test_02329,0.00038480
test_02330,0.00007788
test_02331,0.00036436
test_02332,0.00034291
test_02333,0.01377711
test_02334,0.80366057
test_02335,0.99839100
test_02336,0.99971734
test_02337,0.06389445
test_02338,0.30076989
test_02339,0.99768028
test_02340,0.99947716
test_02341,0.89568311
test_02342,0.00447040
test_02343,0.99989511
test_02344,0.00026080
test_02345,0.00026496
test_02346,0.99936183
test_02347,0.95970301
test_02348,0.19308826
test_02349,0.99935473
test_02350,0.00039621
test_02351,0.00001613
test_02352,0.00088781
test_02353,0.00153336
test_02354,0.99714106
test_02355,0.99837756
test_02356,0.99904374
test_02357,0.00093998
test_02358,0.00124668
test_02359,0.98602419
test_02360,0.61133428
test_02361,0.93441383
test_02362,0.45136806
test_02363,0.78340777
test_02364,0.99887920
test_02365,0.99996310
test_02366,0.00174868
test_02367,0.98187069
test_02368,0.00048378
test_02369,0.00026383
test_02370,0.99916986
test_02371,0.99604081
test_02372,0.00164514
test_02373,0.01935950
test_02374,0.99872823
test_02375,0.98136109
test_02376,0.51028291
test_02377,0.71325522
test_02378,0.98817079
test_02379,0.00128917
test_02380,0.98131491
test_02381,0.99976547
test_02382,0.99856197
test_02383,0.01969438
test_02384,0.00046868
test_02385,0.61649733
test_02386,0.00014265
test_02387,0.99901713
test_02388,0.00344257
test_02389,0.00046090
test_02390,0.99884973
test_02391,0.00575027
test_02392,0.93059741
test_02393,0.00032590
test_02394,0.00006594
test_02395,0.99998658
test_02396,0.00089670
test_02397,0.99437822
test_02398,0.99963043
test_02399,0.00270710
test_02400,0.99998951
test_02401,0.99945740
test_02402,0.99986644
test_02403,0.18531561
test_02404,0.99981469
test_02405,0.94857918
test_02406,0.01638913
test_02407,0.99968743
test_02408,0.09416360
test_02409,0.11657993
test_02410,0.00018190
test_02411,0.99518266
test_02412,0.98891083
test_02413,0.99922684
test_02414,0.99959381
test_02415,0.99931095
test_02416,0.00365826
test_02417,0.88579244
test_02418,0.09351051
test_02419,0.00462869
test_02420,0.00017493
test_02421,0.99983752
test_02422,0.00607753
test_02423,0.99872048
test_02424,0.00012488
test_02425,0.00004706
test_02426,0.99997224
test_02427,0.99923939
test_02428,0.00024445
test_02429,0.01483614
test_02430,0.98950897
test_02431,0.03106811
test_02432,0.24524012
test_02433,0.96144533
test_02434,0.99988316
test_02435,0.71963903
test_02436,0.04501570
test_02437,0.97753108
test_02438,0.99230096
test_02439,0.99920410
test_02440,0.99997902
test_02441,0.99921986
test_02442,0.00411272
test_02443,0.99987777
test_02444,0.37832150
test_02445,0.05053324
test_02446,0.00064319
test_02447,0.99980337
test_02448,0.99976044
test_02449,0.00421891
test_02450,0.99756603
test_02451,0.99892974
test_02452,0.00103400
test_02453,0.59878378
test_02454,0.98518882
test_02455,0.00020543
test_02456,0.00006788
test_02457,0.00431562
test_02458,0.00038502
test_02459,0.00716616
test_02460,0.99457134
test_02461,0.99978658
test_02462,0.99938204
test_02463,0.06043828
test_02464,0.99844538
test_02465,0.00068912
test_02466,0.02065051
test_02467,0.00446321
test_02468,0.99677029
test_02469,0.00123786
test_02470,0.99977023
test_02471,0.99992940
test_02472,0.00004905
test_02473,0.97343902
test_02474,0.00055234
test_02475,0.02023646
test_02476,0.00048768
test_02477,0.40311097
test_02478,0.99880147
test_02479,0.99560473
test_02480,0.99415908
test_02481,0.99867697
test_02482,0.71062493
test_02483,0.00112480
test_02484,0.03990417
test_02485,0.00153029
test_02486,0.99536677
test_02487,0.95248169
test_02488,0.00187689
test_02489,0.99994895
test_02490,0.99804821
test_02491,0.01956152
test_02492,0.09771884
test_02493,0.00023248
test_02494,0.99905323
test_02495,0.00025270
test_02496,0.98877025
test_02497,0.94332956
test_02498,0.99905409
test_02499,0.74364548
test_02500,0.99794628
test_02501,0.00007834
test_02502,0.02415208
test_02503,0.99792291
test_02504,0.96023308
test_02505,0.00038097
test_02506,0.00076993
test_02507,0.99442539
test_02508,0.00020939
test_02509,0.98731857
test_02510,0.00183222
test_02511,0.99607207
test_02512,0.99872684
test_02513,0.99986425
test_02514,0.00345926
test_02515,0.99997170
test_02516,0.99324915
test_02517,0.03489599
test_02518,0.00001379
test_02519,0.93833329
test_02520,0.00040517
test_02521,0.02073361
test_02522,0.99923117
test_02523,0.00159978
test_02524,0.97975012
test_02525,0.99979723
test_02526,0.00132872
test_02527,0.05727655
test_02528,0.73890346
test_02529,0.97594018
test_02530,0.99397782
test_02531,0.99967352
test_02532,0.00394545
test_02533,0.98207531
test_02534,0.00761959
test_02535,0.97052804
test_02536,0.99918228
test_02537,0.77869275
test_02538,0.00731718
test_02539,0.99998951
test_02540,0.00226798
test_02541,0.00583504
test_02542,0.99933755
test_02543,0.89394779
test_02544,0.99807119
test_02545,0.95513641
test_02546,0.00403084
test_02547,0.99918610
test_02548,0.32970830
test_02549,0.99929759
test_02550,0.99999552
test_02551,0.00870904
test_02552,0.97796734
test_02553,0.99882415
test_02554,0.90435783
test_02555,0.08567631
test_02556,0.23176517
test_02557,0.97624332
test_02558,0.99845592
test_02559,0.00017707
test_02560,0.00039950
test_02561,0.99990294
test_02562,0.53146606
test_02563,0.98396801
test_02564,0.97836226
test_02565,0.96628390
test_02566,0.83508952
test_02567,0.19730155
test_02568,0.00326695
test_02569,0.01225054
test_02570,0.98953042
test_02571,0.00518367
test_02572,0.16990831
test_02573,0.01947421
test_02574,0.10550454
test_02575,0.03731218
test_02576,0.97747661
test_02577,0.56871174
test_02578,0.96845735
test_02579,0.00149973
test_02580,0.13129916
test_02581,0.65824904
test_02582,0.00654616
test_02583,0.39679830
test_02584,0.99982835
test_02585,0.00179431
test_02586,0.90867092
test_02587,0.00261363
test_02588,0.00202767
test_02589,0.01173361
test_02590,0.98365718
test_02591,0.99928649
test_02592,0.98991993
test_02593,0.99098677
test_02594,0.99998584
test_02595,0.99837434
test_02596,0.00674449
test_02597,0.99979087
test_02598,0.97529605
test_02599,0.04189457
test_02600,0.99060074
test_02601,0.00801543
test_02602,0.02751875
test_02603,0.00031007
test_02604,0.00003165
test_02605,0.03749900
test_02606,0.99309118
test_02607,0.99942645
test_02608,0.85522170
test_02609,0.99998156
test_02610,0.00007557
test_02611,0.99730110
test_02612,0.01666731
test_02613,0.00044016
test_02614,0.00090335
test_02615,0.00000632
test_02616,0.34236382
test_02617,0.98661322
test_02618,0.14105459
test_02619,0.99667641
test_02620,0.00004431
test_02621,0.99850245
test_02622,0.07115526
test_02623,0.38807799
test_02624,0.99919096
test_02625,0.01001311
test_02626,0.99990192
test_02627,0.99912789
test_02628,0.00017151
test_02629,0.00236518
test_02630,0.99945008
test_02631,0.00028850
test_02632,0.00951470
test_02633,0.99402573
test_02634,0.00068332
test_02635,0.00886185
test_02636,0.05023232
test_02637,0.99987783
test_02638,0.99002073
test_02639,0.36747574
test_02640,0.99996163
test_02641,0.99963314
test_02642,0.00851774
test_02643,0.99745619
test_02644,0.00009813
test_02645,0.04452610
test_02646,0.00158698
test_02647,0.00360721
test_02648,0.00035748
test_02649,0.99880695
test_02650,0.02320397
test_02651,0.96678013
test_02652,0.00725014
test_02653,0.94565981
test_02654,0.96274567
test_02655,0.01137831
test_02656,0.13019044
test_02657,0.00140931
test_02658,0.99426807
test_02659,0.99957756
test_02660,0.25216675
test_02661,0.99975393
test_02662,0.99993995
test_02663,0.00021833
test_02664,0.99343098
test_02665,0.99660498
test_02666,0.99208673
test_02667,0.82464697
test_02668,0.99877892
test_02669,0.02516403
test_02670,0.31484320
test_02671,0.00363450
test_02672,0.99860646
test_02673,0.99980356
test_02674,0.57381763
test_02675,0.63038898
test_02676,0.99983839
test_02677,0.01615814
test_02678,0.99949528
test_02679,0.99852275
test_02680,0.01380919
test_02681,0.21547632
test_02682,0.00747922
test_02683,0.99959795
test_02684,0.00162931
test_02685,0.28754427
test_02686,0.99840470
test_02687,0.35211178
test_02688,0.99935882
test_02689,0.99925813
test_02690,0.19359316
test_02691,0.02160551
test_02692,0.99995326
test_02693,0.04293802
test_02694,0.89192235
test_02695,0.96032693
test_02696,0.94650146
test_02697,0.00459409
test_02698,0.00190885
test_02699,0.99386523
test_02700,0.00169694
test_02701,0.00133779
test_02702,0.41144854
test_02703,0.00028462
test_02704,0.00960853
test_02705,0.98242876
test_02706,0.00275448
test_02707,0.99853596
test_02708,0.99800509
test_02709,0.99538484
test_02710,0.99948698
test_02711,0.01408861
test_02712,0.99852057
test_02713,0.00610519
test_02714,0.00021190
test_02715,0.99860119
test_02716,0.65812326
test_02717,0.76763411
test_02718,0.00408361
test_02719,0.95627341
test_02720,0.00004925
test_02721,0.00021497
test_02722,0.00558031
test_02723,0.99997762
test_02724,0.57619354
test_02725,0.04841342
test_02726,0.96838278
test_02727,0.04866931
test_02728,0.00205822
test_02729,0.00615050
test_02730,0.99956089
test_02731,0.03059294
test_02732,0.99817291
test_02733,0.99402255
test_02734,0.00010680
test_02735,0.99998999
test_02736,0.31715505
test_02737,0.99975567
test_02738,0.90870320
test_02739,0.99103497
test_02740,0.99983386
test_02741,0.05682172
test_02742,0.57160017
test_02743,0.02842783
test_02744,0.00589355
test_02745,0.99970647
test_02746,0.11628332
test_02747,0.00495978
test_02748,0.00066997
test_02749,0.99409552
test_02750,0.99897645
test_02751,0.79678729
test_02752,0.99717932
test_02753,0.99927291
test_02754,0.00277432
test_02755,0.98625017
test_02756,0.99010793
test_02757,0.00496891
test_02758,0.07260047
test_02759,0.98433738
test_02760,0.00098556
test_02761,0.99954188
test_02762,0.00272609
test_02763,0.00691015
test_02764,0.96370579
test_02765,0.05559752
test_02766,0.30745423
test_02767,0.00134266
test_02768,0.21416596
test_02769,0.00156620
test_02770,0.00706521
test_02771,0.99760188
test_02772,0.96244937
test_02773,0.02901186
test_02774,0.99370363
test_02775,0.83196415
test_02776,0.99940429
test_02777,0.99932993
test_02778,0.00917738
test_02779,0.00403626
test_02780,0.92927860
test_02781,0.96261589
test_02782,0.35495715
test_02783,0.00000316
test_02784,0.05896118
test_02785,0.99876828
test_02786,0.00049209
test_02787,0.00016069
test_02788,0.97873477
test_02789,0.00133477
test_02790,0.00225035
test_02791,0.00864665
test_02792,0.02395007
test_02793,0.00235778
test_02794,0.00209760
test_02795,0.99814105
test_02796,0.99019630
test_02797,0.00113158
test_02798,0.99811538
test_02799,0.11362256
test_02800,0.02154117
test_02801,0.01442270
test_02802,0.00005195
test_02803,0.00115077
test_02804,0.02149751
test_02805,0.00100175
test_02806,0.99999051
test_02807,0.00036956
test_02808,0.18109880
test_02809,0.09160556
test_02810,0.00047127
test_02811,0.00021254
test_02812,0.52282073
test_02813,0.77876389
test_02814,0.99877963
test_02815,0.00154107
test_02816,0.21726030
test_02817,0.01353533
test_02818,0.01240267
test_02819,0.98803599
test_02820,0.00032000
test_02821,0.99761977
test_02822,0.98595833
test_02823,0.99463795
test_02824,0.00176792
test_02825,0.99999000
test_02826,0.99890728
test_02827,0.96308592
test_02828,0.99975416
test_02829,0.99976494
test_02830,0.99772476
test_02831,0.99782873
test_02832,0.09888069
test_02833,0.00550084
test_02834,0.95101251
test_02835,0.00027168
test_02836,0.99998584
test_02837,0.99676016
test_02838,0.00053436
test_02839,0.99218459
test_02840,0.98766546
test_02841,0.99814979
test_02842,0.98879510
test_02843,0.02339729
test_02844,0.00353278
test_02845,0.00020001
test_02846,0.99917201
test_02847,0.99964579
test_02848,0.00279110
test_02849,0.31527808
test_02850,0.00002452
test_02851,0.99999368
test_02852,0.00040251
test_02853,0.01294621
test_02854,0.22181772
test_02855,0.99838883
test_02856,0.00608077
test_02857,0.99823686
test_02858,0.99838842
test_02859,0.99999684
test_02860,0.87161404
test_02861,0.99303243
test_02862,0.03572359
test_02863,0.23910878
test_02864,0.17125190
test_02865,0.99995754
test_02866,0.99902126
test_02867,0.99717668
test_02868,0.00104211
test_02869,0.99652256
test_02870,0.97314533
test_02871,0.99167692
test_02872,0.00205157
test_02873,0.99999684
test_02874,0.99474604
test_02875,0.99929557
test_02876,0.99984896
test_02877,0.01892687
test_02878,0.00222819
test_02879,0.00148824
test_02880,0.99995097
test_02881,0.01057214
test_02882,0.00392750
test_02883,0.99839857
test_02884,0.16937486
test_02885,0.99340603
test_02886,0.00082341
test_02887,0.00018058
test_02888,0.00566653
test_02889,0.00166955
test_02890,0.00264275
test_02891,0.00035637
test_02892,0.09061873
test_02893,0.00011914
test_02894,0.06183085
test_02895,0.01191281
test_02896,0.99242288
test_02897,0.14523572
test_02898,0.97212751
test_02899,0.30253972
test_02900,0.99991556
test_02901,0.99985544
test_02902,0.00155443
test_02903,0.00057493
test_02904,0.95258722
test_02905,0.97668871
test_02906,0.99904998
test_02907,0.98716088
test_02908,0.99545032
test_02909,0.11882350
test_02910,0.00061891
test_02911,0.00072812
test_02912,0.99997170
test_02913,0.00038370
test_02914,0.97491029
test_02915,0.99449578
test_02916,0.99956845
test_02917,0.00713850
test_02918,0.00352549
test_02919,0.00396526
test_02920,0.00339028
test_02921,0.61414697
test_02922,0.99898909
test_02923,0.00114068
test_02924,0.00036169
test_02925,0.00139801
test_02926,0.99906413
test_02927,0.93497180
test_02928,0.74178246
test_02929,0.00043311
test_02930,0.99996681
test_02931,0.98094434
test_02932,0.98317939
test_02933,0.00396260
test_02934,0.51417570
test_02935,0.98755656
test_02936,0.99892137
test_02937,0.01479941
test_02938,0.92464033
test_02939,0.99933717
test_02940,0.15629236
test_02941,0.99672851
test_02942,0.00009641
test_02943,0.97239343
test_02944,0.00001581
test_02945,0.98019042
test_02946,0.02432101
test_02947,0.38618059
test_02948,0.00013949
test_02949,0.99877584
test_02950,0.02111374
test_02951,0.21848721
test_02952,0.99981021
test_02953,0.99878554
test_02954,0.99998658
test_02955,0.01022764
test_02956,0.00023366
test_02957,0.00048124
test_02958,0.99565890
test_02959,0.00072173
test_02960,0.33334092
test_02961,0.00105007
test_02962,0.96609883
test_02963,0.00179197
test_02964,0.42432812
test_02965,0.00017548
test_02966,0.00113577
test_02967,0.00121174
test_02968,0.99826815
test_02969,0.99810794
test_02970,0.96214500
test_02971,0.99769140
test_02972,0.99998860
test_02973,0.02220795
test_02974,0.00872878
test_02975,0.00164066
test_02976,0.81716680
test_02977,0.74133766
test_02978,0.99969035
test_02979,0.99857266
test_02980,0.02855762
test_02981,0.94634347
test_02982,0.99989402
test_02983,0.94953210
test_02984,0.99639948
test_02985,0.00019388
test_02986,0.99238672
test_02987,0.00004465
test_02988,0.02855703
test_02989,0.98186053
test_02990,0.99523740
test_02991,0.98373902
test_02992,0.00185919
test_02993,0.00015762
test_02994,0.98039104
test_02995,0.00022262
test_02996,0.02420023
test_02997,0.01010625
test_02998,0.03693762
test_02999,0.99665393
test_03000,0.99973422
test_03001,0.99908288
test_03002,0.99743573
test_03003,0.99988242
test_03004,0.00776565
test_03005,0.07636669
test_03006,0.99686264
test_03007,0.02905686
test_03008,0.00857997
test_03009,0.00192257
test_03010,0.99794882
test_03011,0.99990476
test_03012,0.00197766
test_03013,0.99999900
test_03014,0.99998357
test_03015,0.00046476
test_03016,0.00071820
test_03017,0.83864809
test_03018,0.00048916
test_03019,0.00005296
test_03020,0.98290875
test_03021,0.00336259
test_03022,0.99950798
test_03023,0.00246658
test_03024,0.99929127
test_03025,0.97081016
test_03026,0.00009318
test_03027,0.01093096
test_03028,0.00017033
test_03029,0.00350936
test_03030,0.41420871
test_03031,0.02803242
test_03032,0.00042578
test_03033,0.99475279
test_03034,0.00659348
test_03035,0.00252847
test_03036,0.00746784
test_03037,0.00430782
test_03038,0.00035034
test_03039,0.00216896
test_03040,0.99961505
test_03041,0.99905008
test_03042,0.99840795
test_03043,0.99519297
test_03044,0.99971857
test_03045,0.99189748
test_03046,0.95539765
test_03047,0.80244495
test_03048,0.01296868
test_03049,0.99338346
test_03050,0.00023656
test_03051,0.00305146
test_03052,0.00085911
test_03053,0.00042992
test_03054,0.01384025
test_03055,0.99550974
test_03056,0.99796311
test_03057,0.00042477
test_03058,0.01575470
test_03059,0.99658093
test_03060,0.96742086
test_03061,0.99996216
test_03062,0.99997676
test_03063,0.00093632
test_03064,0.99973786
test_03065,0.00140326
test_03066,0.99735495
test_03067,0.95217557
test_03068,0.34609972
test_03069,0.99989125
test_03070,0.16549594
test_03071,0.99867397
test_03072,0.07181419
test_03073,0.00443674
test_03074,0.99699449
test_03075,0.98945647
test_03076,0.00282258
test_03077,0.75961319
test_03078,0.00710930
test_03079,0.00154643
test_03080,0.33605135
test_03081,0.79291234
test_03082,0.83326959
test_03083,0.99857281
test_03084,0.01689411
test_03085,0.34773479
test_03086,0.06228135
test_03087,0.21657905
test_03088,0.99986714
test_03089,0.00902818
test_03090,0.99788545
test_03091,0.99811967
test_03092,0.00018657
test_03093,0.99460597
test_03094,0.99891887
test_03095,0.95826725
test_03096,0.99931143
test_03097,0.00686855
test_03098,0.00717037
test_03099,0.91272233
test_03100,0.97789293
test_03101,0.20533168
test_03102,0.98639864
test_03103,0.00001581
test_03104,0.28109863
test_03105,0.45461811
test_03106,0.01647126
test_03107,0.00479550
test_03108,0.00121635
test_03109,0.03888989
test_03110,0.11237424
test_03111,0.00476799
test_03112,0.00068592
test_03113,0.00641257
test_03114,0.00299596
test_03115,0.01023972
test_03116,0.99786258
test_03117,0.00276639
test_03118,0.00399071
test_03119,0.99944695
test_03120,0.00161868
test_03121,0.00009587
test_03122,0.85906466
test_03123,0.99990218
test_03124,0.91154709
test_03125,0.13274843
test_03126,0.98954776
test_03127,0.82877223
test_03128,0.00045457
test_03129,0.03685307
test_03130,0.99705515
test_03131,0.62345694
test_03132,0.81069233
test_03133,0.00005261
test_03134,0.52160836
test_03135,0.99932190
test_03136,0.01872313
test_03137,0.30617959
test_03138,0.01242432
test_03139,0.00263991
test_03140,0.00067352
test_03141,0.98286238
test_03142,0.99946099
test_03143,0.07470550
test_03144,0.99604412
test_03145,0.99898983
test_03146,0.01020996
test_03147,0.03038959
test_03148,0.00101252
test_03149,0.09692938
test_03150,0.99814144
test_03151,0.00453881
test_03152,0.99631330
test_03153,0.00011640
test_03154,0.71359302
test_03155,0.00029602
test_03156,0.99881364
test_03157,0.00015190
test_03158,0.99962566
test_03159,0.99536196
test_03160,0.01036792
test_03161,0.00003422
test_03162,0.99971856
test_03163,0.00677140
test_03164,0.99965966
test_03165,0.00092061
test_03166,0.00037788
test_03167,0.00018425
test_03168,0.00015588
test_03169,0.00021738
test_03170,0.00000548
test_03171,0.97941952
test_03172,0.97940080
test_03173,0.98974719
test_03174,0.61371625
test_03175,0.14761118
test_03176,0.99949571
test_03177,0.55199603
test_03178,0.99649774
test_03179,0.02394946
test_03180,0.99592979
test_03181,0.99991912
test_03182,0.00001613
test_03183,0.96858609
test_03184,0.99976462
test_03185,0.99863459
test_03186,0.00472872
test_03187,0.99850820
test_03188,0.00080925
test_03189,0.98937846
test_03190,0.01085390
test_03191,0.00190122
test_03192,0.98778771
test_03193,0.02254965
test_03194,0.99247728
test_03195,0.04636410
test_03196,0.99996365
test_03197,0.00349458
test_03198,0.00056416
test_03199,0.15889806
test_03200,0.02007427
test_03201,0.03121499
test_03202,0.00054898
test_03203,0.00270579
test_03204,0.99885542
test_03205,0.87089238
test_03206,0.00008070
test_03207,0.98509120
test_03208,0.00143161
test_03209,0.01171416
test_03210,0.90615596
test_03211,0.00057114
test_03212,0.99966409
test_03213,0.99802637
test_03214,0.00025351
test_03215,0.99980710
test_03216,0.02621227
test_03217,0.00073838
test_03218,0.00069835
test_03219,0.99636493
test_03220,0.98931745
test_03221,0.87775949
test_03222,0.05007914
test_03223,0.00695509
test_03224,0.99997809
test_03225,0.99982171
test_03226,0.00395370
test_03227,0.98630005
test_03228,0.99855140
test_03229,0.00136984
test_03230,0.99185432
test_03231,0.99997002
test_03232,0.99009648
test_03233,0.00230421
test_03234,0.00747607
test_03235,0.15442626
test_03236,0.00000707
test_03237,0.98950935
test_03238,0.05208517
test_03239,0.00209645
test_03240,0.00023890
test_03241,0.43436366
test_03242,0.00710734
test_03243,0.00025039
test_03244,0.76596296
test_03245,0.99786272
test_03246,0.98931526
test_03247,0.99959143
test_03248,0.00327633
test_03249,0.99990987
test_03250,0.00110758
test_03251,0.00716614
test_03252,0.99999684
test_03253,0.99868211
test_03254,0.00068651
test_03255,0.00236500
test_03256,0.99248837
test_03257,0.98251140
test_03258,0.63205501
test_03259,0.99667513
test_03260,0.00050760
test_03261,0.03320044
test_03262,0.99689632
test_03263,0.02980366
test_03264,0.02379124
test_03265,0.00308389
test_03266,0.99998483
test_03267,0.99954527
test_03268,0.03389203
test_03269,0.99967872
test_03270,0.00067332
test_03271,0.13368834
test_03272,0.99247699
test_03273,0.00210007
test_03274,0.00023181
test_03275,0.00174485
test_03276,0.00305581
test_03277,0.00493868
test_03278,0.99859759
test_03279,0.98232479
test_03280,0.99832227
test_03281,0.99677845
test_03282,0.53374002
test_03283,0.00602547
test_03284,0.00020784
test_03285,0.99896818
test_03286,0.99665098
test_03287,0.99988413
test_03288,0.17367599
test_03289,0.99088861
test_03290,0.05290438
test_03291,0.39901911
test_03292,0.51175657
test_03293,0.65331379
test_03294,0.99834751
test_03295,0.00023856
test_03296,0.00190393
test_03297,0.99975186
test_03298,0.00023413
test_03299,0.99761867
test_03300,0.99994974
test_03301,0.00688795
test_03302,0.99999225
test_03303,0.00608306
test_03304,0.00007215
test_03305,0.99795525
test_03306,0.99942583
test_03307,0.99901189
test_03308,0.99994084
test_03309,0.00690137
test_03310,0.99862036
test_03311,0.00678547
test_03312,0.99907715
test_03313,0.00071854
test_03314,0.00202583
test_03315,0.95133052
test_03316,0.99137115
test_03317,0.95561216
test_03318,0.99779763
test_03319,0.00097286
test_03320,0.99982925
test_03321,0.99403446
test_03322,0.99954071
test_03323,0.99995420
test_03324,0.00753377
test_03325,0.01717999
test_03326,0.13719724
test_03327,0.99991276
test_03328,0.87611232
test_03329,0.01097976
test_03330,0.99983844
test_03331,0.00633053
test_03332,0.99637575
test_03333,0.00127416
test_03334,0.99937060
test_03335,0.94376650
test_03336,0.00005656
test_03337,0.00015779
test_03338,0.96138057
test_03339,0.99407386
test_03340,0.99946748
test_03341,0.00041684
test_03342,0.18529236
test_03343,0.03198829
test_03344,0.96033847
test_03345,0.00255013
test_03346,0.00031814
test_03347,0.87908608
test_03348,0.00004409
test_03349,0.99996805
test_03350,0.98637025
test_03351,0.04204242
test_03352,0.99869442
test_03353,0.02033728
test_03354,0.00086837
test_03355,0.48904887
test_03356,0.00272289
test_03357,0.99852571
test_03358,0.00047626
test_03359,0.99919748
test_03360,0.34405923
test_03361,0.00047889
test_03362,0.98251001
test_03363,0.99783062
test_03364,0.97932175
test_03365,0.98089121
test_03366,0.62992214
test_03367,0.50919315
test_03368,0.80932446
test_03369,0.04344766
test_03370,0.98276544
test_03371,0.99953422
test_03372,0.02420507
test_03373,0.32975237
test_03374,0.97937086
test_03375,0.00030642
test_03376,0.99820364
test_03377,0.00717423
test_03378,0.01156394
test_03379,0.89428391
test_03380,0.99990819
test_03381,0.99991217
test_03382,0.99157244
test_03383,0.00007145
test_03384,0.99813712
test_03385,0.99960609
test_03386,0.70336647
test_03387,0.99995273
test_03388,0.40648490
test_03389,0.99985837
test_03390,0.97285691
test_03391,0.99894714
test_03392,0.85132024
test_03393,0.00058427
test_03394,0.14465376
test_03395,0.85224153
test_03396,0.00094298
test_03397,0.00364047
test_03398,0.99935502
test_03399,0.99986796
test_03400,0.01019388
test_03401,0.08492719
test_03402,0.99408483
test_03403,0.01384406
test_03404,0.00208417
test_03405,0.99336543
test_03406,0.00029007
test_03407,0.00024819
test_03408,0.03261628
test_03409,0.00361092
test_03410,0.05571921
test_03411,0.99328272
test_03412,0.99920708
test_03413,0.00487635
test_03414,0.00079562
test_03415,0.99239978
test_03416,0.21377232
test_03417,0.02125248
test_03418,0.01291599
test_03419,0.00008007
test_03420,0.99451171
test_03421,0.00018150
test_03422,0.99998129
test_03423,0.00481429
test_03424,0.00072020
test_03425,0.00176601
test_03426,0.99649467
test_03427,0.99972247
test_03428,0.00076022
test_03429,0.93226680
test_03430,0.99937647
test_03431,0.96046605
test_03432,0.00330113
test_03433,0.92417923
test_03434,0.00040933
test_03435,0.99977548
test_03436,0.05102629
test_03437,0.00660955
test_03438,0.00035244
test_03439,0.99749887
test_03440,0.99519451
test_03441,0.99715358
test_03442,0.92672084
test_03443,0.92191251
test_03444,0.14829709
test_03445,0.00508501
test_03446,0.99865051
test_03447,0.99054588
test_03448,0.97816366
test_03449,0.99994570
test_03450,0.48809150
test_03451,0.83597655
test_03452,0.00051485
test_03453,0.00185047
test_03454,0.14776438
test_03455,0.00291694
test_03456,0.00025514
test_03457,0.10766945
test_03458,0.99930026
test_03459,0.00016490
test_03460,0.00329768
test_03461,0.26744369
test_03462,0.99645059
test_03463,0.00013919
test_03464,0.99995672
test_03465,0.02465691
test_03466,0.02968975
test_03467,0.99983859
test_03468,0.00072297
test_03469,0.09997700
test_03470,0.00014898
test_03471,0.59176111
test_03472,0.99857078
test_03473,0.97628630
test_03474,0.99970933
test_03475,0.35482024
test_03476,0.00250617
test_03477,0.02038298
test_03478,0.00048179
test_03479,0.00096163
test_03480,0.99720416
test_03481,0.99768123
test_03482,0.99573416
test_03483,0.99981179
test_03484,0.91463845
test_03485,0.01714039
test_03486,0.91544383
test_03487,0.99972911
test_03488,0.99800453
test_03489,0.00448511
test_03490,0.89664757
test_03491,0.98597838
test_03492,0.99893389
test_03493,0.99648567
test_03494,0.02829578
test_03495,0.00155540
test_03496,0.00499949
test_03497,0.99776075
test_03498,0.98417055
test_03499,0.99899123
test_03500,0.60168473
test_03501,0.00005841
test_03502,0.00270075
test_03503,0.02132895
test_03504,0.00560221
test_03505,0.00000100
test_03506,0.55079413
test_03507,0.00014590
test_03508,0.00601978
test_03509,0.05113173
test_03510,0.98953805
test_03511,0.00072868
test_03512,0.99266567
test_03513,0.01996432
test_03514,0.99631076
test_03515,0.87835240
test_03516,0.00757954
test_03517,0.99795475
test_03518,0.00076892
test_03519,0.99415961
test_03520,0.99515808
test_03521,0.99936975
test_03522,0.94192065
test_03523,0.99953699
test_03524,0.00898736
test_03525,0.99954392
test_03526,0.99628203
test_03527,0.97529496
test_03528,0.03390496
test_03529,0.00270877
test_03530,0.00172851
test_03531,0.00449450
test_03532,0.99809930
test_03533,0.00090169
test_03534,0.99729034
test_03535,0.00019007
test_03536,0.99733684
test_03537,0.00090667
test_03538,0.00057968
test_03539,0.01334162
test_03540,0.24584559
test_03541,0.01407557
test_03542,0.15491215
test_03543,0.93983707
test_03544,0.00026780
test_03545,0.00011355
test_03546,0.99893736
test_03547,0.99705953
test_03548,0.99939645
test_03549,0.00437910
test_03550,0.99882918
test_03551,0.99939420
test_03552,0.88342309
test_03553,0.61702000
test_03554,0.45045624
test_03555,0.00222350
test_03556,0.00764142
test_03557,0.99975423
test_03558,0.95457287
test_03559,0.00157854
test_03560,0.98876616
test_03561,0.99921240
test_03562,0.99977693
test_03563,0.98894930
test_03564,0.99784885
test_03565,0.99992820
test_03566,0.00161959
test_03567,0.43300035
test_03568,0.00510603
test_03569,0.00193159
test_03570,0.99989244
test_03571,0.00020443
test_03572,0.83309175
test_03573,0.99376145
test_03574,0.55218754
test_03575,0.99914291
test_03576,0.99881511
test_03577,0.59958470
test_03578,0.00150871
test_03579,0.00690527
test_03580,0.99643943
test_03581,0.00007355
test_03582,0.97611169
test_03583,0.99862420
test_03584,0.00010581
test_03585,0.99300804
test_03586,0.01412387
test_03587,0.04462691
test_03588,0.00010280
test_03589,0.05291618
test_03590,0.02095065
test_03591,0.00435619
test_03592,0.99658972
test_03593,0.99395576
test_03594,0.00002830
test_03595,0.99528855
test_03596,0.99686442
test_03597,0.01066170
test_03598,0.11655256
test_03599,0.99991160
test_03600,0.00461203
test_03601,0.99992312
test_03602,0.00060377
test_03603,0.99556237
test_03604,0.99928977
test_03605,0.75744674
test_03606,0.02492747
test_03607,0.00170053
test_03608,0.99995638
test_03609,0.00122297
test_03610,0.00245343
test_03611,0.97342799
test_03612,0.99910797
test_03613,0.99482065
test_03614,0.00109387
test_03615,0.98712117
test_03616,0.00201510
test_03617,0.00000100
test_03618,0.99995535
test_03619,0.00261090
test_03620,0.04491554
test_03621,0.00113891
test_03622,0.00111179
test_03623,0.00030575
test_03624,0.01211191
test_03625,0.99964198
test_03626,0.40429283
test_03627,0.04035945
test_03628,0.00199159
test_03629,0.81561501
test_03630,0.14305602
test_03631,0.00393545
test_03632,0.99890828
test_03633,0.00173827
test_03634,0.00604139
test_03635,0.99900608
test_03636,0.06740484
test_03637,0.00014647
test_03638,0.98943727
test_03639,0.00013857
test_03640,0.00517036
test_03641,0.99819172
test_03642,0.31751624
test_03643,0.99213918
test_03644,0.00043114
test_03645,0.99873274
test_03646,0.99925831
test_03647,0.89035123
test_03648,0.84856496
test_03649,0.99993165
test_03650,0.99893999
test_03651,0.01086072
test_03652,0.00000448
test_03653,0.99806017
test_03654,0.99284052
test_03655,0.99393485
test_03656,0.97866991
test_03657,0.01183060
test_03658,0.90817907
test_03659,0.99734917
test_03660,0.99834069
test_03661,0.00077211
test_03662,0.99912899
test_03663,0.98718649
test_03664,0.99997411
test_03665,0.99985126
test_03666,0.20190326
test_03667,0.05145669
test_03668,0.99985563
test_03669,0.99990156
test_03670,0.01669370
test_03671,0.00000707
test_03672,0.99787727
test_03673,0.98489630
test_03674,0.02437216
test_03675,0.94087729
test_03676,0.96254414
test_03677,0.98597788
test_03678,0.99147060
test_03679,0.00165138
test_03680,0.88377681
test_03681,0.00008255
test_03682,0.97120502
test_03683,0.99979362
test_03684,0.99623733
test_03685,0.99976763
test_03686,0.99811315
test_03687,0.09933798
test_03688,0.99997316
test_03689,0.00035896
test_03690,0.84336179
test_03691,0.99820894
test_03692,0.00024142
test_03693,0.99869346
test_03694,0.99627369
test_03695,0.00205665
test_03696,0.00093151
test_03697,0.89955404
test_03698,0.99947737
test_03699,0.99938018
test_03700,0.99857990
test_03701,0.05134265
test_03702,0.99987352
test_03703,0.99916527
test_03704,0.00356196
test_03705,0.00039312
test_03706,0.00184896
test_03707,0.99944094
test_03708,0.00911193
test_03709,0.99959780
test_03710,0.98449107
test_03711,0.21364253
test_03712,0.98627695
test_03713,0.00131653
test_03714,0.01881095
test_03715,0.99989889
test_03716,0.99975818
test_03717,0.00011837
test_03718,0.00068846
test_03719,0.99967261
test_03720,0.07813705
test_03721,0.00252692
test_03722,0.00014410
test_03723,0.00110626
test_03724,0.99905670
test_03725,0.00003211
test_03726,0.99842062
test_03727,0.00177281
test_03728,0.07869500
test_03729,0.00184116
test_03730,0.75051487
test_03731,0.06940137
test_03732,0.94266688
test_03733,0.98958473
test_03734,0.99974074
test_03735,0.01209373
test_03736,0.05150846
test_03737,0.99734422
test_03738,0.02263279
test_03739,0.99978653
test_03740,0.00415612
test_03741,0.00514588
test_03742,0.08952264
test_03743,0.99222573
test_03744,0.99652129
test_03745,0.99831945
test_03746,0.01075099
test_03747,0.42535378
test_03748,0.00000100
test_03749,0.99535021
test_03750,0.98059398
test_03751,0.96395259
test_03752,0.75526788
test_03753,0.00998203
test_03754,0.99957771
test_03755,0.99971135
test_03756,0.99984540
test_03757,0.00168181
test_03758,0.99982587
test_03759,0.00375546
test_03760,0.01162046
test_03761,0.50015327
test_03762,0.99270650
test_03763,0.08438041
test_03764,0.92395197
test_03765,0.00095906
test_03766,0.99957446
test_03767,0.79397348
test_03768,0.00085258
test_03769,0.55825497
test_03770,0.97556124
test_03771,0.80837305
test_03772,0.99943639
test_03773,0.00069802
test_03774,0.06688656
test_03775,0.99644540
test_03776,0.00049827
test_03777,0.00026312
test_03778,0.99522050
test_03779,0.00049378
test_03780,0.00065185
test_03781,0.01952030
test_03782,0.00848971
test_03783,0.00035194
test_03784,0.00009488
test_03785,0.99995490
test_03786,0.33003032
test_03787,0.00010959
test_03788,0.00119935
test_03789,0.01921604
test_03790,0.80865766
test_03791,0.34577381
test_03792,0.99891351
test_03793,0.00079359
test_03794,0.97878388
test_03795,0.99877157
test_03796,0.98375646
test_03797,0.13290231
test_03798,0.99735804
test_03799,0.03664708
test_03800,0.99548066
test_03801,0.00002000
test_03802,0.02456820
test_03803,0.00064362
test_03804,0.00109479
test_03805,0.72078632
test_03806,0.00214719
test_03807,0.41250399
test_03808,0.99252955
test_03809,0.32623374
test_03810,0.00014340
test_03811,0.00026111
test_03812,0.00171557
test_03813,0.99681358
test_03814,0.00238360
test_03815,0.99668293
test_03816,0.00144438
test_03817,0.91846136
test_03818,0.00002214
test_03819,0.15761513
test_03820,0.99499754
test_03821,0.99825031
test_03822,0.99642928
test_03823,0.02965039
test_03824,0.99952872
test_03825,0.99096726
test_03826,0.99990512
test_03827,0.90850181
test_03828,0.99972689
test_03829,0.00596934
test_03830,0.92760548
test_03831,0.00156222
test_03832,0.00091846
test_03833,0.01595550
test_03834,0.99971937
test_03835,0.83942044
test_03836,0.00000100
test_03837,0.00170843
test_03838,0.00023917
test_03839,0.07300756
test_03840,0.99702841
test_03841,0.99966176
test_03842,0.72177089
test_03843,0.98398315
test_03844,0.00012525
test_03845,0.99965580
test_03846,0.99807271
test_03847,0.00076302
test_03848,0.99993099
test_03849,0.99999293
test_03850,0.00480095
test_03851,0.06507207
test_03852,0.00205482
test_03853,0.99885314
test_03854,0.99986586
test_03855,0.00183394
test_03856,0.15326167
test_03857,0.00003580
test_03858,0.02332032
test_03859,0.00002830
test_03860,0.01005498
test_03861,0.06783690
test_03862,0.99916163
test_03863,0.99715200
test_03864,0.99734153
test_03865,0.00888617
test_03866,0.99443856
test_03867,0.00893529
test_03868,0.02912571
test_03869,0.99320044
test_03870,0.96746118
test_03871,0.00076459
test_03872,0.00290844
test_03873,0.00234426
test_03874,0.00026825
test_03875,0.03732168
test_03876,0.99908315
test_03877,0.10465378
test_03878,0.99514811
test_03879,0.99999684
test_03880,0.99932448
test_03881,0.00274340
test_03882,0.99997550
test_03883,0.00343837
test_03884,0.99809109
test_03885,0.00005481
test_03886,0.01159430
test_03887,0.09706615
test_03888,0.99984758
test_03889,0.00020644
test_03890,0.98791779
test_03891,0.00837627
test_03892,0.01253345
test_03893,0.00658957
test_03894,0.93394040
test_03895,0.00461142
test_03896,0.99892006
test_03897,0.99971020
test_03898,0.00705741
test_03899,0.99812157
test_03900,0.12651163
test_03901,0.00222737
test_03902,0.00135945
test_03903,0.93116654
test_03904,0.01435691
test_03905,0.98666258
test_03906,0.01401984
test_03907,0.99963190
test_03908,0.98090454
test_03909,0.99982514
test_03910,0.00015477
test_03911,0.99517843
test_03912,0.99985892
test_03913,0.00935303
test_03914,0.41063258
test_03915,0.00875261
test_03916,0.99455697
test_03917,0.99855956
test_03918,0.94578399
test_03919,0.90425893
test_03920,0.78025508
test_03921,0.00599765
test_03922,0.00148175
test_03923,0.99852607
test_03924,0.94538901
test_03925,0.00264416
test_03926,0.99857845
test_03927,0.05212800
test_03928,0.00090730
test_03929,0.99930250
test_03930,0.95697698
test_03931,0.99917307
test_03932,0.00019111
test_03933,0.00435094
test_03934,0.99996022
test_03935,0.00441452
test_03936,0.11060463
test_03937,0.00588171
test_03938,0.75873964
test_03939,0.00006753
test_03940,0.00476208
test_03941,0.56052243
test_03942,0.00733820
test_03943,0.01038376
test_03944,0.98407902
test_03945,0.99963237
test_03946,0.49682834
test_03947,0.98561562
test_03948,0.99495610
test_03949,0.14879440
test_03950,0.99993277
test_03951,0.00013309
test_03952,0.67586377
test_03953,0.99984384
test_03954,0.99951648
test_03955,0.00458633
test_03956,0.00179874
test_03957,0.31835608
test_03958,0.99993307
test_03959,0.10051276
test_03960,0.03616417
test_03961,0.99909063
test_03962,0.99912992
test_03963,0.00005458
test_03964,0.98976461
test_03965,0.00007347
test_03966,0.00171165
test_03967,0.00001140
test_03968,0.99797559
test_03969,0.99651540
test_03970,0.99982108
test_03971,0.04738963
test_03972,0.00231805
test_03973,0.99837234
test_03974,0.10718180
test_03975,0.99976682
test_03976,0.99833390
test_03977,0.97891954
test_03978,0.07347942
test_03979,0.99749383
test_03980,0.99977056
test_03981,0.99932510
test_03982,0.99233035
test_03983,0.98898664
test_03984,0.99512569
test_03985,0.01827871
test_03986,0.00008007
test_03987,0.01878346
test_03988,0.99966256
test_03989,0.00350065
test_03990,0.00060786
test_03991,0.00069026
test_03992,0.99604419
test_03993,0.00254757
test_03994,0.00040502
test_03995,0.02933747
test_03996,0.99997353
test_03997,0.91997094
test_03998,0.99869747
test_03999,0.99965462
test_04000,0.99913225
test_04001,0.17788610
test_04002,0.99992254
test_04003,0.99236449
test_04004,0.99740988
test_04005,0.00197494
test_04006,0.24979978
test_04007,0.00011531
test_04008,0.05346719
test_04009,0.00504340
test_04010,0.00117378
test_04011,0.00213849
test_04012,0.00003422
test_04013,0.07792236
test_04014,0.99329325
test_04015,0.99878748
test_04016,0.45289656
test_04017,0.10070850
test_04018,0.99925989
test_04019,0.99167991
test_04020,0.99754957
test_04021,0.01082474
test_04022,0.01462969
test_04023,0.27390409
test_04024,0.00871750
test_04025,0.00021856
test_04026,0.99979873
test_04027,0.01998103
test_04028,0.01246577
test_04029,0.34338371
test_04030,0.99929748
test_04031,0.00184200
test_04032,0.01108942
test_04033,0.96996283
test_04034,0.99923460
test_04035,0.99810278
test_04036,0.97741834
test_04037,0.99935191
test_04038,0.00066075
test_04039,0.00989558
test_04040,0.99998076
test_04041,0.99994406
test_04042,0.97900993
test_04043,0.00119875
test_04044,0.00067111
test_04045,0.00745919
test_04046,0.01616923
test_04047,0.99165542
test_04048,0.99936719
test_04049,0.96424106
test_04050,0.00004587
test_04051,0.99987901
test_04052,0.97681594
test_04053,0.90132371
test_04054,0.00015382
test_04055,0.99777595
test_04056,0.99626278
test_04057,0.99467654
test_04058,0.99897550
test_04059,0.67305047
test_04060,0.99993995
test_04061,0.39182505
test_04062,0.00008316
test_04063,0.00281930
test_04064,0.99997170
test_04065,0.99957572
test_04066,0.99934671
test_04067,0.79277882
test_04068,0.00011547
test_04069,0.00057808
test_04070,0.00870866
test_04071,0.99569624
test_04072,0.11605869
test_04073,0.00042744
test_04074,0.00172000
test_04075,0.94702234
test_04076,0.99991057
test_04077,0.98081949
test_04078,0.99970321
test_04079,0.00155329
test_04080,0.00136187
test_04081,0.99772714
test_04082,0.00006632
test_04083,0.42462169
test_04084,0.98060590
test_04085,0.00000548
test_04086,0.99880435
test_04087,0.99120167
test_04088,0.99949798
test_04089,0.03313573
test_04090,0.99949182
test_04091,0.99606988
test_04092,0.99977800
test_04093,0.99973180
test_04094,0.00591134
test_04095,0.09772944
test_04096,0.02502868
test_04097,0.99639115
test_04098,0.00010898
test_04099,0.99994194
test_04100,0.99993956
test_04101,0.00077992
test_04102,0.00020181
test_04103,0.00201896
test_04104,0.99385990
test_04105,0.00303155
test_04106,0.00002531
test_04107,0.02291454
test_04108,0.99206736
test_04109,0.66718596
test_04110,0.90901492
test_04111,0.99706362
test_04112,0.29952759
test_04113,0.94817799
test_04114,0.74856474
test_04115,0.61177162
test_04116,0.99983203
test_04117,0.99997170
test_04118,0.04476497
test_04119,0.00099030
test_04120,0.98952218
test_04121,0.69443772
test_04122,0.00191140
test_04123,0.99884713
test_04124,0.62101263
test_04125,0.00042814
test_04126,0.00062187
test_04127,0.00046401
test_04128,0.97772660
test_04129,0.99031184
test_04130,0.00024596
test_04131,0.00001761
test_04132,0.62248614
test_04133,0.00978210
test_04134,0.99965602
test_04135,0.98758945
test_04136,0.85346281
test_04137,0.06738356
test_04138,0.11551659
test_04139,0.99202086
test_04140,0.99996035
test_04141,0.00638208
test_04142,0.96307408
test_04143,0.90986573
test_04144,0.99741156
test_04145,0.99717611
test_04146,0.00039612
test_04147,0.00073848
test_04148,0.98557698
test_04149,0.99330732
test_04150,0.00048627
test_04151,0.93513216
test_04152,0.09061947
test_04153,0.98322060
test_04154,0.12519665
test_04155,0.03325367
test_04156,0.12906174
test_04157,0.99839748
test_04158,0.98023593
test_04159,0.00437157
test_04160,0.99616574
test_04161,0.00779287
test_04162,0.99867506
test_04163,0.01171938
test_04164,0.99595292
test_04165,0.99998211
test_04166,0.00303734
test_04167,0.00065723
test_04168,0.00748982
test_04169,0.98139970
test_04170,0.99987311
test_04171,0.99775415
test_04172,0.00254999
test_04173,0.96067727
test_04174,0.00060023
test_04175,0.99664365
test_04176,0.93820615
test_04177,0.00011236
test_04178,0.99788302
test_04179,0.03048532
test_04180,0.00272998
test_04181,0.99085738
test_04182,0.99909928
test_04183,0.04562313
test_04184,0.99337627
test_04185,0.67948626
test_04186,0.87316615
test_04187,0.99970504
test_04188,0.00027795
test_04189,0.00101872
test_04190,0.99722246
test_04191,0.99958488
test_04192,0.00476320
test_04193,0.00714634
test_04194,0.04020818
test_04195,0.00206618
test_04196,0.99753593
test_04197,0.00507362
test_04198,0.99994344
test_04199,0.02291036
test_04200,0.01148933
test_04201,0.03798475
test_04202,0.99497112
test_04203,0.97555090
test_04204,0.01946191
test_04205,0.00056553
test_04206,0.00466155
test_04207,0.99780087
test_04208,0.00179542
test_04209,0.00157132
test_04210,0.99537315
test_04211,0.99960780
test_04212,0.99888813
test_04213,0.00188188
test_04214,0.99799662
test_04215,0.01371772
test_04216,0.00121819
test_04217,0.99829955
test_04218,0.00523695
test_04219,0.97614734
test_04220,0.00238059
test_04221,0.99780338
test_04222,0.99989750
test_04223,0.99842970
test_04224,0.99953172
test_04225,0.07221800
test_04226,0.99746607
test_04227,0.99897193
test_04228,0.99993375
test_04229,0.89223370
test_04230,0.03872546
test_04231,0.65285091
test_04232,0.99974921
test_04233,0.99671216
test_04234,0.99864735
test_04235,0.75311134
test_04236,0.00026090
test_04237,0.15756821
test_04238,0.00049309
test_04239,0.99757767
test_04240,0.63076917
test_04241,0.99770306
test_04242,0.99886732
test_04243,0.00086357
test_04244,0.99965462
test_04245,0.99999225
test_04246,0.99925726
test_04247,0.99962176
test_04248,0.99844309
test_04249,0.99985203
test_04250,0.99854685
test_04251,0.99734646
test_04252,0.00026075
test_04253,0.00403600
test_04254,0.00057576
test_04255,0.86002266
test_04256,0.99995874
test_04257,0.55056704
test_04258,0.02632862
test_04259,0.99659654
test_04260,0.98354707
test_04261,0.93653665
test_04262,0.28765524
test_04263,0.28981160
test_04264,0.99973910
test_04265,0.99984832
test_04266,0.07417945
test_04267,0.00084272
test_04268,0.99949470
test_04269,0.99151929
test_04270,0.01088435
test_04271,0.01674539
test_04272,0.00182905
test_04273,0.98733005
test_04274,0.00018713
test_04275,0.00343611
test_04276,0.76092438
test_04277,0.14045879
test_04278,0.97640214
test_04279,0.00172791
test_04280,0.01158516
test_04281,0.99974531
test_04282,0.63754700
test_04283,0.00049788
test_04284,0.01016678
test_04285,0.81628168
test_04286,0.00002531
test_04287,0.99974892
test_04288,0.00100746
test_04289,0.99984508
test_04290,0.33394656
test_04291,0.00328605
test_04292,0.00971676
test_04293,0.98637243
test_04294,0.64935324
test_04295,0.00107625
test_04296,0.39309560
test_04297,0.97481238
test_04298,0.99686939
test_04299,0.00001549
test_04300,0.00072818
test_04301,0.99536473
test_04302,0.01707454
test_04303,0.99925358
test_04304,0.99706915
test_04305,0.97835015
test_04306,0.02360817
test_04307,0.98843360
test_04308,0.00086925
test_04309,0.82033356
test_04310,0.99998387
test_04311,0.99987703
test_04312,0.02238820
test_04313,0.01046865
test_04314,0.99488144
test_04315,0.99997411
test_04316,0.00105698
test_04317,0.00096924
test_04318,0.01784513
test_04319,0.00073022
test_04320,0.01715027
test_04321,0.99981217
test_04322,0.94312238
test_04323,0.00024600
test_04324,0.98064945
test_04325,0.99983116
test_04326,0.99827672
test_04327,0.23463743
test_04328,0.01242257
test_04329,0.98574721
test_04330,0.99978361
test_04331,0.99993322
test_04332,0.02175878
test_04333,0.00033515
test_04334,0.99858386
test_04335,0.00141294
test_04336,0.00000316
test_04337,0.98046319
test_04338,0.99987215
test_04339,0.99376823
test_04340,0.12222424
test_04341,0.99945967
test_04342,0.01433841
test_04343,0.99954688
test_04344,0.18708523
test_04345,0.98014211
test_04346,0.01865550
test_04347,0.03262960
test_04348,0.99600712
test_04349,0.98788690
test_04350,0.98844744
test_04351,0.01012908
test_04352,0.01319124
test_04353,0.53626660
test_04354,0.00191378
test_04355,0.99805789
test_04356,0.00431184
test_04357,0.61148551
test_04358,0.00016620
test_04359,0.01292810
test_04360,0.65714467
test_04361,0.92057069
test_04362,0.03058496
test_04363,0.98384019
test_04364,0.99170098
test_04365,0.00892469
test_04366,0.01797152
test_04367,0.02602350
test_04368,0.01787257
test_04369,0.09295314
test_04370,0.00009247
test_04371,0.99856717
test_04372,0.36299633
test_04373,0.02642569
test_04374,0.03484549
test_04375,0.99996351
test_04376,0.00246183
test_04377,0.01673461
test_04378,0.99351286
test_04379,0.00013997
test_04380,0.00091745
test_04381,0.99985313
test_04382,0.00020694
test_04383,0.07861789
test_04384,0.99145628
test_04385,0.80216481
test_04386,0.00036924
test_04387,0.00001950
test_04388,0.00343304
test_04389,0.00629519
test_04390,0.98371377
test_04391,0.99546869
test_04392,0.99761781
test_04393,0.93888098
test_04394,0.99997762
test_04395,0.00065217
test_04396,0.01202445
test_04397,0.88258789
test_04398,0.00021444
test_04399,0.01225354
test_04400,0.00198945
test_04401,0.00027127
test_04402,0.99095931
test_04403,0.91901401
test_04404,0.00020222
test_04405,0.93956827
test_04406,0.99967350
test_04407,0.00320396
test_04408,0.99969415
test_04409,0.99970492
test_04410,0.99770742
test_04411,0.99925904
test_04412,0.99954135
test_04413,0.98969471
test_04414,0.99984449
test_04415,0.00007320
test_04416,0.37847779
test_04417,0.03296202
test_04418,0.00022623
test_04419,0.00147792
test_04420,0.00061824
test_04421,0.99905674
test_04422,0.00045933
test_04423,0.03713096
test_04424,0.20644494
test_04425,0.99888812
test_04426,0.05069072
test_04427,0.99435417
test_04428,0.00022915
test_04429,0.99999293
test_04430,0.95072821
test_04431,0.99611744
test_04432,0.00053389
test_04433,0.01739479
test_04434,0.59968153
test_04435,0.00935473
test_04436,0.00266777
test_04437,0.99707433
test_04438,0.48847117
test_04439,0.00101136
test_04440,0.99808071
test_04441,0.99999368
test_04442,0.87829655
test_04443,0.00178861
test_04444,0.72552612
test_04445,0.99961457
test_04446,0.00124328
test_04447,0.99995200
test_04448,0.00120593
test_04449,0.95843372
test_04450,0.99999163
test_04451,0.00041834
test_04452,0.00074660
test_04453,0.99978069
test_04454,0.04455991
test_04455,0.88270554
test_04456,0.00089835
test_04457,0.10571911
test_04458,0.99939955
test_04459,0.00600392
test_04460,0.00096815
test_04461,0.99960847
test_04462,0.01508014
test_04463,0.99344995
test_04464,0.99246505
test_04465,0.45550813
test_04466,0.00012962
test_04467,0.99980939
test_04468,0.00818861
test_04469,0.00019426
test_04470,0.05664804
test_04471,0.86719933
test_04472,0.80327220
test_04473,0.00062047
test_04474,0.09790347
test_04475,0.00552634
test_04476,0.00077192
test_04477,0.01105963
test_04478,0.99829018
test_04479,0.60657682
test_04480,0.97086046
test_04481,0.99171334
test_04482,0.00142993
test_04483,0.99886519
test_04484,0.96938031
test_04485,0.96320653
test_04486,0.97541675
test_04487,0.03682002
test_04488,0.99512013
test_04489,0.00002776
test_04490,0.84239314
test_04491,0.64219595
test_04492,0.00088686
test_04493,0.03944809
test_04494,0.04103150
test_04495,0.99127381
test_04496,0.00090239
test_04497,0.00016206
test_04498,0.00966511
test_04499,0.00101143
test_04500,0.99370331
test_04501,0.00011057
test_04502,0.99897477
test_04503,0.00227306
test_04504,0.03073478
test_04505,0.01558211
test_04506,0.99983693
test_04507,0.00088345
test_04508,0.00014823
test_04509,0.00539430
test_04510,0.00948358
test_04511,0.00552236
test_04512,0.99973875
test_04513,0.00170174
test_04514,0.99979576
test_04515,0.01601794
test_04516,0.97469711
test_04517,0.99856715
test_04518,0.00004576
test_04519,0.03856855
test_04520,0.05879854
test_04521,0.99997654
test_04522,0.99988339
test_04523,0.00172579
test_04524,0.99845566
test_04525,0.01009127
test_04526,0.99976972
test_04527,0.83342185
test_04528,0.98199751
test_04529,0.00009351
test_04530,0.00015819
test_04531,0.08683840
test_04532,0.94184359
test_04533,0.00962544
test_04534,0.00841496
test_04535,0.99573069
test_04536,0.00067603
test_04537,0.00339914
test_04538,0.89181655
test_04539,0.99714035
test_04540,0.99980102
test_04541,0.99994749
test_04542,0.02869057
test_04543,0.00003288
test_04544,0.00148357
test_04545,0.99974136
test_04546,0.99873193
test_04547,0.90392631
test_04548,0.99572913
test_04549,0.00002452
test_04550,0.97979584
test_04551,0.99213781
test_04552,0.15187120
test_04553,0.00623665
test_04554,0.13022863
test_04555,0.03607826
test_04556,0.96804941
test_04557,0.00090509
test_04558,0.00080259
test_04559,0.00000548
test_04560,0.00588509
test_04561,0.00489409
test_04562,0.00377457
test_04563,0.99588813
test_04564,0.00000707
test_04565,0.98944064
test_04566,0.00041251
test_04567,0.99930219
test_04568,0.85191540
test_04569,0.99103164
test_04570,0.00286195
test_04571,0.00009325
test_04572,0.99948591
test_04573,0.97178359
test_04574,0.00075857
test_04575,0.99357348
test_04576,0.99927767
test_04577,0.99991906
test_04578,0.99989791
test_04579,0.00130833
test_04580,0.00086103
test_04581,0.00124535
test_04582,0.00020469
test_04583,0.99912964
test_04584,0.99277185
test_04585,0.15789500
test_04586,0.00150435
test_04587,0.99183902
test_04588,0.98696652
test_04589,0.99698737
test_04590,0.99882100
test_04591,0.99609519
test_04592,0.00143035
test_04593,0.99230489
test_04594,0.00082138
test_04595,0.99781175
test_04596,0.02866107
test_04597,0.01180206
test_04598,0.00009932
test_04599,0.98201844
test_04600,0.00051710
test_04601,0.00220808
test_04602,0.16566561
test_04603,0.99495235
test_04604,0.00679045
test_04605,0.99965495
test_04606,0.98899003
test_04607,0.00044966
test_04608,0.00088742
test_04609,0.91456263
test_04610,0.01341298
test_04611,0.99999293
test_04612,0.99983784
test_04613,0.99833928
test_04614,0.99997762
test_04615,0.99952624
test_04616,0.99906942
test_04617,0.00891079
test_04618,0.99833026
test_04619,0.92332528
test_04620,0.00275896
test_04621,0.99145011
test_04622,0.89439772
test_04623,0.99868092
test_04624,0.90551250
test_04625,0.98160294
test_04626,0.00010661
test_04627,0.00344787
test_04628,0.98384198
test_04629,0.99155009
test_04630,0.96197870
test_04631,0.99922267
test_04632,0.00528682
test_04633,0.01327291
test_04634,0.99115695
test_04635,0.99968093
test_04636,0.99911823
test_04637,0.99987732
test_04638,0.96496664
test_04639,0.99680985
test_04640,0.99184375
test_04641,0.99880080
test_04642,0.61087231
test_04643,0.98930969
test_04644,0.99860090
test_04645,0.97793864
test_04646,0.96766510
test_04647,0.99981478
test_04648,0.61578551
test_04649,0.99271612
test_04650,0.00290992
test_04651,0.99959110
test_04652,0.00157189
test_04653,0.99989405
test_04654,0.00310642
test_04655,0.86656962
test_04656,0.00010392
test_04657,0.99908919
test_04658,0.99832490
test_04659,0.93760661
test_04660,0.08145105
test_04661,0.11688632
test_04662,0.00116202
test_04663,0.08314749
test_04664,0.00159002
test_04665,0.99951795
test_04666,0.00110088
test_04667,0.99371229
test_04668,0.00917229
test_04669,0.99024388
test_04670,0.99769850
test_04671,0.01933290
test_04672,0.01101625
test_04673,0.00513193
test_04674,0.00308917
test_04675,0.00462814
test_04676,0.02328086
test_04677,0.99965631
test_04678,0.99868267
test_04679,0.00817394
test_04680,0.98930644
test_04681,0.99963508
test_04682,0.00123792
test_04683,0.00134251
test_04684,0.00163588
test_04685,0.98253760
test_04686,0.99999552
test_04687,0.99996296
test_04688,0.49945335
test_04689,0.93752701
test_04690,0.99950498
test_04691,0.00827796
test_04692,0.00059903
test_04693,0.99895499
test_04694,0.98805329
test_04695,0.00117242
test_04696,0.99998297
test_04697,0.07247009
test_04698,0.00505230
test_04699,0.34977844
test_04700,0.99989696
test_04701,0.43088231
test_04702,0.02184274
test_04703,0.99664947
test_04704,0.25921985
test_04705,0.40854939
test_04706,0.00008609
test_04707,0.79879790
test_04708,0.00143516
test_04709,0.00901539
test_04710,0.94712639
test_04711,0.99941740
test_04712,0.99991161
test_04713,0.96221622
test_04714,0.00055330
test_04715,0.99821342
test_04716,0.00026513
test_04717,0.00109131
test_04718,0.00399775
test_04719,0.00319011
test_04720,0.99969517
test_04721,0.99058212
test_04722,0.99877300
test_04723,0.99370558
test_04724,0.99991180
test_04725,0.99012800
test_04726,0.52788527
test_04727,0.99590634
test_04728,0.99641913
test_04729,0.00361874
test_04730,0.00000316
test_04731,0.00011701
test_04732,0.99659212
test_04733,0.03504741
test_04734,0.99823923
test_04735,0.99998696
test_04736,0.00415151
test_04737,0.12883573
test_04738,0.00054548
test_04739,0.04903971
test_04740,0.99426882
test_04741,0.96255787
test_04742,0.99613274
test_04743,0.83583399
test_04744,0.99965611
test_04745,0.94936879
test_04746,0.00109640
test_04747,0.00128069
test_04748,0.09333326
test_04749,0.99665770
test_04750,0.80361386
test_04751,0.99910392
test_04752,0.00340441
test_04753,0.99923218
test_04754,0.00100662
test_04755,0.06908054
test_04756,0.00077553
test_04757,0.02449467
test_04758,0.00002324
test_04759,0.96708460
test_04760,0.99833222
test_04761,0.78232485
test_04762,0.00046518
test_04763,0.15407982
test_04764,0.98940175
test_04765,0.99626850
test_04766,0.07112237
test_04767,0.99964772
test_04768,0.01594434
test_04769,0.99926878
test_04770,0.99966757
test_04771,0.00005383
test_04772,0.53444981
test_04773,0.98089287
test_04774,0.00100014
test_04775,0.99172013
test_04776,0.99800423
test_04777,0.00420717
test_04778,0.97152022
test_04779,0.01803102
test_04780,0.99687875
test_04781,0.01211811
test_04782,0.00009761
test_04783,0.99371374
test_04784,0.00907261
test_04785,0.99656364
test_04786,0.00320639
test_04787,0.98319034
test_04788,0.00762786
test_04789,0.00064929
test_04790,0.99987176
test_04791,0.00051222
test_04792,0.99933573
test_04793,0.99995326
test_04794,0.00593432
test_04795,0.00024880
test_04796,0.13320820
test_04797,0.99864434
test_04798,0.99835728
test_04799,0.05607259
test_04800,0.99921016
test_04801,0.17553543
test_04802,0.25813487
test_04803,0.99575625
test_04804,0.98350059
test_04805,0.00131670
test_04806,0.99635553
test_04807,0.03903831
test_04808,0.51563249
test_04809,0.99984032
test_04810,0.44846893
test_04811,0.00042788
test_04812,0.99964921
test_04813,0.99985836
test_04814,0.00081347
test_04815,0.99256886
test_04816,0.50744644
test_04817,0.00035859
test_04818,0.00743499
test_04819,0.00896711
test_04820,0.00277538
test_04821,0.99925326
test_04822,0.98267129
test_04823,0.99993139
test_04824,0.00113103
test_04825,0.00560666
test_04826,0.98665220
test_04827,0.00028610
test_04828,0.99904247
test_04829,0.99993368
test_04830,0.02809626
test_04831,0.10350902
test_04832,0.97803411
test_04833,0.01257935
test_04834,0.00226832
test_04835,0.99999000
test_04836,0.00357189
test_04837,0.82869068
test_04838,0.00988383
test_04839,0.00046738
test_04840,0.00048714
test_04841,0.01226321
test_04842,0.97282282
test_04843,0.00653697
test_04844,0.00062209
test_04845,0.99999552
test_04846,0.00114580
test_04847,0.93431692
test_04848,0.20716865
test_04849,0.95983127
test_04850,0.99986126
test_04851,0.99756705
test_04852,0.99521052
test_04853,0.00298360
test_04854,0.00531167
test_04855,0.99987350
test_04856,0.06620733
test_04857,0.00168120
test_04858,0.89857041
test_04859,0.06421737
test_04860,0.01361346
test_04861,0.99948126
test_04862,0.01622703
test_04863,0.12483978
test_04864,0.88609150
test_04865,0.00234364
test_04866,0.00049916
test_04867,0.01216568
test_04868,0.00248197
test_04869,0.84416425
test_04870,0.99697369
test_04871,0.99994855
test_04872,0.99416170
test_04873,0.97166416
test_04874,0.00157321
test_04875,0.99723436
test_04876,0.00046293
test_04877,0.99740143
test_04878,0.07603209
test_04879,0.96833684
test_04880,0.00801335
test_04881,0.00108139
test_04882,0.98193082
test_04883,0.93028813
test_04884,0.00078438
test_04885,0.00130906
test_04886,0.99626251
test_04887,0.06015420
test_04888,0.03047887
test_04889,0.99953638
test_04890,0.00899483
test_04891,0.99986720
test_04892,0.29155256
test_04893,0.54325005
test_04894,0.00390867
test_04895,0.00062012
test_04896,0.00253803
test_04897,0.00596794
test_04898,0.00010260
test_04899,0.01101903
test_04900,0.97578054
test_04901,0.87813906
test_04902,0.00045508
test_04903,0.99833945
test_04904,0.99608874
test_04905,0.01181899
test_04906,0.99882793
test_04907,0.97731245
test_04908,0.06203232
test_04909,0.99073631
test_04910,0.99881797
test_04911,0.83216003
test_04912,0.99989542
test_04913,0.99467566
test_04914,0.00130518
test_04915,0.99562845
test_04916,0.00476169
test_04917,0.99982186
test_04918,0.99438553
test_04919,0.13552917
test_04920,0.37504804
test_04921,0.99999225
test_04922,0.00003744
test_04923,0.07222133
test_04924,0.00844881
test_04925,0.99974388
test_04926,0.99996150
test_04927,0.00026532
test_04928,0.00048365
test_04929,0.99991274
test_04930,0.06988801
test_04931,0.99507713
test_04932,0.99953335
test_04933,0.99966502
test_04934,0.04449591
test_04935,0.00123416
test_04936,0.99846250
test_04937,0.00030651
test_04938,0.00301358
test_04939,0.99980922
test_04940,0.99965670
test_04941,0.99700212
test_04942,0.56194711
test_04943,0.99186185
test_04944,0.98481420
test_04945,0.00271586
test_04946,0.00050243
test_04947,0.89832975
test_04948,0.99803874
test_04949,0.97943422
test_04950,0.03194207
test_04951,0.00579590
test_04952,0.99896949
test_04953,0.01175350
test_04954,0.99398472
test_04955,0.99949967
test_04956,0.99221638
test_04957,0.76966794
test_04958,0.00178251
test_04959,0.00047577
test_04960,0.76324641
test_04961,0.12156958
test_04962,0.99251082
test_04963,0.00086961
test_04964,0.78914321
test_04965,0.99902356
test_04966,0.99999684
test_04967,0.43367541
test_04968,0.62578771
test_04969,0.99615176
test_04970,0.99949993
test_04971,0.99986254
test_04972,0.00000448
test_04973,0.99977156
test_04974,0.99909637
test_04975,0.00297533
test_04976,0.00733245
test_04977,0.00009283
test_04978,0.00158587
test_04979,0.00039784
test_04980,0.98228652
test_04981,0.99994424
test_04982,0.99989201
test_04983,0.00418976
test_04984,0.03768499
test_04985,0.99677485
test_04986,0.01389494
test_04987,0.99999900
test_04988,0.00021218
test_04989,0.00124890
test_04990,0.99988837
test_04991,0.03209885
test_04992,0.00006820
test_04993,0.99989693
test_04994,0.00004163
test_04995,0.86097260
test_04996,0.89419113
test_04997,0.00023666
test_04998,0.00821314
test_04999,0.01185110
test_05000,0.99248939
test_05001,0.99996884
test_05002,0.02827096
test_05003,0.92989419
test_05004,0.20298129
test_05005,0.99619816
test_05006,0.00720479
test_05007,0.57440205
test_05008,0.99996578
test_05009,0.99697173
test_05010,0.04523120
test_05011,0.08456328
test_05012,0.99979544
test_05013,0.95532119
test_05014,0.99039331
test_05015,0.99985830
test_05016,0.33497448
test_05017,0.99983008
test_05018,0.02429727
test_05019,0.00159595
test_05020,0.99018390
test_05021,0.04375636
test_05022,0.99975179
test_05023,0.98548277
test_05024,0.99084178
test_05025,0.01042531
test_05026,0.99305940
test_05027,0.98697822
test_05028,0.99968249
test_05029,0.99925783
test_05030,0.99711089
test_05031,0.01029408
test_05032,0.99115019
test_05033,0.99449709
test_05034,0.03624977
test_05035,0.19264467
test_05036,0.99936253
test_05037,0.99977349
test_05038,0.01086713
test_05039,0.99920101
test_05040,0.72811317
test_05041,0.99995754
test_05042,0.99926493
test_05043,0.97847617
test_05044,0.97816648
test_05045,0.98982131
test_05046,0.00024190
test_05047,0.99997153
test_05048,0.00707234
test_05049,0.99996533
test_05050,0.48644501
test_05051,0.01090357
test_05052,0.93679199
test_05053,0.99998999
test_05054,0.00181486
test_05055,0.00798184
test_05056,0.95631455
test_05057,0.99987350
test_05058,0.99703202
test_05059,0.00019482
test_05060,0.99868135
test_05061,0.99447177
test_05062,0.01126825
test_05063,0.99922432
test_05064,0.99974630
test_05065,0.08444969
test_05066,0.00711753
test_05067,0.99859783
test_05068,0.99480291
test_05069,0.94531601
test_05070,0.02705887
test_05071,0.04493400
test_05072,0.25151650
test_05073,0.00201602
test_05074,0.00176009
test_05075,0.99987872
test_05076,0.98931447
test_05077,0.00003378
test_05078,0.99985756
test_05079,0.01243794
test_05080,0.99989320
test_05081,0.00833378
test_05082,0.01032044
test_05083,0.99288490
test_05084,0.82315083
test_05085,0.99992947
test_05086,0.97432729
test_05087,0.73598168
test_05088,0.99017828
test_05089,0.00290797
test_05090,0.00425935
test_05091,0.99983830
test_05092,0.00026511
test_05093,0.00020520
test_05094,0.87088362
test_05095,0.99331280
test_05096,0.00185325
test_05097,0.99840870
test_05098,0.00435322
test_05099,0.99844598
test_05100,0.00564577
test_05101,0.11365737
test_05102,0.00088618
test_05103,0.99981287
test_05104,0.00025390
test_05105,0.98600960
test_05106,0.98517745
test_05107,0.00246562
test_05108,0.00055056
test_05109,0.00031952
test_05110,0.98007014
test_05111,0.94098796
test_05112,0.97496146
test_05113,0.30595461
test_05114,0.06675521
test_05115,0.00023237
test_05116,0.00275758
test_05117,0.99403309
test_05118,0.00177772
test_05119,0.99037236
test_05120,0.99786192
test_05121,0.00122608
test_05122,0.00116992
test_05123,0.00585282
test_05124,0.00046762
test_05125,0.99344326
test_05126,0.97149237
test_05127,0.99601687
test_05128,0.03357986
test_05129,0.98993709
test_05130,0.01627346
test_05131,0.00307244
test_05132,0.07279932
test_05133,0.01112772
test_05134,0.81852198
test_05135,0.00135975
test_05136,0.16651838
test_05137,0.99953681
test_05138,0.98606313
test_05139,0.95209224
test_05140,0.99958995
test_05141,0.14925889
test_05142,0.99360065
test_05143,0.03095689
test_05144,0.66199985
test_05145,0.99961114
test_05146,0.99888973
test_05147,0.96723247
test_05148,0.04014695
test_05149,0.00675284
test_05150,0.00019929
test_05151,0.99917473
test_05152,0.99915571
test_05153,0.03304638
test_05154,0.00116237
test_05155,0.11664561
test_05156,0.98863862
test_05157,0.01579270
test_05158,0.99298227
test_05159,0.00256854
test_05160,0.94653895
test_05161,0.99913705
test_05162,0.00010860
test_05163,0.00054790
test_05164,0.24276485
test_05165,0.00063516
test_05166,0.99121165
test_05167,0.07620402
test_05168,0.98436288
test_05169,0.73533212
test_05170,0.00009086
test_05171,0.99908409
test_05172,0.99748896
test_05173,0.05252866
test_05174,0.98387915
test_05175,0.00051053
test_05176,0.00011222
test_05177,0.99349295
test_05178,0.98454023
test_05179,0.00002684
test_05180,0.00483514
test_05181,0.20181222
test_05182,0.00242498
test_05183,0.01290934
test_05184,0.99138911
test_05185,0.99994711
test_05186,0.99964681
test_05187,0.99909334
test_05188,0.99964641
test_05189,0.93688742
test_05190,0.95489589
test_05191,0.99891676
test_05192,0.00024656
test_05193,0.00602384
test_05194,0.99094793
test_05195,0.03271903
test_05196,0.00123617
test_05197,0.00970732
test_05198,0.99550159
test_05199,0.98527950
test_05200,0.99972740
test_05201,0.99654572
test_05202,0.99344644
test_05203,0.99360346
test_05204,0.00000837
test_05205,0.00950746
test_05206,0.99783339
test_05207,0.00167457
test_05208,0.99590233
test_05209,0.12958780
test_05210,0.93949435
test_05211,0.96739934
test_05212,0.99997548
test_05213,0.02248758
test_05214,0.01404743
test_05215,0.99943221
test_05216,0.99958648
test_05217,0.99666877
test_05218,0.99162945
test_05219,0.46996766
test_05220,0.99931533
test_05221,0.00163665
test_05222,0.02090043
test_05223,0.99998658
test_05224,0.00042667
test_05225,0.99998451
test_05226,0.00013511
test_05227,0.99948772
test_05228,0.58580707
test_05229,0.01703036
test_05230,0.01866505
test_05231,0.00058959
test_05232,0.00014687
test_05233,0.73124955
test_05234,0.00179449
test_05235,0.99939347
test_05236,0.98629365
test_05237,0.99875292
test_05238,0.00018931
test_05239,0.99447592
test_05240,0.99962202
test_05241,0.00138975
test_05242,0.29783452
test_05243,0.99986752
test_05244,0.58292607
test_05245,0.00011661
test_05246,0.07643110
test_05247,0.00207233
test_05248,0.01568186
test_05249,0.65148098
test_05250,0.98814406
test_05251,0.99926398
test_05252,0.00251050
test_05253,0.00074997
test_05254,0.98843061
test_05255,0.99558265
test_05256,0.00137555
test_05257,0.96046360
test_05258,0.10510356
test_05259,0.00014547
test_05260,0.96917116
test_05261,0.99202698
test_05262,0.66471669
test_05263,0.99860383
test_05264,0.99911752
test_05265,0.00004693
test_05266,0.99854217
test_05267,0.99867563
test_05268,0.91699325
test_05269,0.99486553
test_05270,0.99582196
test_05271,0.95990464
test_05272,0.99872883
test_05273,0.00004102
test_05274,0.02772647
test_05275,0.00175562
test_05276,0.89854910
test_05277,0.07542214
test_05278,0.96211239
test_05279,0.00063955
test_05280,0.02422081
test_05281,0.99989320
test_05282,0.00945495
test_05283,0.99984118
test_05284,0.80085834
test_05285,0.00346399
test_05286,0.99841782
test_05287,0.00119873
test_05288,0.99964894
test_05289,0.99661230
test_05290,0.99346010
test_05291,0.00000448
test_05292,0.99377860
test_05293,0.00003001
test_05294,0.99519574
test_05295,0.99966815
test_05296,0.00128917
test_05297,0.00003837
test_05298,0.99885055
test_05299,0.99968591
test_05300,0.00204383
test_05301,0.00001733
test_05302,0.00083274
test_05303,0.99969766
test_05304,0.00561702
test_05305,0.99345789
test_05306,0.27639735
test_05307,0.96560817
test_05308,0.99878994
test_05309,0.00001517
test_05310,0.00591185
test_05311,0.99768263
test_05312,0.99983030
test_05313,0.99927362
test_05314,0.99277851
test_05315,0.00549814
test_05316,0.99880287
test_05317,0.99993912
test_05318,0.10221139
test_05319,0.99998775
test_05320,0.99599099
test_05321,0.99961892
test_05322,0.51415409
test_05323,0.99861661
test_05324,0.99898447
test_05325,0.99816877
test_05326,0.99997260
test_05327,0.98769339
test_05328,0.00431863
test_05329,0.99996256
test_05330,0.00053246
test_05331,0.00074009
test_05332,0.00287097
test_05333,0.83939213
test_05334,0.04859041
test_05335,0.01377465
test_05336,0.97238474
test_05337,0.99992645
test_05338,0.99972625
test_05339,0.00001342
test_05340,0.99970708
test_05341,0.03817913
test_05342,0.00781734
test_05343,0.86520348
test_05344,0.00024819
test_05345,0.01327897
test_05346,0.99722882
test_05347,0.38144954
test_05348,0.86289745
test_05349,0.67481055
test_05350,0.10174554
test_05351,0.95078126
test_05352,0.00347407
test_05353,0.00063293
test_05354,0.00007548
test_05355,0.00080747
test_05356,0.00225854
test_05357,0.98988905
test_05358,0.03638945
test_05359,0.00139036
test_05360,0.00005603
test_05361,0.89753927
test_05362,0.99756178
test_05363,0.00150712
test_05364,0.99996256
test_05365,0.16300732
test_05366,0.12681807
test_05367,0.00020476
test_05368,0.08553020
test_05369,0.00051095
test_05370,0.99991782
test_05371,0.02845311
test_05372,0.65085348
test_05373,0.99931314
test_05374,0.00626250
test_05375,0.00001049
test_05376,0.01002077
test_05377,0.97710660
test_05378,0.99990589
test_05379,0.99890640
test_05380,0.01221280
test_05381,0.99891586
test_05382,0.65026246
test_05383,0.98927524
test_05384,0.11374671
test_05385,0.99360632
test_05386,0.54792981
test_05387,0.99884472
test_05388,0.99985514
test_05389,0.00329255
test_05390,0.99518175
test_05391,0.99992994
test_05392,0.82877223
test_05393,0.98559107
test_05394,0.98470497
test_05395,0.99864329
test_05396,0.07613909
test_05397,0.00282089
test_05398,0.99645081
test_05399,0.99146366
test_05400,0.85569981
test_05401,0.24998603
test_05402,0.99746044
test_05403,0.99876303
test_05404,0.98435226
test_05405,0.00202149
test_05406,0.99989326
test_05407,0.94981118
test_05408,0.99754753
test_05409,0.00078126
test_05410,0.99048704
test_05411,0.99969815
test_05412,0.99596637
test_05413,0.00154843
test_05414,0.00125907
test_05415,0.04227186
test_05416,0.97362696
test_05417,0.00303368
test_05418,0.99989803
test_05419,0.99994768
test_05420,0.00007375
test_05421,0.96515470
test_05422,0.99708070
test_05423,0.14402138
test_05424,0.00011094
test_05425,0.29590680
test_05426,0.00078412
test_05427,0.00010506
test_05428,0.99972885
test_05429,0.99484552
test_05430,0.98404204
test_05431,0.00228618
test_05432,0.99997855
test_05433,0.99583711
test_05434,0.99989567
test_05435,0.99972281
test_05436,0.00119690
test_05437,0.97713325
test_05438,0.16455581
test_05439,0.00054531
test_05440,0.00043702
test_05441,0.99998775
test_05442,0.99936997
test_05443,0.00111899
test_05444,0.99979017
test_05445,0.00334930
test_05446,0.00858513
test_05447,0.99236779
test_05448,0.99976305
test_05449,0.00185541
test_05450,0.99851371
test_05451,0.09886800
test_05452,0.99985506
test_05453,0.99988543
test_05454,0.03568082
test_05455,0.00084375
test_05456,0.00006849
test_05457,0.00025459
test_05458,0.00567059
test_05459,0.00002830
test_05460,0.99773036
test_05461,0.00654764
test_05462,0.99068540
test_05463,0.99998658
test_05464,0.99959443
test_05465,0.25114915
test_05466,0.98146593
test_05467,0.01293633
test_05468,0.99695602
test_05469,0.94784383
test_05470,0.00152331
test_05471,0.01517328
test_05472,0.98400148
test_05473,0.99657787
test_05474,0.00003002
test_05475,0.00333073
test_05476,0.00172768
test_05477,0.20632397
test_05478,0.96805616
test_05479,0.98433936
test_05480,0.00951455
test_05481,0.99746917
test_05482,0.00045940
test_05483,0.99399132
test_05484,0.07847914
test_05485,0.00012666
test_05486,0.91077585
test_05487,0.73357639
test_05488,0.99996949
test_05489,0.01262624
test_05490,0.00295110
test_05491,0.55504715
test_05492,0.00047320
test_05493,0.00585851
test_05494,0.99922981
test_05495,0.99985730
test_05496,0.99266842
test_05497,0.00192804
test_05498,0.00079841
test_05499,0.00099072
test_05500,0.99983015
test_05501,0.99947432
test_05502,0.00002830
test_05503,0.00259016
test_05504,0.99895712
test_05505,0.86048437
test_05506,0.03088775
test_05507,0.00197412
test_05508,0.99893791
test_05509,0.00083014
test_05510,0.99806037
test_05511,0.99803006
test_05512,0.00113417
test_05513,0.00316664
test_05514,0.01724024
test_05515,0.00437348
test_05516,0.00003318
test_05517,0.00008254
test_05518,0.00004759
test_05519,0.02398014
test_05520,0.65849900
test_05521,0.99810973
test_05522,0.00301676
test_05523,0.99983155
test_05524,0.97063520
test_05525,0.00103792
test_05526,0.01277957
test_05527,0.99344829
test_05528,0.00104269
test_05529,0.99230282
test_05530,0.00402269
test_05531,0.00291679
test_05532,0.99383667
test_05533,0.99632469
test_05534,0.99588654
test_05535,0.99985772
test_05536,0.99533046
test_05537,0.99965299
test_05538,0.71242543
test_05539,0.99896763
test_05540,0.88010332
test_05541,0.06047135
test_05542,0.08550913
test_05543,0.00004543
test_05544,0.99969458
test_05545,0.00096471
test_05546,0.01919825
test_05547,0.00324402
test_05548,0.99858278
test_05549,0.83907973
test_05550,0.00006325
test_05551,0.99664748
test_05552,0.38168229
test_05553,0.99809383
test_05554,0.99853980
test_05555,0.99991634
test_05556,0.99996966
test_05557,0.99982703
test_05558,0.09057732
test_05559,0.00008837
test_05560,0.99954937
test_05561,0.00142251
test_05562,0.99980200
test_05563,0.79863585
test_05564,0.99559300
test_05565,0.99819308
test_05566,0.00124960
test_05567,0.99506226
test_05568,0.99987819
test_05569,0.58498742
test_05570,0.02375802
test_05571,0.99974326
test_05572,0.99992316
test_05573,0.99918155
test_05574,0.04700950
test_05575,0.86237963
test_05576,0.05623453
test_05577,0.99983114
test_05578,0.99540809
test_05579,0.00015002
test_05580,0.00164199
test_05581,0.03310154
test_05582,0.99635995
test_05583,0.01437982
test_05584,0.99986663
test_05585,0.00659891
test_05586,0.01159679
test_05587,0.00221478
test_05588,0.99783058
test_05589,0.00066739
test_05590,0.98834558
test_05591,0.00923452
test_05592,0.00129771
test_05593,0.99799288
test_05594,0.99991566
test_05595,0.98928444
test_05596,0.79363252
test_05597,0.00077661
test_05598,0.02252500
test_05599,0.00156719
test_05600,0.99913376
test_05601,0.99988142
test_05602,0.20109266
test_05603,0.97957328
test_05604,0.98641798
test_05605,0.96857245
test_05606,0.00171181
test_05607,0.06200529
test_05608,0.00476705
test_05609,0.00073561
test_05610,0.99955169
test_05611,0.02730231
test_05612,0.99989850
test_05613,0.01887321
test_05614,0.03890078
test_05615,0.99708130
test_05616,0.00256033
test_05617,0.03862099
test_05618,0.00022651
test_05619,0.00102766
test_05620,0.00500997
test_05621,0.93749750
test_05622,0.99582058
test_05623,0.00018762
test_05624,0.99677017
test_05625,0.00039199
test_05626,0.99791182
test_05627,0.00100780
test_05628,0.04217047
test_05629,0.00278729
test_05630,0.00098020
test_05631,0.00216250
test_05632,0.99981116
test_05633,0.99996537
test_05634,0.99939718
test_05635,0.00114021
test_05636,0.99835161
test_05637,0.99611246
test_05638,0.04753536
test_05639,0.98499375
test_05640,0.99922833
test_05641,0.00984993
test_05642,0.99964899
test_05643,0.44123308
test_05644,0.11013461
test_05645,0.99389088
test_05646,0.14452169
test_05647,0.00322115
test_05648,0.00008943
test_05649,0.00579929
test_05650,0.99979854
test_05651,0.00200116
test_05652,0.99900947
test_05653,0.01858997
test_05654,0.86673965
test_05655,0.99901725
test_05656,0.71863747
test_05657,0.00110463
test_05658,0.00002303
test_05659,0.99823488
test_05660,0.99923105
test_05661,0.00216183
test_05662,0.99961328
test_05663,0.99380649
test_05664,0.97001673
test_05665,0.00343418
test_05666,0.00037901
test_05667,0.00034858
test_05668,0.06199640
test_05669,0.99233390
test_05670,0.02411391
test_05671,0.65884308
test_05672,0.99926689
test_05673,0.00034563
test_05674,0.01892392
test_05675,0.64543904
test_05676,0.00645538
test_05677,0.38593391
test_05678,0.00013189
test_05679,0.99482646
test_05680,0.00041034
test_05681,0.00061989
test_05682,0.99918898
test_05683,0.02012370
test_05684,0.11283113
test_05685,0.54908401
test_05686,0.98941103
test_05687,0.01147184
test_05688,0.97693058
test_05689,0.99989253
test_05690,0.01522695
test_05691,0.99996712
test_05692,0.77783787
test_05693,0.96770127
test_05694,0.91662941
test_05695,0.00001581
test_05696,0.99971951
test_05697,0.40843853
test_05698,0.00047035
test_05699,0.97711858
test_05700,0.99998584
test_05701,0.99854284
test_05702,0.01547746
test_05703,0.99993413
test_05704,0.99996477
test_05705,0.00325772
test_05706,0.00422444
test_05707,0.98037498
test_05708,0.04617912
test_05709,0.09237188
test_05710,0.99725914
test_05711,0.00203305
test_05712,0.99321784
test_05713,0.02808369
test_05714,0.99616050
test_05715,0.06531278
test_05716,0.99991002
test_05717,0.89625629
test_05718,0.99850048
test_05719,0.00031130
test_05720,0.00084036
test_05721,0.99974849
test_05722,0.99689428
test_05723,0.00027421
test_05724,0.99987429
test_05725,0.04164821
test_05726,0.00049916
test_05727,0.99924703
test_05728,0.99994999
test_05729,0.04716984
test_05730,0.99998584
test_05731,0.99834861
test_05732,0.01304601
test_05733,0.99895178
test_05734,0.91740358
test_05735,0.02216045
test_05736,0.03182045
test_05737,0.00087756
test_05738,0.16683760
test_05739,0.35737535
test_05740,0.51927054
test_05741,0.01502444
test_05742,0.04949132
test_05743,0.01172353
test_05744,0.09587919
test_05745,0.98000508
test_05746,0.00016154
test_05747,0.88959488
test_05748,0.00768724
test_05749,0.99710281
test_05750,0.00991210
test_05751,0.00051877
test_05752,0.00061160
test_05753,0.01195297
test_05754,0.99995525
test_05755,0.99750994
test_05756,0.03007663
test_05757,0.47956667
test_05758,0.06637211
test_05759,0.29135722
test_05760,0.99800580
test_05761,0.26502640
test_05762,0.00336350
test_05763,0.99951817
test_05764,0.99967923
test_05765,0.99917459
test_05766,0.00484493
test_05767,0.04930947
test_05768,0.00823523
test_05769,0.01831366
test_05770,0.99823883
test_05771,0.56764481
test_05772,0.54522451
test_05773,0.99968246
test_05774,0.99842633
test_05775,0.91072507
test_05776,0.00004900
test_05777,0.99646266
test_05778,0.99764576
test_05779,0.01749187
test_05780,0.96802583
test_05781,0.99386934
test_05782,0.99971386
test_05783,0.99851777
test_05784,0.99305237
test_05785,0.99763838
test_05786,0.71465434
test_05787,0.15646579
test_05788,0.99650498
test_05789,0.98121457
test_05790,0.97758437
test_05791,0.00140344
test_05792,0.02214185
test_05793,0.99960596
test_05794,0.98929151
test_05795,0.94094121
test_05796,0.99924932
test_05797,0.99449782
test_05798,0.99976591
test_05799,0.99952163
test_05800,0.99751570
test_05801,0.00726202
test_05802,0.00005308
test_05803,0.99457940
test_05804,0.99616602
test_05805,0.99033068
test_05806,0.02416945
test_05807,0.01907624
test_05808,0.83624021
test_05809,0.91513902
test_05810,0.99983450
test_05811,0.00150690
test_05812,0.99967908
test_05813,0.98489971
test_05814,0.99997530
test_05815,0.96826327
test_05816,0.00257261
test_05817,0.99316251
test_05818,0.99998999
test_05819,0.97010112
test_05820,0.00010622
test_05821,0.98629904
test_05822,0.00648156
test_05823,0.66878477
test_05824,0.00348237
test_05825,0.00320555
test_05826,0.48766758
test_05827,0.00003466
test_05828,0.01492839
test_05829,0.04456455
test_05830,0.00347704
test_05831,0.00081775
test_05832,0.98790988
test_05833,0.88070850
test_05834,0.03719875
test_05835,0.99995960
test_05836,0.99648231
test_05837,0.00035121
test_05838,0.00047799
test_05839,0.99790535
test_05840,0.99997950
test_05841,0.00378770
test_05842,0.00006330
test_05843,0.99682293
test_05844,0.00648950
test_05845,0.00364201
test_05846,0.45446616
test_05847,0.99410919
test_05848,0.01052006
test_05849,0.00037856
test_05850,0.01481943
test_05851,0.01882112
test_05852,0.99982565
test_05853,0.98103862
test_05854,0.27895233
test_05855,0.97631873
test_05856,0.99741409
test_05857,0.99982130
test_05858,0.00746149
test_05859,0.01335052
test_05860,0.00068342
test_05861,0.00040105
test_05862,0.00711347
test_05863,0.01103331
test_05864,0.03358352
test_05865,0.00012335
test_05866,0.42633147
test_05867,0.99876695
test_05868,0.89603244
test_05869,0.99965957
test_05870,0.00203413
test_05871,0.99614401
test_05872,0.99697927
test_05873,0.00476165
test_05874,0.00663553
test_05875,0.00324072
test_05876,0.00037088
test_05877,0.99224070
test_05878,0.99991209
test_05879,0.99974075
test_05880,0.99794842
test_05881,0.99993437
test_05882,0.99990828
test_05883,0.99993285
test_05884,0.99205186
test_05885,0.05220527
test_05886,0.00626930
test_05887,0.01624510
test_05888,0.00043958
test_05889,0.00096878
test_05890,0.00001703
test_05891,0.00037710
test_05892,0.99274866
test_05893,0.00372463
test_05894,0.98346935
test_05895,0.00008639
test_05896,0.98410478
test_05897,0.93143803
test_05898,0.00014309
test_05899,0.99940424
test_05900,0.99643994
test_05901,0.99970634
test_05902,0.99971702
test_05903,0.82450433
test_05904,0.00187459
test_05905,0.52763330
test_05906,0.04692375
test_05907,0.17090678
test_05908,0.02327716
test_05909,0.00499007
test_05910,0.99922557
test_05911,0.00018757
test_05912,0.00213250
test_05913,0.00037325
test_05914,0.00718801
test_05915,0.24808658
test_05916,0.00097349
test_05917,0.01303814
test_05918,0.76729048
test_05919,0.99700524
test_05920,0.00363906
test_05921,0.98599411
test_05922,0.99999552
test_05923,0.99893206
test_05924,0.00015511
test_05925,0.00001613
test_05926,0.01691968
test_05927,0.00090783
test_05928,0.99971085
test_05929,0.00149814
test_05930,0.00161302
test_05931,0.99897405
test_05932,0.01095065
test_05933,0.00042397
test_05934,0.00003744
test_05935,0.00108028
test_05936,0.83931424
test_05937,0.02170089
test_05938,0.99997548
test_05939,0.00251877
test_05940,0.11967382
test_05941,0.99982596
test_05942,0.00043994
test_05943,0.99997591
test_05944,0.99843005
test_05945,0.00136074
test_05946,0.00036326
test_05947,0.99501584
test_05948,0.95992976
test_05949,0.99971878
test_05950,0.04024221
test_05951,0.03241585
test_05952,0.00184862
test_05953,0.99998268
test_05954,0.00000448
test_05955,0.99678568
test_05956,0.28920583
test_05957,0.00001414
test_05958,0.00326480
test_05959,0.99762981
test_05960,0.00034730
test_05961,0.99334234
test_05962,0.99836860
test_05963,0.99868033
test_05964,0.29778944
test_05965,0.00000632
test_05966,0.00678664
test_05967,0.88238564
test_05968,0.99987682
test_05969,0.00056400
test_05970,0.99459582
test_05971,0.00038902
test_05972,0.99888778
test_05973,0.00874905
test_05974,0.00042216
test_05975,0.96304584
test_05976,0.46235570
test_05977,0.99299195
test_05978,0.99956764
test_05979,0.00487818
test_05980,0.00020199
test_05981,0.95453901
test_05982,0.99654286
test_05983,0.00059221
test_05984,0.00073141
test_05985,0.01660196
test_05986,0.93772499
test_05987,0.99837027
test_05988,0.99985577
test_05989,0.99985299
test_05990,0.99953711
test_05991,0.99884039
test_05992,0.98192992
test_05993,0.99368136
test_05994,0.00578014
test_05995,0.03156511
test_05996,0.42547310
test_05997,0.99928528
test_05998,0.79322423
test_05999,0.00180729
test_06000,0.99339419
test_06001,0.99987591
test_06002,0.99663417
test_06003,0.99659812
test_06004,0.00019038
test_06005,0.99818511
test_06006,0.99980863
test_06007,0.00057287
test_06008,0.00339985
test_06009,0.01081715
test_06010,0.88344706
test_06011,0.79312246
test_06012,0.99804342
test_06013,0.62180898
test_06014,0.00429444
test_06015,0.00062033
test_06016,0.05391188
test_06017,0.00046098
test_06018,0.03083365
test_06019,0.99327192
test_06020,0.53139216
test_06021,0.00465508
test_06022,0.00957914
test_06023,0.29779867
test_06024,0.99919509
test_06025,0.99593283
test_06026,0.04916972
test_06027,0.99704212
test_06028,0.00673598
test_06029,0.10583038
test_06030,0.99971562
test_06031,0.08827312
test_06032,0.00435507
test_06033,0.00668843
test_06034,0.99254866
test_06035,0.00971645
test_06036,0.99994895
test_06037,0.00312832
test_06038,0.99912099
test_06039,0.00096918
test_06040,0.13234710
test_06041,0.06239851
test_06042,0.99809926
test_06043,0.00311225
test_06044,0.99968351
test_06045,0.61236696
test_06046,0.00004472
test_06047,0.00140593
test_06048,0.98480754
test_06049,0.04397515
test_06050,0.01372556
test_06051,0.00081096
test_06052,0.99975038
test_06053,0.00289442
test_06054,0.01905671
test_06055,0.00287407
test_06056,0.99952415
test_06057,0.99998775
test_06058,0.99995525
test_06059,0.98963705
test_06060,0.99667773
test_06061,0.00060491
test_06062,0.86941669
test_06063,0.99819584
test_06064,0.99836729
test_06065,0.00040578
test_06066,0.00033943
test_06067,0.73808037
test_06068,0.99993647
test_06069,0.99300052
test_06070,0.00011403
test_06071,0.00165126
test_06072,0.99947178
test_06073,0.99846701
test_06074,0.00601647
test_06075,0.00025649
test_06076,0.99948986
test_06077,0.89563454
test_06078,0.02579516
test_06079,0.99950055
test_06080,0.99348516
test_06081,0.99279636
test_06082,0.99565231
test_06083,0.00019385
test_06084,0.00268384
test_06085,0.99556618
test_06086,0.00009725
test_06087,0.41953091
test_06088,0.02472752
test_06089,0.88823605
test_06090,0.99889552
test_06091,0.99948942
test_06092,0.00033767
test_06093,0.16153604
test_06094,0.99963077
test_06095,0.64257225
test_06096,0.99997101
test_06097,0.00434037
test_06098,0.00158711
test_06099,0.00004317
test_06100,0.00003463
test_06101,0.00109562
test_06102,0.99754340
test_06103,0.99969988
test_06104,0.99922326
test_06105,0.99916420
test_06106,0.99986258
test_06107,0.97992377
test_06108,0.26442160
test_06109,0.02853520
test_06110,0.78502189
test_06111,0.00301096
test_06112,0.99180906
test_06113,0.00517865
test_06114,0.00921698
test_06115,0.99946688
test_06116,0.99996537
test_06117,0.00015964
test_06118,0.00019435
test_06119,0.99993743
test_06120,0.57599361
test_06121,0.99522373
test_06122,0.00829152
test_06123,0.00358128
test_06124,0.05850767
test_06125,0.99994352
test_06126,0.37394880
test_06127,0.02128895
test_06128,0.99196163
test_06129,0.83040799
test_06130,0.39049449
test_06131,0.00114136
test_06132,0.99992452
test_06133,0.41459098
test_06134,0.00162525
test_06135,0.00031521
test_06136,0.99998183
test_06137,0.99994635
test_06138,0.99881933
test_06139,0.99715247
test_06140,0.96424928
test_06141,0.98068594
test_06142,0.99557783
test_06143,0.00163285
test_06144,0.99433972
test_06145,0.00611057
test_06146,0.00009844
test_06147,0.91540645
test_06148,0.00227077
test_06149,0.00825371
test_06150,0.04877615
test_06151,0.22799223
test_06152,0.00053655
test_06153,0.99975498
test_06154,0.00039406
test_06155,0.99988380
test_06156,0.00158207
test_06157,0.00412773
test_06158,0.00720622
test_06159,0.48032464
test_06160,0.99976667
test_06161,0.05525024
test_06162,0.82878772
test_06163,0.98330760
test_06164,0.99262294
test_06165,0.00022071
test_06166,0.04702077
test_06167,0.23670374
test_06168,0.29216048
test_06169,0.99885306
test_06170,0.91065122
test_06171,0.00010488
test_06172,0.99319072
test_06173,0.99950686
test_06174,0.00002430
test_06175,0.00015769
test_06176,0.91105807
test_06177,0.99995524
test_06178,0.99990192
test_06179,0.47249368
test_06180,0.99986621
test_06181,0.00391391
test_06182,0.00027345
test_06183,0.99964632
test_06184,0.98644370
test_06185,0.59569634
test_06186,0.99993406
test_06187,0.01690221
test_06188,0.90114762
test_06189,0.00495158
test_06190,0.99282491
test_06191,0.00016491
test_06192,0.00011460
test_06193,0.87139271
test_06194,0.98988564
test_06195,0.06340842
test_06196,0.00170409
test_06197,0.99894907
test_06198,0.00173652
test_06199,0.99998517
test_06200,0.99640055
test_06201,0.99956643
test_06202,0.02678474
test_06203,0.20648618
test_06204,0.09750606
test_06205,0.73636109
test_06206,0.00355348
test_06207,0.98253379
test_06208,0.00492072
test_06209,0.00001001
test_06210,0.99920494
test_06211,0.99319835
test_06212,0.99995758
test_06213,0.00294705
test_06214,0.00966045
test_06215,0.98807546
test_06216,0.91171688
test_06217,0.99934372
test_06218,0.99679531
test_06219,0.43996129
test_06220,0.00002847
test_06221,0.00022988
test_06222,0.00015440
test_06223,0.00430580
test_06224,0.99865074
test_06225,0.99465191
test_06226,0.99702808
test_06227,0.00177336
test_06228,0.98798558
test_06229,0.00003863
test_06230,0.20320383
test_06231,0.00346405
test_06232,0.02600613
test_06233,0.00001183
test_06234,0.99788678
test_06235,0.00052485
test_06236,0.00052485
test_06237,0.99812657
test_06238,0.02935993
test_06239,0.99620323
test_06240,0.99642326
test_06241,0.97733032
test_06242,0.72745735
test_06243,0.99220545
test_06244,0.12305080
test_06245,0.99846500
test_06246,0.99914116
test_06247,0.83470468
test_06248,0.99997975
test_06249,0.99432488
test_06250,0.99993212
test_06251,0.01478980
test_06252,0.56603812
test_06253,0.11513389
test_06254,0.99763161
test_06255,0.00178220
test_06256,0.99964221
test_06257,0.99986406
test_06258,0.99135095
test_06259,0.88677079
test_06260,0.99990709
test_06261,0.01490084
test_06262,0.46514596
test_06263,0.97935653
test_06264,0.91549987
test_06265,0.99840260
test_06266,0.99792191
test_06267,0.99259059
test_06268,0.99996351
test_06269,0.28842313
test_06270,0.61927540
test_06271,0.99864281
test_06272,0.99969487
test_06273,0.95023878
test_06274,0.98440677
test_06275,0.99941346
test_06276,0.02723184
test_06277,0.99826956
test_06278,0.00162337
test_06279,0.00028250
test_06280,0.06683611
test_06281,0.99688430
test_06282,0.99918434
test_06283,0.00338296
test_06284,0.02215414
test_06285,0.04941527
test_06286,0.99610062
test_06287,0.00213931
test_06288,0.98778349
test_06289,0.02177420
test_06290,0.00698258
test_06291,0.00907672
test_06292,0.00053677
test_06293,0.00371397
test_06294,0.30770097
test_06295,0.00021764
test_06296,0.00243397
test_06297,0.97574236
test_06298,0.99992429
test_06299,0.99986007
test_06300,0.99977284
test_06301,0.10987241
test_06302,0.98637863
test_06303,0.00731823
test_06304,0.99773400
test_06305,0.02940632
test_06306,0.00164442
test_06307,0.11855490
test_06308,0.64406929
test_06309,0.99769534
test_06310,0.00098151
test_06311,0.00075654
test_06312,0.13942878
test_06313,0.07297020
test_06314,0.00021319
test_06315,0.00779101
test_06316,0.08177981
test_06317,0.98360965
test_06318,0.99841198
test_06319,0.25419214
test_06320,0.99996256
test_06321,0.99877438
test_06322,0.99968987
test_06323,0.51531428
test_06324,0.00241622
test_06325,0.99852686
test_06326,0.99152579
test_06327,0.00110741
test_06328,0.99938934
test_06329,0.38442406
test_06330,0.00003876
test_06331,0.00140154
test_06332,0.01661699
test_06333,0.99688358
test_06334,0.00025767
test_06335,0.87465064
test_06336,0.05585862
test_06337,0.00684054
test_06338,0.98093844
test_06339,0.99940554
test_06340,0.99988906
test_06341,0.00256006
test_06342,0.99937610
test_06343,0.00607362
test_06344,0.00165873
test_06345,0.01220973
test_06346,0.99709356
test_06347,0.00020913
test_06348,0.99963845
test_06349,0.08707201
test_06350,0.00057871
test_06351,0.99991515
test_06352,0.94498859
test_06353,0.00014983
test_06354,0.31625744
test_06355,0.98657917
test_06356,0.99488301
test_06357,0.00078573
test_06358,0.99162460
test_06359,0.99996607
test_06360,0.99994142
test_06361,0.01613403
test_06362,0.03248416
test_06363,0.26396697
test_06364,0.95881486
test_06365,0.02498421
test_06366,0.80904625
test_06367,0.89984335
test_06368,0.99925402
test_06369,0.99736295
test_06370,0.99998584
test_06371,0.00003480
test_06372,0.96431562
test_06373,0.99998517
test_06374,0.99988980
test_06375,0.02539985
test_06376,0.00891546
test_06377,0.99101549
test_06378,0.99341762
test_06379,0.00007808
test_06380,0.05003217
test_06381,0.00002025
test_06382,0.95826861
test_06383,0.00778431
test_06384,0.99601785
test_06385,0.61601520
test_06386,0.99998267
test_06387,0.99871319
test_06388,0.98786477
test_06389,0.01315658
test_06390,0.21330743
test_06391,0.00044387
test_06392,0.03613760
test_06393,0.00187505
test_06394,0.99999684
test_06395,0.02251312
test_06396,0.58504737
test_06397,0.00162073
test_06398,0.52392104
test_06399,0.00728289
test_06400,0.00013046
test_06401,0.90867934
test_06402,0.95835915
test_06403,0.00711834
test_06404,0.76841246
test_06405,0.00128601
test_06406,0.00001342
test_06407,0.00305237
test_06408,0.00234929
test_06409,0.99756277
test_06410,0.99971890
test_06411,0.23531691
test_06412,0.83590644
test_06413,0.00123301
test_06414,0.99232582
test_06415,0.00273530
test_06416,0.96656761
test_06417,0.96767165
test_06418,0.00184442
test_06419,0.99404776
test_06420,0.00007621
test_06421,0.99476743
test_06422,0.99958988
test_06423,0.99946581
test_06424,0.99960097
test_06425,0.03170201
test_06426,0.00052375
test_06427,0.21348085
test_06428,0.99854634
test_06429,0.00013074
test_06430,0.00285301
test_06431,0.99644957
test_06432,0.00196042
test_06433,0.83955377
test_06434,0.99800805
test_06435,0.99869412
test_06436,0.00963728
test_06437,0.32771562
test_06438,0.01328739
test_06439,0.99895883
test_06440,0.05583018
test_06441,0.98202158
test_06442,0.00014967
test_06443,0.00403717
test_06444,0.00041044
test_06445,0.04320487
test_06446,0.99816510
test_06447,0.99917233
test_06448,0.99907719
test_06449,0.00011492
test_06450,0.99903600
test_06451,0.99984855
test_06452,0.99721496
test_06453,0.00120284
test_06454,0.99938228
test_06455,0.99980372
test_06456,0.00000448
test_06457,0.99308678
test_06458,0.00757146
test_06459,0.99990675
test_06460,0.00108712
test_06461,0.00269815
test_06462,0.99883341
test_06463,0.99894666
test_06464,0.00251952
test_06465,0.02146252
test_06466,0.08454593
test_06467,0.07917029
test_06468,0.00240205
test_06469,0.99516177
test_06470,0.99825332
test_06471,0.00338216
test_06472,0.02368021
test_06473,0.99966217
test_06474,0.00027570
test_06475,0.99666206
test_06476,0.00005797
test_06477,0.00693182
test_06478,0.99882361
test_06479,0.99862601
test_06480,0.97203336
test_06481,0.00007017
test_06482,0.99920024
test_06483,0.01295007
test_06484,0.00000316
test_06485,0.99976494
test_06486,0.99930809
test_06487,0.00075855
test_06488,0.99991878
test_06489,0.00035009
test_06490,0.99997997
test_06491,0.00245902
test_06492,0.99737264
test_06493,0.00026461
test_06494,0.99265187
test_06495,0.00000316
test_06496,0.09012231
test_06497,0.99553882
test_06498,0.99811775
test_06499,0.00016206
test_06500,0.12231467
test_06501,0.00025475
test_06502,0.99984707
test_06503,0.00040142
test_06504,0.02366490
test_06505,0.00094469
test_06506,0.98773360
test_06507,0.98719884
test_06508,0.99995095
test_06509,0.00062500
test_06510,0.99303559
test_06511,0.91646899
test_06512,0.86022741
test_06513,0.99709982
test_06514,0.00288828
test_06515,0.99996916
test_06516,0.99997469
test_06517,0.55511352
test_06518,0.52063093
test_06519,0.00192628
test_06520,0.00022516
test_06521,0.99661239
test_06522,0.99985857
test_06523,0.99871805
test_06524,0.07591496
test_06525,0.02925074
test_06526,0.98909653
test_06527,0.01065228
test_06528,0.99229935
test_06529,0.00717156
test_06530,0.52720608
test_06531,0.99858700
test_06532,0.99313774
test_06533,0.99988764
test_06534,0.99843376
test_06535,0.99956424
test_06536,0.17553691
test_06537,0.00105184
test_06538,0.99867242
test_06539,0.25569186
test_06540,0.00216467
test_06541,0.91643513
test_06542,0.00008727
test_06543,0.00502616
test_06544,0.99862278
test_06545,0.99938791
test_06546,0.02190045
test_06547,0.95970610
test_06548,0.99347887
test_06549,0.00091111
test_06550,0.99774004
test_06551,0.03694512
test_06552,0.08704183
test_06553,0.99708880
test_06554,0.78313401
test_06555,0.00322419
test_06556,0.99973168
test_06557,0.01691257
test_06558,0.98121205
test_06559,0.00265741
test_06560,0.08932469
test_06561,0.10346300
test_06562,0.00031582
test_06563,0.02208175
test_06564,0.93442165
test_06565,0.99880075
test_06566,0.97308728
test_06567,0.87524963
test_06568,0.07465910
test_06569,0.01955709
test_06570,0.00291558
test_06571,0.00149998
test_06572,0.00185907
test_06573,0.01876821
test_06574,0.02634192
test_06575,0.03143502
test_06576,0.03344574
test_06577,0.00000100
test_06578,0.99963569
test_06579,0.01877951
test_06580,0.53733377
test_06581,0.00018857
test_06582,0.99931671
test_06583,0.07109584
test_06584,0.99387817
test_06585,0.00109307
test_06586,0.01593017
test_06587,0.99751489
test_06588,0.00113997
test_06589,0.99967586
test_06590,0.00238486
test_06591,0.00043535
test_06592,0.99176882
test_06593,0.99844257
test_06594,0.99924059
test_06595,0.03040510
test_06596,0.29976485
test_06597,0.28086744
test_06598,0.00180469
test_06599,0.00018968
test_06600,0.09874404
test_06601,0.00193053
test_06602,0.00611341
test_06603,0.01660950
test_06604,0.09800125
test_06605,0.01797290
test_06606,0.99974750
test_06607,0.00008368
test_06608,0.99780504
test_06609,0.95215539
test_06610,0.00043579
test_06611,0.90253246
test_06612,0.00754023
test_06613,0.00029205
test_06614,0.00550643
test_06615,0.33073999
test_06616,0.98958923
test_06617,0.99689732
test_06618,0.00171459
test_06619,0.00054124
test_06620,0.25462478
test_06621,0.00054861
test_06622,0.02201300
test_06623,0.02923900
test_06624,0.99983134
test_06625,0.97479407
test_06626,0.00399870
test_06627,0.00004114
test_06628,0.93784065
test_06629,0.00126079
test_06630,0.00424223
test_06631,0.00007211
test_06632,0.00067166
test_06633,0.00788185
test_06634,0.99688854
test_06635,0.00115705
test_06636,0.00019445
test_06637,0.00483685
test_06638,0.00144417
test_06639,0.99692302
test_06640,0.99979825
test_06641,0.02020294
test_06642,0.99856676
test_06643,0.99968006
test_06644,0.99944811
test_06645,0.99857948
test_06646,0.99997279
test_06647,0.99042367
test_06648,0.00833432
test_06649,0.38825644
test_06650,0.00741093
test_06651,0.99665077
test_06652,0.00026662
test_06653,0.99956030
test_06654,0.61612822
test_06655,0.00006937
test_06656,0.99732307
test_06657,0.99951605
test_06658,0.00135633
test_06659,0.99820314
test_06660,0.98669158
test_06661,0.01347609
test_06662,0.00208001
test_06663,0.00326353
test_06664,0.00201152
test_06665,0.00395370
test_06666,0.00818123
test_06667,0.99986527
test_06668,0.50694508
test_06669,0.00272410
test_06670,0.04643476
test_06671,0.99974472
test_06672,0.01181915
test_06673,0.00015878
test_06674,0.99998102
test_06675,0.00306729
test_06676,0.88631698
test_06677,0.99911440
test_06678,0.99940622
test_06679,0.00204344
test_06680,0.00089032
test_06681,0.93759025
test_06682,0.00012255
test_06683,0.98814525
test_06684,0.00077370
test_06685,0.99472994
test_06686,0.99882269
test_06687,0.00119128
test_06688,0.41023795
test_06689,0.99618893
test_06690,0.91036580
test_06691,0.00578377
test_06692,0.99680595
test_06693,0.97519567
test_06694,0.99449956
test_06695,0.03172018
test_06696,0.99707709
test_06697,0.99921821
test_06698,0.00072684
test_06699,0.20972944
test_06700,0.99991342
test_06701,0.99958494
test_06702,0.99907542
test_06703,0.00925178
test_06704,0.99989171
test_06705,0.99868522
test_06706,0.34502618
test_06707,0.00319718
test_06708,0.92983004
test_06709,0.90398979
test_06710,0.99968610
test_06711,0.99953985
test_06712,0.01100602
test_06713,0.99961967
test_06714,0.56059527
test_06715,0.00499836
test_06716,0.99966650
test_06717,0.99084701
test_06718,0.99886993
test_06719,0.96012508
test_06720,0.99523022
test_06721,0.05885963
test_06722,0.99945625
test_06723,0.99814837
test_06724,0.00484442
test_06725,0.36324508
test_06726,0.99122624
test_06727,0.08735622
test_06728,0.00134825
test_06729,0.00013564
test_06730,0.00330617
test_06731,0.98293119
test_06732,0.10209024
test_06733,0.96615471
test_06734,0.00022567
test_06735,0.99945036
test_06736,0.99991349
test_06737,0.99986586
test_06738,0.99988195
test_06739,0.97474663
test_06740,0.63856312
test_06741,0.99948257
test_06742,0.99973710
test_06743,0.99905188
test_06744,0.00056058
test_06745,0.00004187
test_06746,0.99415735
test_06747,0.98960928
test_06748,0.02128217
test_06749,0.99748764
test_06750,0.95073429
test_06751,0.01171356
test_06752,0.00120763
test_06753,0.00986608
test_06754,0.00012410
test_06755,0.97065827
test_06756,0.01529094
test_06757,0.95573109
test_06758,0.00195629
test_06759,0.00753547
test_06760,0.00206971
test_06761,0.99634835
test_06762,0.99344519
test_06763,0.99807944
test_06764,0.97394601
test_06765,0.99936123
test_06766,0.00011688
test_06767,0.00004475
test_06768,0.99996434
test_06769,0.00028056
test_06770,0.12219872
test_06771,0.97055715
test_06772,0.00380906
test_06773,0.99409527
test_06774,0.48900847
test_06775,0.00282375
test_06776,0.99927404
test_06777,0.99639457
test_06778,0.00010009
test_06779,0.99754782
test_06780,0.99992625
test_06781,0.99647630
test_06782,0.91441712
test_06783,0.94649523
test_06784,0.00001095
test_06785,0.99107350
test_06786,0.99815348
test_06787,0.00489351
test_06788,0.00794669
test_06789,0.00769673
test_06790,0.99352689
test_06791,0.96557502
test_06792,0.99940794
test_06793,0.00102611
test_06794,0.99840276
test_06795,0.00068300
test_06796,0.98262650
test_06797,0.21968175
test_06798,0.99993675
test_06799,0.00607145
test_06800,0.00207730
test_06801,0.99877864
test_06802,0.01214106
test_06803,0.00631813
test_06804,0.81772779
test_06805,0.00166288
test_06806,0.99950670
test_06807,0.97900514
test_06808,0.99997762
test_06809,0.99765942
test_06810,0.70619884
test_06811,0.99974960
test_06812,0.00798351
test_06813,0.97976954
test_06814,0.99997550
test_06815,0.99535157
test_06816,0.99937007
test_06817,0.00176242
test_06818,0.99962171
test_06819,0.96927914
test_06820,0.00124221
test_06821,0.78973090
test_06822,0.12352734
test_06823,0.00884978
test_06824,0.97765700
test_06825,0.00167831
test_06826,0.00101886
test_06827,0.00203541
test_06828,0.99820921
test_06829,0.99971085
test_06830,0.00154430
test_06831,0.22647617
test_06832,0.00054121
test_06833,0.00593107
test_06834,0.00267746
test_06835,0.00103053
test_06836,0.00439373
test_06837,0.01457206
test_06838,0.00033045
test_06839,0.10964844
test_06840,0.99014320
test_06841,0.00536987
test_06842,0.98305847
test_06843,0.00319837
test_06844,0.00002882
test_06845,0.00008802
test_06846,0.99960334
test_06847,0.99817427
test_06848,0.00380970
test_06849,0.96537229
test_06850,0.00306094
test_06851,0.00041130
test_06852,0.01529531
test_06853,0.03465476
test_06854,0.94051700
test_06855,0.00019451
test_06856,0.00089527
test_06857,0.12902943
test_06858,0.00023299
test_06859,0.94573051
test_06860,0.99915004
test_06861,0.00004791
test_06862,0.99794924
test_06863,0.99535331
test_06864,0.96545084
test_06865,0.46085042
test_06866,0.00237592
test_06867,0.00757538
test_06868,0.93754044
test_06869,0.00056209
test_06870,0.99450683
test_06871,0.99644747
test_06872,0.01932495
test_06873,0.00088381
test_06874,0.98100629
test_06875,0.06691705
test_06876,0.00020594
test_06877,0.99913356
test_06878,0.02832132
test_06879,0.94747819
test_06880,0.00485189
test_06881,0.97890650
test_06882,0.00308533
test_06883,0.13021573
test_06884,0.00042073
test_06885,0.64250885
test_06886,0.00339179
test_06887,0.95081607
test_06888,0.09266060
test_06889,0.99973611
test_06890,0.02198029
test_06891,0.00002830
test_06892,0.00008000
test_06893,0.06902555
test_06894,0.00204933
test_06895,0.00124118
test_06896,0.99904024
test_06897,0.50000000
test_06898,0.41110590
test_06899,0.05206002
test_06900,0.00051390
test_06901,0.95696688
test_06902,0.02026811
test_06903,0.99932149
test_06904,0.99983993
test_06905,0.99946548
test_06906,0.05161051
test_06907,0.99774424
test_06908,0.99893011
test_06909,0.00019343
test_06910,0.99988806
test_06911,0.99997242
test_06912,0.00176780
test_06913,0.00048657
test_06914,0.99579666
test_06915,0.19123060
test_06916,0.99952866
test_06917,0.00036634
test_06918,0.94432926
test_06919,0.99958187
test_06920,0.12655906
test_06921,0.99729441
test_06922,0.99782080
test_06923,0.99185151
test_06924,0.26770824
test_06925,0.00397918
test_06926,0.00164447
test_06927,0.00095133
test_06928,0.00082913
test_06929,0.51533441
test_06930,0.00278262
test_06931,0.00196204
test_06932,0.99982848
test_06933,0.99614028
test_06934,0.00170670
test_06935,0.00102886
test_06936,0.99538079
test_06937,0.86148180
test_06938,0.05155372
test_06939,0.00549387
test_06940,0.99268562
test_06941,0.46026484
test_06942,0.01441962
test_06943,0.04149210
test_06944,0.02048967
test_06945,0.00115363
test_06946,0.00487615
test_06947,0.99848657
test_06948,0.93711729
test_06949,0.99930881
test_06950,0.02572152
test_06951,0.00028540
test_06952,0.96162191
test_06953,0.00043650
test_06954,0.98570395
test_06955,0.99699088
test_06956,0.95515452
test_06957,0.99931215
test_06958,0.99773737
test_06959,0.00039199
test_06960,0.00037067
test_06961,0.99832317
test_06962,0.00319401
test_06963,0.11783650
test_06964,0.99997676
test_06965,0.07351889
test_06966,0.02592634
test_06967,0.00283502
test_06968,0.00079721
test_06969,0.00005103
test_06970,0.99998817
test_06971,0.99417257
test_06972,0.00236151
test_06973,0.99816992
test_06974,0.00017019
test_06975,0.98823812
test_06976,0.99869317
test_06977,0.98096411
test_06978,0.00014093
test_06979,0.61335384
test_06980,0.99740725
test_06981,0.99676141
test_06982,0.99650268
test_06983,0.00163180
test_06984,0.01833417
test_06985,0.00013270
test_06986,0.93726639
test_06987,0.00157335
test_06988,0.00074922
test_06989,0.00106650
test_06990,0.99917099
test_06991,0.99110292
test_06992,0.01964898
test_06993,0.00021951
test_06994,0.00247986
test_06995,0.00051776
test_06996,0.06672379
test_06997,0.95286246
test_06998,0.00000894
test_06999,0.98412011
test_07000,0.00604969
test_07001,0.98618778
test_07002,0.99789528
test_07003,0.03085931
test_07004,0.79932205
test_07005,0.98367338
test_07006,0.78854769
test_07007,0.00001416
test_07008,0.00294116
test_07009,0.99879052
test_07010,0.99743699
test_07011,0.99976537
test_07012,0.99115296
test_07013,0.28902497
test_07014,0.99983748
test_07015,0.99997206
test_07016,0.99959887
test_07017,0.00020644
test_07018,0.98499999
test_07019,0.99554703
test_07020,0.00180376
test_07021,0.99967523
test_07022,0.00169713
test_07023,0.98928860
test_07024,0.00262979
test_07025,0.99999225
test_07026,0.99921172
test_07027,0.01013700
test_07028,0.99397615
test_07029,0.90172002
test_07030,0.59807956
test_07031,0.00003226
test_07032,0.99908067
test_07033,0.99991623
test_07034,0.00363570
test_07035,0.00012376
test_07036,0.00103169
test_07037,0.12694131
test_07038,0.99813480
test_07039,0.02165138
test_07040,0.02280460
test_07041,0.99951255
test_07042,0.99990001
test_07043,0.01462471
test_07044,0.99452574
test_07045,0.04093778
test_07046,0.99959555
test_07047,0.99980205
test_07048,0.00012326
test_07049,0.02559993
test_07050,0.01775155
test_07051,0.00029045
test_07052,0.99389469
test_07053,0.00011322
test_07054,0.99843540
test_07055,0.99885932
test_07056,0.99895606
test_07057,0.00252383
test_07058,0.94774305
test_07059,0.78739564
test_07060,0.99966990
test_07061,0.97891932
test_07062,0.00582312
test_07063,0.15442626
test_07064,0.00003034
test_07065,0.10729131
test_07066,0.21102682
test_07067,0.99996548
test_07068,0.98104570
test_07069,0.96300356
test_07070,0.00025661
test_07071,0.00026402
test_07072,0.99497836
test_07073,0.99293496
test_07074,0.99200837
test_07075,0.99821516
test_07076,0.99973470
test_07077,0.07515539
test_07078,0.99712421
test_07079,0.99924243
test_07080,0.03477165
test_07081,0.00681468
test_07082,0.99716259
test_07083,0.01336655
test_07084,0.00883267
test_07085,0.01302393
test_07086,0.99897466
test_07087,0.00077335
test_07088,0.98431293
test_07089,0.00220086
test_07090,0.50638938
test_07091,0.00021321
test_07092,0.99898427
test_07093,0.98439395
test_07094,0.99897299
test_07095,0.03957317
test_07096,0.98156461
test_07097,0.01963592
test_07098,0.00039797
test_07099,0.00360587
test_07100,0.80414066
test_07101,0.99840493
test_07102,0.99179476
test_07103,0.99928183
test_07104,0.99985999
test_07105,0.00003824
test_07106,0.89509744
test_07107,0.00847689
test_07108,0.74462264
test_07109,0.07473833
test_07110,0.61439971
test_07111,0.03241565
test_07112,0.99136689
test_07113,0.00051704
test_07114,0.99457693
test_07115,0.75356136
test_07116,0.45590966
test_07117,0.00102542
test_07118,0.02500443
test_07119,0.00101587
test_07120,0.00650671
test_07121,0.01939410
test_07122,0.99520907
test_07123,0.28557388
test_07124,0.99748056
test_07125,0.99994460
test_07126,0.99559793
test_07127,0.99998357
test_07128,0.00047128
test_07129,0.00015050
test_07130,0.99511402
test_07131,0.99548534
test_07132,0.00018111
test_07133,0.00425413
test_07134,0.98654728
test_07135,0.00009495
test_07136,0.99986126
test_07137,0.99297540
test_07138,0.00022956
test_07139,0.00111811
test_07140,0.00340234
test_07141,0.00302073
test_07142,0.00388019
test_07143,0.00662183
test_07144,0.00119450
test_07145,0.20378818
test_07146,0.99988286
test_07147,0.01078230
test_07148,0.99867743
test_07149,0.00062301
test_07150,0.60017984
test_07151,0.01666995
test_07152,0.99956541
test_07153,0.96114463
test_07154,0.93986347
test_07155,0.00055734
test_07156,0.00578657
test_07157,0.99146822
test_07158,0.99807897
test_07159,0.00112298
test_07160,0.00361205
test_07161,0.00067560
test_07162,0.98150269
test_07163,0.99701788
test_07164,0.89520315
test_07165,0.92648316
test_07166,0.99975846
test_07167,0.00051671
test_07168,0.99941554
test_07169,0.00045015
test_07170,0.99931919
test_07171,0.62144431
test_07172,0.99968124
test_07173,0.98101556
test_07174,0.95645488
test_07175,0.99939115
test_07176,0.00141780
test_07177,0.00020939
test_07178,0.97316428
test_07179,0.00986211
test_07180,0.00192441
test_07181,0.10648738
test_07182,0.00196300
test_07183,0.00104250
test_07184,0.00103187
test_07185,0.99943890
test_07186,0.93042000
test_07187,0.00016019
test_07188,0.95556419
test_07189,0.00496473
test_07190,0.73078370
test_07191,0.00040819
test_07192,0.00537597
test_07193,0.00033085
test_07194,0.99419438
test_07195,0.91001591
test_07196,0.99718016
test_07197,0.01585106
test_07198,0.00005115
test_07199,0.00207978
test_07200,0.99910459
test_07201,0.04008922
test_07202,0.00261283
test_07203,0.99883730
test_07204,0.78631848
test_07205,0.00005476
test_07206,0.24809582
test_07207,0.99542510
test_07208,0.00068613
test_07209,0.69717466
test_07210,0.00303072
test_07211,0.02791049
test_07212,0.78504894
test_07213,0.03366025
test_07214,0.99965618
test_07215,0.91839250
test_07216,0.00110341
test_07217,0.00004903
test_07218,0.00661377
test_07219,0.99994177
test_07220,0.00101322
test_07221,0.97637541
test_07222,0.00508573
test_07223,0.00295060
test_07224,0.99890781
test_07225,0.02220235
test_07226,0.99387078
test_07227,0.99998156
test_07228,0.00428117
test_07229,0.00008431
test_07230,0.01720096
test_07231,0.00169295
test_07232,0.21382927
test_07233,0.98518129
test_07234,0.99739921
test_07235,0.99655363
test_07236,0.00113196
test_07237,0.99997170
test_07238,0.00024583
test_07239,0.97088279
test_07240,0.00798938
test_07241,0.00513763
test_07242,0.98422310
test_07243,0.05434554
test_07244,0.99956291
test_07245,0.11744148
test_07246,0.95892820
test_07247,0.97859896
test_07248,0.99939844
test_07249,0.03898735
test_07250,0.00136593
test_07251,0.00062137
test_07252,0.99414358
test_07253,0.00174075
test_07254,0.00514686
test_07255,0.87949981
test_07256,0.01025200
test_07257,0.97039720
test_07258,0.01479098
test_07259,0.88581299
test_07260,0.99972222
test_07261,0.00048039
test_07262,0.00135964
test_07263,0.99999225
test_07264,0.00006655
test_07265,0.98517336
test_07266,0.00092571
test_07267,0.62969833
test_07268,0.99178598
test_07269,0.97699640
test_07270,0.87336025
test_07271,0.99830727
test_07272,0.01268693
test_07273,0.99707667
test_07274,0.89712936
test_07275,0.00631210
test_07276,0.00050715
test_07277,0.99874514
test_07278,0.99056252
test_07279,0.00012599
test_07280,0.00005494
test_07281,0.00002628
test_07282,0.54515455
test_07283,0.00085971
test_07284,0.95296046
test_07285,0.99553402
test_07286,0.01053999
test_07287,0.97468871
test_07288,0.00212294
test_07289,0.15116009
test_07290,0.00219575
test_07291,0.99871754
test_07292,0.00118631
test_07293,0.00082327
test_07294,0.99854714
test_07295,0.99480040
test_07296,0.08290178
test_07297,0.99960619
test_07298,0.00058806
test_07299,0.74396583
test_07300,0.00296563
test_07301,0.98974681
test_07302,0.00040585
test_07303,0.99996835
test_07304,0.02954643
test_07305,0.00621734
test_07306,0.21654366
test_07307,0.00143252
test_07308,0.00309858
test_07309,0.00131031
test_07310,0.00355828
test_07311,0.00467210
test_07312,0.99297415
test_07313,0.00221991
test_07314,0.94686683
test_07315,0.27605218
test_07316,0.54900260
test_07317,0.99772088
test_07318,0.00016797
test_07319,0.98919462
test_07320,0.99964196
test_07321,0.47188396
test_07322,0.57944509
test_07323,0.01497887
test_07324,0.51131338
test_07325,0.51586954
test_07326,0.90062521
test_07327,0.99985424
test_07328,0.99996835
test_07329,0.00766246
test_07330,0.00686500
test_07331,0.00009337
test_07332,0.00049480
test_07333,0.13825850
test_07334,0.96524764
test_07335,0.96846741
test_07336,0.04396618
test_07337,0.63339450
test_07338,0.98628769
test_07339,0.00072894
test_07340,0.99992503
test_07341,0.10989687
test_07342,0.00724777
test_07343,0.99979501
test_07344,0.73268395
test_07345,0.00028067
test_07346,0.00294721
test_07347,0.00039506
test_07348,0.75661744
test_07349,0.00722918
test_07350,0.99797528
test_07351,0.00011154
test_07352,0.67182289
test_07353,0.90587004
test_07354,0.98689904
test_07355,0.99997999
test_07356,0.99997548
test_07357,0.99873025
test_07358,0.99504753
test_07359,0.00143686
test_07360,0.99810623
test_07361,0.93467247
test_07362,0.00061931
test_07363,0.98948033
test_07364,0.01980920
test_07365,0.94973509
test_07366,0.99946461
test_07367,0.99286944
test_07368,0.00514170
test_07369,0.00789156
test_07370,0.99899984
test_07371,0.00555077
test_07372,0.06691025
test_07373,0.99992998
test_07374,0.00320645
test_07375,0.42544416
test_07376,0.31129786
test_07377,0.00261822
test_07378,0.99992452
test_07379,0.00659127
test_07380,0.13081453
test_07381,0.00132824
test_07382,0.98250042
test_07383,0.99789566
test_07384,0.74358909
test_07385,0.01264628
test_07386,0.00973768
test_07387,0.00121797
test_07388,0.92626428
test_07389,0.00199651
test_07390,0.00367293
test_07391,0.99998326
test_07392,0.83220394
test_07393,0.99987155
test_07394,0.75051798
test_07395,0.99987413
test_07396,0.00022001
test_07397,0.78796540
test_07398,0.99929864
test_07399,0.98653473
test_07400,0.99654341
test_07401,0.02977789
test_07402,0.99922613
test_07403,0.00068779
test_07404,0.00174818
test_07405,0.99981373
test_07406,0.00007147
test_07407,0.00011195
test_07408,0.08624589
test_07409,0.99212267
test_07410,0.97530238
test_07411,0.07942579
test_07412,0.00092389
test_07413,0.99970652
test_07414,0.00007483
test_07415,0.44736310
test_07416,0.00095628
test_07417,0.17335575
test_07418,0.99759775
test_07419,0.00058047
test_07420,0.00017551
test_07421,0.02417750
test_07422,0.99866604
test_07423,0.99974348
test_07424,0.02117374
test_07425,0.00133564
test_07426,0.06198825
test_07427,0.15478680
test_07428,0.10907081
test_07429,0.23378500
test_07430,0.00039213
test_07431,0.97867857
test_07432,0.00006486
test_07433,0.09270330
test_07434,0.00292177
test_07435,0.00106385
test_07436,0.00188963
test_07437,0.99649122
test_07438,0.96960341
test_07439,0.14316459
test_07440,0.00052753
test_07441,0.01646264
test_07442,0.00520201
test_07443,0.99993114
test_07444,0.15731611
test_07445,0.05372490
test_07446,0.00001001
test_07447,0.00017689
test_07448,0.01404077
test_07449,0.99923224
test_07450,0.99959294
test_07451,0.99870474
test_07452,0.00237162
test_07453,0.00324460
test_07454,0.99644626
test_07455,0.30352874
test_07456,0.99762598
test_07457,0.99862373
test_07458,0.99991009
test_07459,0.99998584
test_07460,0.01234001
test_07461,0.99975199
test_07462,0.98616069
test_07463,0.00427646
test_07464,0.62766968
test_07465,0.99260089
test_07466,0.03915620
test_07467,0.98923077
test_07468,0.99986074
test_07469,0.00281365
test_07470,0.99998951
test_07471,0.82280000
test_07472,0.93153645
test_07473,0.00001183
test_07474,0.00016634
test_07475,0.94122519
test_07476,0.01575173
test_07477,0.01455274
test_07478,0.99772031
test_07479,0.99953386
test_07480,0.00142873
test_07481,0.00102065
test_07482,0.97686489
test_07483,0.85078739
test_07484,0.85469249
test_07485,0.98836715
test_07486,0.99990471
test_07487,0.00009808
test_07488,0.00160769
test_07489,0.99944395
test_07490,0.47240531
test_07491,0.01781060
test_07492,0.00460594
test_07493,0.97871222
test_07494,0.99419064
test_07495,0.99987103
test_07496,0.00014410
test_07497,0.00402343
test_07498,0.78032173
test_07499,0.00132112
test_07500,0.00220357
test_07501,0.00023474
test_07502,0.99998267
test_07503,0.01611009
test_07504,0.03420506
test_07505,0.97301058
test_07506,0.93428647
test_07507,0.00142269
test_07508,0.00078215
test_07509,0.99447214
test_07510,0.84898924
test_07511,0.98609851
test_07512,0.00016845
test_07513,0.99782360
test_07514,0.99810257
test_07515,0.99925603
test_07516,0.99997612
test_07517,0.99999225
test_07518,0.00093135
test_07519,0.05207966
test_07520,0.00039839
test_07521,0.00302201
test_07522,0.99948909
test_07523,0.00427804
test_07524,0.48711403
test_07525,0.38808169
test_07526,0.00022847
test_07527,0.34173895
test_07528,0.99993568
test_07529,0.00058458
test_07530,0.99925149
test_07531,0.99104045
test_07532,0.99536431
test_07533,0.00342846
test_07534,0.36368166
test_07535,0.03284903
test_07536,0.08457413
test_07537,0.00186546
test_07538,0.20626791
test_07539,0.99939566
test_07540,0.00431552
test_07541,0.97806966
test_07542,0.99867141
test_07543,0.00656144
test_07544,0.98221593
test_07545,0.03488062
test_07546,0.99244273
test_07547,0.99966576
test_07548,0.01290425
test_07549,0.98533261
test_07550,0.99935164
test_07551,0.99971610
test_07552,0.00604517
test_07553,0.99913307
test_07554,0.99876558
test_07555,0.00000100
test_07556,0.00032728
test_07557,0.99868558
test_07558,0.92220425
test_07559,0.99690480
test_07560,0.26458222
test_07561,0.00005448
test_07562,0.31868827
test_07563,0.99986432
test_07564,0.99903821
test_07565,0.03422090
test_07566,0.03730102
test_07567,0.00353599
test_07568,0.00008371
test_07569,0.94531228
test_07570,0.50768250
test_07571,0.00229052
test_07572,0.99908871
test_07573,0.99998156
test_07574,0.99974374
test_07575,0.00040965
test_07576,0.07327796
test_07577,0.00697434
test_07578,0.00077745
test_07579,0.00068592
test_07580,0.99867617
test_07581,0.00115431
test_07582,0.00124024
test_07583,0.99881480
test_07584,0.94109585
test_07585,0.66677038
test_07586,0.99964489
test_07587,0.12319663
test_07588,0.99976337
test_07589,0.98541637
test_07590,0.00150591
test_07591,0.99911273
test_07592,0.00142837
test_07593,0.99949004
test_07594,0.06861818
test_07595,0.01943516
test_07596,0.01252394
test_07597,0.92313986
test_07598,0.46736555
test_07599,0.99816370
test_07600,0.00193237
test_07601,0.00025712
test_07602,0.00037775
test_07603,0.99992297
test_07604,0.03466004
test_07605,0.00103510
test_07606,0.00000949
test_07607,0.00193618
test_07608,0.28011733
test_07609,0.99969290
test_07610,0.00038762
test_07611,0.00055932
test_07612,0.00006004
test_07613,0.00331469
test_07614,0.98871957
test_07615,0.99925822
test_07616,0.99452393
test_07617,0.89383973
test_07618,0.99981804
test_07619,0.00044088
test_07620,0.07070759
test_07621,0.00056328
test_07622,0.00094956
test_07623,0.99998025
test_07624,0.00333133
test_07625,0.00207313
test_07626,0.99989358
test_07627,0.99340913
test_07628,0.99967564
test_07629,0.00586703
test_07630,0.99755385
test_07631,0.00023246
test_07632,0.05394759
test_07633,0.00470491
test_07634,0.99934820
test_07635,0.99969793
test_07636,0.00012276
test_07637,0.99669284
test_07638,0.99920693
test_07639,0.00166494
test_07640,0.00556824
test_07641,0.99428599
test_07642,0.02435526
test_07643,0.99934079
test_07644,0.99954073
test_07645,0.00307749
test_07646,0.96514060
test_07647,0.99998999
test_07648,0.00387713
test_07649,0.99393161
test_07650,0.99987520
test_07651,0.67432017
test_07652,0.97047028
test_07653,0.99989889
test_07654,0.99795501
test_07655,0.02959432
test_07656,0.09576625
test_07657,0.99940305
test_07658,0.00369505
test_07659,0.99982967
test_07660,0.87910532
test_07661,0.99850493
test_07662,0.02881487
test_07663,0.00211257
test_07664,0.00154106
test_07665,0.00123367
test_07666,0.99973765
test_07667,0.05780762
test_07668,0.00012140
test_07669,0.99844011
test_07670,0.00768255
test_07671,0.00064606
test_07672,0.14702089
test_07673,0.00493377
test_07674,0.93614034
test_07675,0.00529056
test_07676,0.01213683
test_07677,0.24718473
test_07678,0.04026839
test_07679,0.00012145
test_07680,0.99935524
test_07681,0.27667990
test_07682,0.04199181
test_07683,0.99996229
test_07684,0.99461626
test_07685,0.02397534
test_07686,0.00033147
test_07687,0.92748278
test_07688,0.76512366
test_07689,0.99995097
test_07690,0.99746384
test_07691,0.01357954
test_07692,0.99987218
test_07693,0.99589561
test_07694,0.00143190
test_07695,0.26771136
test_07696,0.00751567
test_07697,0.99951343
test_07698,0.98265167
test_07699,0.00600601
test_07700,0.96495576
test_07701,0.03912121
test_07702,0.00486452
test_07703,0.99976674
test_07704,0.99306889
test_07705,0.04528609
test_07706,0.91983673
test_07707,0.03189063
test_07708,0.99969403
test_07709,0.70153130
test_07710,0.99999106
test_07711,0.99173097
test_07712,0.00051701
test_07713,0.00125174
test_07714,0.00013114
test_07715,0.99964722
test_07716,0.98890040
test_07717,0.00334029
test_07718,0.00919834
test_07719,0.01134057
test_07720,0.00307948
test_07721,0.00288783
test_07722,0.00448771
test_07723,0.00014141
test_07724,0.99979875
test_07725,0.99956177
test_07726,0.73923441
test_07727,0.01360982
test_07728,0.02001401
test_07729,0.99949744
test_07730,0.00007347
test_07731,0.00142750
test_07732,0.59569835
test_07733,0.99944859
test_07734,0.05048205
test_07735,0.00111356
test_07736,0.00095059
test_07737,0.99995306
test_07738,0.01329375
test_07739,0.41816900
test_07740,0.00216410
test_07741,0.00187458
test_07742,0.54804795
test_07743,0.98904513
test_07744,0.00393584
test_07745,0.74611883
test_07746,0.95954470
test_07747,0.00101259
test_07748,0.00273789
test_07749,0.99949573
test_07750,0.99973328
test_07751,0.02461751
test_07752,0.00036743
test_07753,0.92505392
test_07754,0.01839779
test_07755,0.00952692
test_07756,0.99410008
test_07757,0.00175113
test_07758,0.02120037
test_07759,0.87398804
test_07760,0.36869889
test_07761,0.95516797
test_07762,0.99503212
test_07763,0.99906438
test_07764,0.99545622
test_07765,0.46448888
test_07766,0.99863905
test_07767,0.00023377
test_07768,0.18870964
test_07769,0.00026524
test_07770,0.00276676
test_07771,0.83685926
test_07772,0.99996998
test_07773,0.99780919
test_07774,0.00141193
test_07775,0.00037433
test_07776,0.44462169
test_07777,0.99971408
test_07778,0.60578614
test_07779,0.99753919
test_07780,0.24846859
test_07781,0.00127849
test_07782,0.00242746
test_07783,0.00004580
test_07784,0.03863699
test_07785,0.00640896
test_07786,0.09416252
test_07787,0.99621324
test_07788,0.99993915
test_07789,0.99916975
test_07790,0.00376237
test_07791,0.00129652
test_07792,0.03338822
test_07793,0.00004246
test_07794,0.01355517
test_07795,0.94812981
test_07796,0.00028353
test_07797,0.00180751
test_07798,0.99991473
test_07799,0.97840566
test_07800,0.41831215
test_07801,0.00002609
test_07802,0.74589303
test_07803,0.99833932
test_07804,0.99968478
test_07805,0.00261333
test_07806,0.00310953
test_07807,0.00107722
test_07808,0.00144029
test_07809,0.00016694
test_07810,0.00548860
test_07811,0.99258910
test_07812,0.38901414
test_07813,0.98808677
test_07814,0.26439867
test_07815,0.00005411
test_07816,0.00166248
test_07817,0.99883094
test_07818,0.00129311
test_07819,0.99121126
test_07820,0.03592003
test_07821,0.99664544
test_07822,0.03582531
test_07823,0.00080505
test_07824,0.99079286
test_07825,0.99990693
test_07826,0.00067685
test_07827,0.20453689
test_07828,0.00371167
test_07829,0.99795902
test_07830,0.01727326
test_07831,0.99956764
test_07832,0.99896662
test_07833,0.89561708
test_07834,0.94803729
test_07835,0.99973491
test_07836,0.05130314
test_07837,0.00006981
test_07838,0.99993857
test_07839,0.99984118
test_07840,0.98541871
test_07841,0.00008130
test_07842,0.01711718
test_07843,0.00027766
test_07844,0.99810981
test_07845,0.99993561
test_07846,0.00748680
test_07847,0.98939056
test_07848,0.00344738
test_07849,0.99393921
test_07850,0.99986769
test_07851,0.01229425
test_07852,0.98556446
test_07853,0.00088480
test_07854,0.98789843
test_07855,0.01335476
test_07856,0.00414372
test_07857,0.39698698
test_07858,0.00015124
test_07859,0.83725622
test_07860,0.00024269
test_07861,0.00335871
test_07862,0.00014495
test_07863,0.41973378
test_07864,0.40409591
test_07865,0.94740221
test_07866,0.35069882
test_07867,0.00001095
test_07868,0.99989116
test_07869,0.99848881
test_07870,0.55610239
test_07871,0.99904331
test_07872,0.12450314
test_07873,0.00365273
test_07874,0.00758799
test_07875,0.00014793
test_07876,0.91652065
test_07877,0.00334874
test_07878,0.00757383
test_07879,0.00074475
test_07880,0.98147596
test_07881,0.99814186
test_07882,0.98242704
test_07883,0.99430549
test_07884,0.65641898
test_07885,0.98757597
test_07886,0.00002830
test_07887,0.99253171
test_07888,0.01203788
test_07889,0.99992645
test_07890,0.95458075
test_07891,0.99888823
test_07892,0.04585217
test_07893,0.81116672
test_07894,0.00079167
test_07895,0.04559602
test_07896,0.98754860
test_07897,0.00233999
test_07898,0.99991228
test_07899,0.99993460
test_07900,0.99984579
test_07901,0.99953630
test_07902,0.00045976
test_07903,0.05254625
test_07904,0.00025311
test_07905,0.94313910
test_07906,0.00212369
test_07907,0.84729967
test_07908,0.00043550
test_07909,0.99549955
test_07910,0.97957914
test_07911,0.98749787
test_07912,0.01247594
test_07913,0.00096781
test_07914,0.00009960
test_07915,0.00027946
test_07916,0.96509820
test_07917,0.00019496
test_07918,0.00020672
test_07919,0.00139803
test_07920,0.00451015
test_07921,0.99988513
test_07922,0.13162401
test_07923,0.99354462
test_07924,0.00446043
test_07925,0.00024017
test_07926,0.00333981
test_07927,0.98570162
test_07928,0.78654903
test_07929,0.00014665
test_07930,0.00169646
test_07931,0.01150292
test_07932,0.99860598
test_07933,0.99631614
test_07934,0.00036389
test_07935,0.06239242
test_07936,0.01142613
test_07937,0.34820299
test_07938,0.99293038
test_07939,0.00292818
test_07940,0.00321312
test_07941,0.32407666
test_07942,0.00032111
test_07943,0.98944674
test_07944,0.00774287
test_07945,0.00137441
test_07946,0.00016229
test_07947,0.99878407
test_07948,0.75477638
test_07949,0.99877093
test_07950,0.99453271
test_07951,0.00001225
test_07952,0.05632178
test_07953,0.00302111
test_07954,0.01047833
test_07955,0.00003566
test_07956,0.04624729
test_07957,0.60343757
test_07958,0.02061588
test_07959,0.99348784
test_07960,0.00007558
test_07961,0.99944839
test_07962,0.00209882
test_07963,0.99587188
test_07964,0.00002628
test_07965,0.00022284
test_07966,0.85938885
test_07967,0.99746622
test_07968,0.00622920
test_07969,0.00225016
test_07970,0.00042925
test_07971,0.00138554
test_07972,0.97743001
test_07973,0.00025191
test_07974,0.99998735
test_07975,0.00249117
test_07976,0.11915005
test_07977,0.07456751
test_07978,0.99399500
test_07979,0.00048806
test_07980,0.91774994
test_07981,0.00402551
test_07982,0.00119640
test_07983,0.00274324
test_07984,0.86707726
test_07985,0.99986363
test_07986,0.12706683
test_07987,0.00001140
test_07988,0.00654719
test_07989,0.00158149
test_07990,0.20328678
test_07991,0.99924866
test_07992,0.00094974
test_07993,0.99960861
test_07994,0.74517751
test_07995,0.99871894
test_07996,0.99994497
test_07997,0.99887389
test_07998,0.99745419
test_07999,0.99977105
test_08000,0.02213924
test_08001,0.00005004
test_08002,0.00477939
test_08003,0.36237867
test_08004,0.00276162
test_08005,0.99976185
test_08006,0.99142312
test_08007,0.00266762
test_08008,0.95371399
test_08009,0.00472217
test_08010,0.99771377
test_08011,0.99981116
test_08012,0.99537850
test_08013,0.00165296
test_08014,0.04216216
test_08015,0.00007657
test_08016,0.99939371
test_08017,0.41678223
test_08018,0.99988500
test_08019,0.99952696
test_08020,0.99666892
test_08021,0.33788301
test_08022,0.00126921
test_08023,0.00022550
test_08024,0.01651493
test_08025,0.84183874
test_08026,0.99842842
test_08027,0.02686269
test_08028,0.06241132
test_08029,0.97375950
test_08030,0.01881503
test_08031,0.00014891
test_08032,0.99913257
test_08033,0.00730693
test_08034,0.99998775
test_08035,0.00017838
test_08036,0.99724032
test_08037,0.00006052
test_08038,0.97896074
test_08039,0.99831198
test_08040,0.99709565
test_08041,0.83792268
test_08042,0.99899950
test_08043,0.00598302
test_08044,0.04234103
test_08045,0.00793402
test_08046,0.02471725
test_08047,0.00233147
test_08048,0.01608717
test_08049,0.98681587
test_08050,0.00059691
test_08051,0.01354960
test_08052,0.99690009
test_08053,0.87652692
test_08054,0.00065217
test_08055,0.99995525
test_08056,0.99844205
test_08057,0.00252049
test_08058,0.05460675
test_08059,0.00724615
test_08060,0.99933914
test_08061,0.00648673
test_08062,0.99877119
test_08063,0.04224127
test_08064,0.47701716
test_08065,0.99429680
test_08066,0.01983744
test_08067,0.85604677
test_08068,0.58026264
test_08069,0.96571956
test_08070,0.00021591
test_08071,0.99951604
test_08072,0.00767960
test_08073,0.96466678
test_08074,0.04725821
test_08075,0.95121180
test_08076,0.00240749
test_08077,0.00244855
test_08078,0.80348702
test_08079,0.00223032
test_08080,0.99877137
test_08081,0.00034202
test_08082,0.00290568
test_08083,0.99841937
test_08084,0.00718784
test_08085,0.00047976
test_08086,0.00644416
test_08087,0.99794570
test_08088,0.99935533
test_08089,0.00408629
test_08090,0.01712726
test_08091,0.99836454
test_08092,0.97992870
test_08093,0.44186961
test_08094,0.00034472
test_08095,0.99898073
test_08096,0.00062774
test_08097,0.99531591
test_08098,0.00607382
test_08099,0.04238081
test_08100,0.99985439
test_08101,0.00105273
test_08102,0.00004246
test_08103,0.99860893
test_08104,0.00110165
test_08105,0.99894773
test_08106,0.99995391
test_08107,0.89779934
test_08108,0.00002570
test_08109,0.99199245
test_08110,0.99957261
test_08111,0.00256424
test_08112,0.99999163
test_08113,0.00211087
test_08114,0.05625022
test_08115,0.00173752
test_08116,0.99881654
test_08117,0.00916118
test_08118,0.00207830
test_08119,0.83680666
test_08120,0.00048766
test_08121,0.00685094
test_08122,0.99844793
test_08123,0.06687258
test_08124,0.34165013
test_08125,0.99957222
test_08126,0.02336905
test_08127,0.00128254
test_08128,0.59318965
test_08129,0.00915405
test_08130,0.00006200
test_08131,0.99841723
test_08132,0.00067123
test_08133,0.00274072
test_08134,0.00034576
test_08135,0.00270684
test_08136,0.99822705
test_08137,0.00478892
test_08138,0.00124813
test_08139,0.99547870
test_08140,0.99064479
test_08141,0.97809615
test_08142,0.99999051
test_08143,0.52067397
test_08144,0.99395967
test_08145,0.01266918
test_08146,0.98008665
test_08147,0.09082158
test_08148,0.02980961
test_08149,0.02270162
test_08150,0.97640184
test_08151,0.99506041
test_08152,0.01118339
test_08153,0.96723729
test_08154,0.00408266
test_08155,0.00169030
test_08156,0.00046533
test_08157,0.00482408
test_08158,0.00165344
test_08159,0.99992290
test_08160,0.99923200
test_08161,0.99020332
test_08162,0.11849080
test_08163,0.99982853
test_08164,0.00025879
test_08165,0.00990883
test_08166,0.00057358
test_08167,0.00717910
test_08168,0.99994800
test_08169,0.98652239
test_08170,0.00058971
test_08171,0.99368245
test_08172,0.93470219
test_08173,0.00128662
test_08174,0.01884368
test_08175,0.99983295
test_08176,0.99716737
test_08177,0.99926100
test_08178,0.99246447
test_08179,0.93208023
test_08180,0.00002430
test_08181,0.05318728
test_08182,0.00672998
test_08183,0.99766083
test_08184,0.99804480
test_08185,0.94740716
test_08186,0.98168121
test_08187,0.74675607
test_08188,0.00771011
test_08189,0.00481645
test_08190,0.00409092
test_08191,0.99429661
test_08192,0.99839355
test_08193,0.99995825
test_08194,0.41613115
test_08195,0.00003273
test_08196,0.00659381
test_08197,0.99991516
test_08198,0.99780976
test_08199,0.00198626
test_08200,0.99965092
test_08201,0.00348443
test_08202,0.99820376
test_08203,0.57254240
test_08204,0.85356667
test_08205,0.96699201
test_08206,0.09440253
test_08207,0.87633666
test_08208,0.65570633
test_08209,0.00159369
test_08210,0.00049944
test_08211,0.00025222
test_08212,0.99985738
test_08213,0.99991171
test_08214,0.00087770
test_08215,0.00225675
test_08216,0.00036055
test_08217,0.99753048
test_08218,0.98268773
test_08219,0.68418369
test_08220,0.00323178
test_08221,0.00505202
test_08222,0.98700236
test_08223,0.00004476
test_08224,0.00089866
test_08225,0.00037782
test_08226,0.99831921
test_08227,0.99275282
test_08228,0.99991900
test_08229,0.00002003
test_08230,0.02006802
test_08231,0.00181521
test_08232,0.00604372
test_08233,0.00061323
test_08234,0.00018893
test_08235,0.00336257
test_08236,0.01975434
test_08237,0.99777796
test_08238,0.99951155
test_08239,0.99258772
test_08240,0.40644727
test_08241,0.88957011
test_08242,0.99333811
test_08243,0.00010736
test_08244,0.91781771
test_08245,0.14291676
test_08246,0.03261910
test_08247,0.04424780
test_08248,0.56891727
test_08249,0.99969787
test_08250,0.27942157
test_08251,0.99943986
test_08252,0.99836090
test_08253,0.00023238
test_08254,0.95846958
test_08255,0.00004003
test_08256,0.00103225
test_08257,0.00042145
test_08258,0.99694289
test_08259,0.99781736
test_08260,0.86413421
test_08261,0.99937708
test_08262,0.99917792
test_08263,0.99855872
test_08264,0.99536457
test_08265,0.99308964
test_08266,0.99922162
test_08267,0.00450464
test_08268,0.02983929
test_08269,0.99925941
test_08270,0.00272664
test_08271,0.91501194
test_08272,0.91460435
test_08273,0.97390355
test_08274,0.97107920
test_08275,0.01276126
test_08276,0.99975729
test_08277,0.00053210
test_08278,0.01189899
test_08279,0.15468372
test_08280,0.00066667
test_08281,0.98674640
test_08282,0.99584638
test_08283,0.98217215
test_08284,0.98606044
test_08285,0.98277731
test_08286,0.00029515
test_08287,0.01551340
test_08288,0.00353120
test_08289,0.00012314
test_08290,0.00278942
test_08291,0.06764276
test_08292,0.00035719
test_08293,0.98982877
test_08294,0.32026250
test_08295,0.99987804
test_08296,0.99833992
test_08297,0.99986273
test_08298,0.00654178
test_08299,0.00004242
test_08300,0.99968985
test_08301,0.37509387
test_08302,0.99958867
test_08303,0.99966104
test_08304,0.98929444
test_08305,0.21091212
test_08306,0.00155587
test_08307,0.96385533
test_08308,0.99662713
test_08309,0.01358440
test_08310,0.99330115
test_08311,0.01114997
test_08312,0.99978705
test_08313,0.95912089
test_08314,0.00026561
test_08315,0.99818330
test_08316,0.99966327
test_08317,0.99617198
test_08318,0.01163771
test_08319,0.99817906
test_08320,0.88689057
test_08321,0.13538513
test_08322,0.99935667
test_08323,0.99855031
test_08324,0.61688989
test_08325,0.99738969
test_08326,0.02562592
test_08327,0.00014386
test_08328,0.00464457
test_08329,0.99717512
test_08330,0.99569811
test_08331,0.99442819
test_08332,0.00107651
test_08333,0.00345224
test_08334,0.98707377
test_08335,0.61596941
test_08336,0.22782541
test_08337,0.99928337
test_08338,0.98131231
test_08339,0.00785869
test_08340,0.00005004
test_08341,0.99917550
test_08342,0.03620050
test_08343,0.99160816
test_08344,0.81138031
test_08345,0.99965694
test_08346,0.00143765
test_08347,0.00154498
test_08348,0.99958049
test_08349,0.00056967
test_08350,0.90287457
test_08351,0.99937121
test_08352,0.02769253
test_08353,0.99833523
test_08354,0.00125219
test_08355,0.99119394
test_08356,0.86745389
test_08357,0.00075907
test_08358,0.98303369
test_08359,0.99968724
test_08360,0.93808455
test_08361,0.80066842
test_08362,0.00005749
test_08363,0.99991686
test_08364,0.01253670
test_08365,0.01030160
test_08366,0.42220955
test_08367,0.94027903
test_08368,0.99926786
test_08369,0.00301632
test_08370,0.99934105
test_08371,0.00091161
test_08372,0.00207429
test_08373,0.99845314
test_08374,0.99646162
test_08375,0.00049498
test_08376,0.96718818
test_08377,0.70039938
test_08378,0.96920266
test_08379,0.99937542
test_08380,0.99989344
test_08381,0.99905970
test_08382,0.96108820
test_08383,0.00210525
test_08384,0.00029640
test_08385,0.00143362
test_08386,0.00003744
test_08387,0.00363926
test_08388,0.00072073
test_08389,0.93382008
test_08390,0.01062499
test_08391,0.00024378
test_08392,0.99915639
test_08393,0.99985714
test_08394,0.00145187
test_08395,0.00149328
test_08396,0.02662202
test_08397,0.01495673
test_08398,0.99868749
test_08399,0.00554358
test_08400,0.03094861
test_08401,0.01756101
test_08402,0.03360689
test_08403,0.00627362
test_08404,0.99539784
test_08405,0.00165648
test_08406,0.00054110
test_08407,0.99870891
test_08408,0.00980811
test_08409,0.00007762
test_08410,0.99117457
test_08411,0.99955876
test_08412,0.99817430
test_08413,0.00084660
test_08414,0.02701987
test_08415,0.00002450
test_08416,0.99983565
test_08417,0.95068668
test_08418,0.99880478
test_08419,0.00278612
test_08420,0.99851638
test_08421,0.00763144
test_08422,0.99627931
test_08423,0.99953530
test_08424,0.00147973
test_08425,0.00569057
test_08426,0.00037053
test_08427,0.99825369
test_08428,0.99960053
test_08429,0.00065566
test_08430,0.91138372
test_08431,0.19260009
test_08432,0.00064216
test_08433,0.12983572
test_08434,0.99323066
test_08435,0.00127576
test_08436,0.99933979
test_08437,0.00012636
test_08438,0.98660377
test_08439,0.97874931
test_08440,0.99319554
test_08441,0.07170343
test_08442,0.97919355
test_08443,0.00084039
test_08444,0.00206814
test_08445,0.99080175
test_08446,0.00851682
test_08447,0.00338016
test_08448,0.22762898
test_08449,0.98852733
test_08450,0.47955086
test_08451,0.00333696
test_08452,0.00213221
test_08453,0.00203343
test_08454,0.00081319
test_08455,0.91323745
test_08456,0.99972610
test_08457,0.98984888
test_08458,0.00070754
test_08459,0.99921362
test_08460,0.99971807
test_08461,0.00169623
test_08462,0.01334901
test_08463,0.97911108
test_08464,0.00217913
test_08465,0.99996086
test_08466,0.00912807
test_08467,0.00067291
test_08468,0.99862214
test_08469,0.00134928
test_08470,0.00118451
test_08471,0.05048420
test_08472,0.99973746
test_08473,0.00006455
test_08474,0.95081273
test_08475,0.00043711
test_08476,0.95569130
test_08477,0.99942154
test_08478,0.98995751
test_08479,0.80509374
test_08480,0.06409047
test_08481,0.01925679
test_08482,0.99840280
test_08483,0.00300051
test_08484,0.99997153
test_08485,0.10815573
test_08486,0.76167996
test_08487,0.95175306
test_08488,0.01355256
test_08489,0.00840374
test_08490,0.99763533
test_08491,0.99184602
test_08492,0.99997878
test_08493,0.48259101
test_08494,0.32482333
test_08495,0.07601263
test_08496,0.21229313
test_08497,0.96417004
test_08498,0.00018266
test_08499,0.67061317
test_08500,0.99970090
test_08501,0.00319113
test_08502,0.99970897
test_08503,0.00081903
test_08504,0.92869364
test_08505,0.00204861
test_08506,0.53596142
test_08507,0.00008119
test_08508,0.99515053
test_08509,0.98784669
test_08510,0.99897395
test_08511,0.21148231
test_08512,0.98103352
test_08513,0.99949266
test_08514,0.00036488
test_08515,0.99691407
test_08516,0.99995479
test_08517,0.99996392
test_08518,0.99892163
test_08519,0.99978182
test_08520,0.00392006
test_08521,0.00988651
test_08522,0.01499622
test_08523,0.00084003
test_08524,0.02021996
test_08525,0.97278482
test_08526,0.00110916
test_08527,0.03907828
test_08528,0.00009488
test_08529,0.99490207
test_08530,0.00002001
test_08531,0.01752733
test_08532,0.99820894
test_08533,0.99894374
test_08534,0.00459046
test_08535,0.99979549
test_08536,0.00512244
test_08537,0.99875602
test_08538,0.96537826
test_08539,0.05738415
test_08540,0.99924711
test_08541,0.00017063
test_08542,0.98185328
test_08543,0.02830594
test_08544,0.99735882
test_08545,0.99739190
test_08546,0.77449860
test_08547,0.99967683
test_08548,0.02079889
test_08549,0.00506295
test_08550,0.96884078
test_08551,0.99697653
test_08552,0.40431149
test_08553,0.99751173
test_08554,0.00037299
test_08555,0.99694553
test_08556,0.00009163
test_08557,0.00258205
test_08558,0.00153709
test_08559,0.99464857
test_08560,0.03438296
test_08561,0.99822370
test_08562,0.97725822
test_08563,0.00001304
test_08564,0.00135666
test_08565,0.99994705
test_08566,0.99971046
test_08567,0.86168429
test_08568,0.99593687
test_08569,0.02841333
test_08570,0.01912396
test_08571,0.00017547
test_08572,0.99740067
test_08573,0.99996534
test_08574,0.00368862
test_08575,0.99690135
test_08576,0.97728756
test_08577,0.99986648
test_08578,0.00032236
test_08579,0.99237731
test_08580,0.98819471
test_08581,0.99865881
test_08582,0.01166182
test_08583,0.00056764
test_08584,0.00905834
test_08585,0.00519627
test_08586,0.87725767
test_08587,0.00217558
test_08588,0.99239428
test_08589,0.41967160
test_08590,0.99651896
test_08591,0.00028323
test_08592,0.96579282
test_08593,0.00856779
test_08594,0.00228504
test_08595,0.97194642
test_08596,0.99259926
test_08597,0.57272378
test_08598,0.99532520
test_08599,0.32854855
test_08600,0.99859438
test_08601,0.99983234
test_08602,0.99718189
test_08603,0.97249640
test_08604,0.99929603
test_08605,0.13468902
test_08606,0.99968910
test_08607,0.99977770
test_08608,0.02616968
test_08609,0.04490014
test_08610,0.92996855
test_08611,0.00121996
test_08612,0.99873226
test_08613,0.24193177
test_08614,0.99604452
test_08615,0.02677313
test_08616,0.99825439
test_08617,0.00304773
test_08618,0.00089230
test_08619,0.99888658
test_08620,0.99854712
test_08621,0.99997855
test_08622,0.99974328
test_08623,0.00186151
test_08624,0.76540088
test_08625,0.99354321
test_08626,0.10869700
test_08627,0.01563654
test_08628,0.99978236
test_08629,0.00598924
test_08630,0.99920774
test_08631,0.07284945
test_08632,0.00061157
test_08633,0.99841085
test_08634,0.99922867
test_08635,0.99674781
test_08636,0.14636358
test_08637,0.99156016
test_08638,0.99876854
test_08639,0.00906711
test_08640,0.00274365
test_08641,0.05449467
test_08642,0.99894706
test_08643,0.01159262
test_08644,0.99926585
test_08645,0.00007917
test_08646,0.00154521
test_08647,0.00005832
test_08648,0.00015197
test_08649,0.98443870
test_08650,0.99331622
test_08651,0.99114816
test_08652,0.99046278
test_08653,0.97085840
test_08654,0.00037212
test_08655,0.98045723
test_08656,0.00351050
test_08657,0.99958733
test_08658,0.99932293
test_08659,0.02515853
test_08660,0.03351703
test_08661,0.81465970
test_08662,0.00039358
test_08663,0.00008492
test_08664,0.00051347
test_08665,0.00000448
test_08666,0.99989915
test_08667,0.99907365
test_08668,0.99878783
test_08669,0.99910916
test_08670,0.97909385
test_08671,0.80383167
test_08672,0.99901686
test_08673,0.99974870
test_08674,0.99989655
test_08675,0.00011932
test_08676,0.92102269
test_08677,0.97695736
test_08678,0.98903887
test_08679,0.99958557
test_08680,0.99967412
test_08681,0.04212006
test_08682,0.03940852
test_08683,0.90371867
test_08684,0.02530929
test_08685,0.99251678
test_08686,0.99863239
test_08687,0.00174626
test_08688,0.99914741
test_08689,0.99840777
test_08690,0.00176141
test_08691,0.99929158
test_08692,0.99871872
test_08693,0.00061177
test_08694,0.00801195
test_08695,0.99866256
test_08696,0.00067398
test_08697,0.00042492
test_08698,0.93076444
test_08699,0.28364718
test_08700,0.99889204
test_08701,0.99686057
test_08702,0.00062997
test_08703,0.19931056
test_08704,0.00267604
test_08705,0.00065221
test_08706,0.00534024
test_08707,0.99952227
test_08708,0.98708484
test_08709,0.99657760
test_08710,0.00002238
test_08711,0.99307496
test_08712,0.00299141
test_08713,0.99950158
test_08714,0.99794476
test_08715,0.00144054
test_08716,0.99836412
test_08717,0.14378842
test_08718,0.70273671
test_08719,0.99844714
test_08720,0.99390468
test_08721,0.99297757
test_08722,0.99106925
test_08723,0.99537676
test_08724,0.00039370
test_08725,0.96734360
test_08726,0.99906987
test_08727,0.00660893
test_08728,0.00005572
test_08729,0.97031874
test_08730,0.04032321
test_08731,0.99992254
test_08732,0.57741097
test_08733,0.02988742
test_08734,0.99931093
test_08735,0.01848464
test_08736,0.99974189
test_08737,0.00008401
test_08738,0.50000000
test_08739,0.00351208
test_08740,0.00698012
test_08741,0.16152186
test_08742,0.64149343
test_08743,0.00025782
test_08744,0.28288980
test_08745,0.99641921
test_08746,0.00502107
test_08747,0.99966671
test_08748,0.00143898
test_08749,0.00743334
test_08750,0.94340019
test_08751,0.01187900
test_08752,0.02328990
test_08753,0.95544541
test_08754,0.00018777
test_08755,0.99361541
test_08756,0.99491910
test_08757,0.99957773
test_08758,0.00082342
test_08759,0.00008063
test_08760,0.00540411
test_08761,0.55675843
test_08762,0.99010717
test_08763,0.00551029
test_08764,0.82034754
test_08765,0.00625157
test_08766,0.99972871
test_08767,0.00071114
test_08768,0.99845265
test_08769,0.00048395
test_08770,0.99470868
test_08771,0.72192771
test_08772,0.00897451
test_08773,0.01121491
test_08774,0.00005103
test_08775,0.93371855
test_08776,0.99950763
test_08777,0.00018079
test_08778,0.99044657
test_08779,0.90921886
test_08780,0.07484264
test_08781,0.99219677
test_08782,0.08327702
test_08783,0.99998999
test_08784,0.92290120
test_08785,0.12916325
test_08786,0.97421256
test_08787,0.01691265
test_08788,0.15513678
test_08789,0.77373768
test_08790,0.00051727
test_08791,0.00190806
test_08792,0.00117073
test_08793,0.00141137
test_08794,0.00038995
test_08795,0.99965306
test_08796,0.99977408
test_08797,0.87304453
test_08798,0.99880155
test_08799,0.99666338
test_08800,0.99743598
test_08801,0.99929335
test_08802,0.99565074
test_08803,0.99950962
test_08804,0.01326288
test_08805,0.99950258
test_08806,0.94367961
test_08807,0.02230811
test_08808,0.99967662
test_08809,0.99599084
test_08810,0.00027337
test_08811,0.99984645
test_08812,0.04493858
test_08813,0.99643283
test_08814,0.00438071
test_08815,0.00001733
test_08816,0.00017337
test_08817,0.95631475
test_08818,0.01030722
test_08819,0.99589164
test_08820,0.97124396
test_08821,0.00272637
test_08822,0.99093612
test_08823,0.11257357
test_08824,0.48945189
test_08825,0.99311395
test_08826,0.00195984
test_08827,0.99934332
test_08828,0.99287911
test_08829,0.03584340
test_08830,0.99540050
test_08831,0.78112849
test_08832,0.00431651
test_08833,0.99919720
test_08834,0.79968520
test_08835,0.98434068
test_08836,0.47212177
test_08837,0.67682523
test_08838,0.89938103
test_08839,0.99875061
test_08840,0.87097605
test_08841,0.99932707
test_08842,0.00455721
test_08843,0.96603432
test_08844,0.00299124
test_08845,0.00042280
test_08846,0.98561004
test_08847,0.99054288
test_08848,0.00046142
test_08849,0.00196595
test_08850,0.99856835
test_08851,0.00192111
test_08852,0.00389075
test_08853,0.99639609
test_08854,0.99228291
test_08855,0.85168736
test_08856,0.75181537
test_08857,0.99670480
test_08858,0.99556425
test_08859,0.02003353
test_08860,0.99978419
test_08861,0.95284303
test_08862,0.00229098
test_08863,0.00591056
test_08864,0.09378422
test_08865,0.00706325
test_08866,0.99660151
test_08867,0.99868578
test_08868,0.00003552
test_08869,0.93151391
test_08870,0.93734283
test_08871,0.99832569
test_08872,0.00822949
test_08873,0.99746731
test_08874,0.00646293
test_08875,0.99986741
test_08876,0.99893349
test_08877,0.89365395
test_08878,0.99697324
test_08879,0.99824814
test_08880,0.89863941
test_08881,0.98735065
test_08882,0.02508804
test_08883,0.01459950
test_08884,0.99996256
test_08885,0.00937913
test_08886,0.00005448
test_08887,0.00156712
test_08888,0.39818358
test_08889,0.99965037
test_08890,0.27669326
test_08891,0.05726583
test_08892,0.19239806
test_08893,0.06872157
test_08894,0.99976981
test_08895,0.02391322
test_08896,0.99995126
test_08897,0.00004884
test_08898,0.99468026
test_08899,0.00237014
test_08900,0.99712604
test_08901,0.99717454
test_08902,0.99410718
test_08903,0.97966572
test_08904,0.99991684
test_08905,0.99119031
test_08906,0.99918746
test_08907,0.84794423
test_08908,0.99998999
test_08909,0.00563577
test_08910,0.00015200
test_08911,0.99973550
test_08912,0.01384921
test_08913,0.00180466
test_08914,0.00128423
test_08915,0.40079381
test_08916,0.99021944
test_08917,0.99344409
test_08918,0.99879390
test_08919,0.95748160
test_08920,0.00009799
test_08921,0.79476783
test_08922,0.00178225
test_08923,0.96444721
test_08924,0.99772048
test_08925,0.99936817
test_08926,0.00037901
test_08927,0.09131032
test_08928,0.01363462
test_08929,0.99908066
test_08930,0.99999552
test_08931,0.01254047
test_08932,0.50000000
test_08933,0.96018155
test_08934,0.69398301
test_08935,0.99251877
test_08936,0.99957498
test_08937,0.98865751
test_08938,0.99998621
test_08939,0.00015169
test_08940,0.00717063
test_08941,0.00482552
test_08942,0.88885062
test_08943,0.97890121
test_08944,0.99938303
test_08945,0.99992379
test_08946,0.99839113
test_08947,0.97297779
test_08948,0.99498586
test_08949,0.02240613
test_08950,0.00235414
test_08951,0.99992019
test_08952,0.99729841
test_08953,0.94808281
test_08954,0.99597441
test_08955,0.99941789
test_08956,0.99107954
test_08957,0.00184504
test_08958,0.00308440
test_08959,0.00040857
test_08960,0.92563039
test_08961,0.00238498
test_08962,0.00069633
test_08963,0.00178358
test_08964,0.00487891
test_08965,0.00321859
test_08966,0.99819474
test_08967,0.00016432
test_08968,0.98440057
test_08969,0.00011075
test_08970,0.99964084
test_08971,0.00521110
test_08972,0.00022383
test_08973,0.99891571
test_08974,0.00503202
test_08975,0.08856834
test_08976,0.00131283
test_08977,0.97967513
test_08978,0.31912166
test_08979,0.99992119
test_08980,0.99618821
test_08981,0.99985852
test_08982,0.99788566
test_08983,0.89978132
test_08984,0.08334012
test_08985,0.00068152
test_08986,0.93803635
test_08987,0.00012963
test_08988,0.00028808
test_08989,0.99934420
test_08990,0.00193290
test_08991,0.00261769
test_08992,0.00154504
test_08993,0.45567925
test_08994,0.99943895
test_08995,0.00002409
test_08996,0.99971337
test_08997,0.99149321
test_08998,0.91184625
test_08999,0.99116087
test_09000,0.99901546
test_09001,0.97506818
test_09002,0.00059955
test_09003,0.99150902
test_09004,0.00506307
test_09005,0.99978802
test_09006,0.99733344
test_09007,0.98678213
test_09008,0.20340627
test_09009,0.87255131
test_09010,0.99720697
test_09011,0.00003495
test_09012,0.97429201
test_09013,0.99830895
test_09014,0.00090110
test_09015,0.96164351
test_09016,0.99260069
test_09017,0.77302703
test_09018,0.99939213
test_09019,0.99941705
test_09020,0.00292470
test_09021,0.30181807
test_09022,0.99636547
test_09023,0.00398351
test_09024,0.99948649
test_09025,0.99943391
test_09026,0.99950469
test_09027,0.99811963
test_09028,0.12018203
test_09029,0.00038591
test_09030,0.97942210
test_09031,0.00611668
test_09032,0.99697688
test_09033,0.68435634
test_09034,0.00000316
test_09035,0.00416115
test_09036,0.00519047
test_09037,0.00084877
test_09038,0.00062993
test_09039,0.00425945
test_09040,0.99337534
test_09041,0.65673952
test_09042,0.99916073
test_09043,0.02076214
test_09044,0.88180945
test_09045,0.00286712
test_09046,0.99884280
test_09047,0.00807182
test_09048,0.01401018
test_09049,0.99989466
test_09050,0.02362926
test_09051,0.98349410
test_09052,0.99991497
test_09053,0.99886248
test_09054,0.99370897
test_09055,0.00067513
test_09056,0.00825683
test_09057,0.00136799
test_09058,0.99707245
test_09059,0.16680878
test_09060,0.99984817
test_09061,0.00908440
test_09062,0.01839287
test_09063,0.99901902
test_09064,0.00277775
test_09065,0.98101745
test_09066,0.62276187
test_09067,0.99916112
test_09068,0.00076638
test_09069,0.00015802
test_09070,0.01627343
test_09071,0.94056098
test_09072,0.99966470
test_09073,0.99924104
test_09074,0.99942163
test_09075,0.89709901
test_09076,0.01454365
test_09077,0.99995157
test_09078,0.99998584
test_09079,0.99997975
test_09080,0.99893157
test_09081,0.71743281
test_09082,0.00063873
test_09083,0.99959977
test_09084,0.25422453
test_09085,0.99775352
test_09086,0.99997633
test_09087,0.01162265
test_09088,0.00152891
test_09089,0.82820574
test_09090,0.70477651
test_09091,0.00065430
test_09092,0.00004126
test_09093,0.01157606
test_09094,0.99832728
test_09095,0.98915192
test_09096,0.00019800
test_09097,0.02799714
test_09098,0.99510073
test_09099,0.24026749
test_09100,0.00973938
test_09101,0.05336396
test_09102,0.00056470
test_09103,0.01228946
test_09104,0.99926672
test_09105,0.00136127
test_09106,0.48168079
test_09107,0.00008304
test_09108,0.99968930
test_09109,0.00016089
test_09110,0.99744845
test_09111,0.99823312
test_09112,0.99959986
test_09113,0.99412251
test_09114,0.00141774
test_09115,0.02200384
test_09116,0.99637022
test_09117,0.00210904
test_09118,0.98729470
test_09119,0.00696946
test_09120,0.99955745
test_09121,0.97406959
test_09122,0.99533738
test_09123,0.00133687
test_09124,0.99387990
test_09125,0.99977827
test_09126,0.00105966
test_09127,0.99192078
test_09128,0.00005299
test_09129,0.00025789
test_09130,0.00101196
test_09131,0.00426827
test_09132,0.04414377
test_09133,0.01649331
test_09134,0.00244002
test_09135,0.99997762
test_09136,0.99972339
test_09137,0.99999106
test_09138,0.99291093
test_09139,0.00633892
test_09140,0.99953511
test_09141,0.00443633
test_09142,0.00043469
test_09143,0.02960162
test_09144,0.95220859
test_09145,0.98399010
test_09146,0.00028959
test_09147,0.95536229
test_09148,0.00007053
test_09149,0.99832919
test_09150,0.08654092
test_09151,0.04040813
test_09152,0.00382220
test_09153,0.62504930
test_09154,0.99964037
test_09155,0.13974328
test_09156,0.08012004
test_09157,0.00191486
test_09158,0.98788247
test_09159,0.02832514
test_09160,0.99009352
test_09161,0.99857434
test_09162,0.00059481
test_09163,0.99575036
test_09164,0.00617294
test_09165,0.00108128
test_09166,0.99766567
test_09167,0.05908992
test_09168,0.99975627
test_09169,0.99589407
test_09170,0.16760321
test_09171,0.60619734
test_09172,0.98306173
test_09173,0.99957275
test_09174,0.00746275
test_09175,0.00051022
test_09176,0.01039985
test_09177,0.17082950
test_09178,0.99987409
test_09179,0.00378822
test_09180,0.07317519
test_09181,0.05303050
test_09182,0.99990609
test_09183,0.00023813
test_09184,0.00037877
test_09185,0.02394521
test_09186,0.03956078
test_09187,0.99431339
test_09188,0.00034598
test_09189,0.00063250
test_09190,0.99404860
test_09191,0.98842909
test_09192,0.00131162
test_09193,0.99794630
test_09194,0.00095898
test_09195,0.99962008
test_09196,0.99995874
test_09197,0.97374432
test_09198,0.00219939
test_09199,0.99590196
test_09200,0.00004003
test_09201,0.01310947
test_09202,0.00024962
test_09203,0.99992789
test_09204,0.98854797
test_09205,0.92563051
test_09206,0.83698939
test_09207,0.00274749
test_09208,0.50910342
test_09209,0.00033664
test_09210,0.73034878
test_09211,0.99123665
test_09212,0.00009656
test_09213,0.99305885
test_09214,0.96528269
test_09215,0.61148253
test_09216,0.00116617
test_09217,0.92460862
test_09218,0.99779097
test_09219,0.99959191
test_09220,0.97377686
test_09221,0.99146329
test_09222,0.01064896
test_09223,0.60441488
test_09224,0.98683819
test_09225,0.99947786
test_09226,0.99830995
test_09227,0.00076681
test_09228,0.00295087
test_09229,0.00076587
test_09230,0.65867887
test_09231,0.99960349
test_09232,0.00596953
test_09233,0.00694151
test_09234,0.99468809
test_09235,0.00462631
test_09236,0.00882405
test_09237,0.98129971
test_09238,0.99981670
test_09239,0.65919165
test_09240,0.12964229
test_09241,0.00041757
test_09242,0.99710880
test_09243,0.00027350
test_09244,0.45047229
test_09245,0.99995683
test_09246,0.99024185
test_09247,0.00244787
test_09248,0.67460990
test_09249,0.99195218
test_09250,0.00995419
test_09251,0.00068109
test_09252,0.00017664
test_09253,0.99998183
test_09254,0.19720520
test_09255,0.41223837
test_09256,0.98968614
test_09257,0.03170327
test_09258,0.00271235
test_09259,0.99739921
test_09260,0.00507913
test_09261,0.04512082
test_09262,0.60905767
test_09263,0.06719072
test_09264,0.34035399
test_09265,0.64201362
test_09266,0.99889417
test_09267,0.99517487
test_09268,0.99911498
test_09269,0.00519172
test_09270,0.00020672
test_09271,0.98751903
test_09272,0.99285683
test_09273,0.99940015
test_09274,0.04577707
test_09275,0.00077306
test_09276,0.54588705
test_09277,0.99999552
test_09278,0.00544878
test_09279,0.00058723
test_09280,0.00159415
test_09281,0.77059023
test_09282,0.00235450
test_09283,0.00000448
test_09284,0.99829008
test_09285,0.00059561
test_09286,0.02157891
test_09287,0.97484313
test_09288,0.14432539
test_09289,0.97716701
test_09290,0.00088289
test_09291,0.99683614
test_09292,0.97239479
test_09293,0.00365362
test_09294,0.02160999
test_09295,0.02378898
test_09296,0.01682653
test_09297,0.96342012
test_09298,0.71137809
test_09299,0.00210118
test_09300,0.00002098
test_09301,0.00276085
test_09302,0.99679993
test_09303,0.99954621
test_09304,0.02262263
test_09305,0.99838573
test_09306,0.00205882
test_09307,0.03705543
test_09308,0.00018979
test_09309,0.99893389
test_09310,0.99989830
test_09311,0.06420973
test_09312,0.99964128
test_09313,0.95807661
test_09314,0.00000316
test_09315,0.04822688
test_09316,0.99725972
test_09317,0.99987935
test_09318,0.76841246
test_09319,0.57508458
test_09320,0.97931662
test_09321,0.96050593
test_09322,0.99063257
test_09323,0.99997411
test_09324,0.95175980
test_09325,0.99929513
test_09326,0.79833963
test_09327,0.00053250
test_09328,0.39182055
test_09329,0.00063536
test_09330,0.00056579
test_09331,0.99998156
test_09332,0.01253993
test_09333,0.85877285
test_09334,0.99920442
test_09335,0.01721416
test_09336,0.03496476
test_09337,0.03774700
test_09338,0.36389156
test_09339,0.02795781
test_09340,0.97119926
test_09341,0.00457685
test_09342,0.87943604
test_09343,0.00014423
test_09344,0.99876597
test_09345,0.98284098
test_09346,0.76585612
test_09347,0.00085470
test_09348,0.89919947
test_09349,0.00658530
test_09350,0.99763092
test_09351,0.97129955
test_09352,0.00075427
test_09353,0.00004694
test_09354,0.99717499
test_09355,0.99944725
test_09356,0.99230347
test_09357,0.99985625
test_09358,0.00002450
test_09359,0.00049599
test_09360,0.35375053
test_09361,0.02630363
test_09362,0.00071238
test_09363,0.99880635
test_09364,0.00013579
test_09365,0.00028199
test_09366,0.95359905
test_09367,0.16239704
test_09368,0.63948561
test_09369,0.02957910
test_09370,0.00047373
test_09371,0.00829962
test_09372,0.99995528
test_09373,0.00134184
test_09374,0.99982529
test_09375,0.01056990
test_09376,0.00046673
test_09377,0.38937175
test_09378,0.99547844
test_09379,0.99997118
test_09380,0.00087060
test_09381,0.99632405
test_09382,0.99971871
test_09383,0.97909191
test_09384,0.00104163
test_09385,0.99995251
test_09386,0.99927976
test_09387,0.99803568
test_09388,0.78783643
test_09389,0.99876929
test_09390,0.88745534
test_09391,0.00211141
test_09392,0.00081311
test_09393,0.00914534
test_09394,0.99993005
test_09395,0.22951763
test_09396,0.21634321
test_09397,0.00039089
test_09398,0.99060000
test_09399,0.00058396
test_09400,0.81538975
test_09401,0.87823744
test_09402,0.99711957
test_09403,0.00726641
test_09404,0.93210642
test_09405,0.00535329
test_09406,0.92526700
test_09407,0.95272240
test_09408,0.00875644
test_09409,0.02372750
test_09410,0.99945532
test_09411,0.99993519
test_09412,0.99912483
test_09413,0.99890085
test_09414,0.00126672
test_09415,0.99950400
test_09416,0.99981850
test_09417,0.01014159
test_09418,0.99976866
test_09419,0.01311672
test_09420,0.99922119
test_09421,0.00038256
test_09422,0.00011834
test_09423,0.00108443
test_09424,0.99887259
test_09425,0.05164950
test_09426,0.82804369
test_09427,0.01624535
test_09428,0.00694793
test_09429,0.96758573
test_09430,0.87821912
test_09431,0.99736075
test_09432,0.03331319
test_09433,0.84907696
test_09434,0.99740224
test_09435,0.84970370
test_09436,0.00033346
test_09437,0.00131256
test_09438,0.94206327
test_09439,0.00750898
test_09440,0.99962616
test_09441,0.00067872
test_09442,0.00467919
test_09443,0.99706972
test_09444,0.99952871
test_09445,0.37217324
test_09446,0.09440404
test_09447,0.16099195
test_09448,0.96282869
test_09449,0.99787283
test_09450,0.99925596
test_09451,0.01199947
test_09452,0.99953271
test_09453,0.99551242
test_09454,0.25941516
test_09455,0.99997548
test_09456,0.99990402
test_09457,0.00093095
test_09458,0.00368450
test_09459,0.99983367
test_09460,0.99996111
test_09461,0.99943593
test_09462,0.00190166
test_09463,0.01913532
test_09464,0.04702973
test_09465,0.99896198
test_09466,0.01110864
test_09467,0.99168065
test_09468,0.04283046
test_09469,0.01117058
test_09470,0.99993679
test_09471,0.03341307
test_09472,0.99991532
test_09473,0.00594485
test_09474,0.02336682
test_09475,0.99989523
test_09476,0.93455774
test_09477,0.24435194
test_09478,0.00046729
test_09479,0.52707021
test_09480,0.00044908
test_09481,0.00034741
test_09482,0.00268123
test_09483,0.99718351
test_09484,0.00157373
test_09485,0.02168065
test_09486,0.07418497
test_09487,0.99945779
test_09488,0.00025352
test_09489,0.99380077
test_09490,0.00436243
test_09491,0.02156781
test_09492,0.99976559
test_09493,0.02065528
test_09494,0.96283987
test_09495,0.00818193
test_09496,0.00423933
test_09497,0.00060540
test_09498,0.99925027
test_09499,0.97351109
test_09500,0.99980350
test_09501,0.99778265
test_09502,0.01220981
test_09503,0.98609480
test_09504,0.05783141
test_09505,0.99950183
test_09506,0.69296931
test_09507,0.99953026
test_09508,0.99913176
test_09509,0.00751752
test_09510,0.21390352
test_09511,0.00469977
test_09512,0.00437071
test_09513,0.42355056
test_09514,0.99872133
test_09515,0.00063196
test_09516,0.97951358
test_09517,0.99198205
test_09518,0.00032198
test_09519,0.99515660
test_09520,0.60036544
test_09521,0.99934370
test_09522,0.00043963
test_09523,0.00524507
test_09524,0.99975574
test_09525,0.99678508
test_09526,0.99579756
test_09527,0.02116588
test_09528,0.01577375
test_09529,0.99814831
test_09530,0.00097836
test_09531,0.00077692
test_09532,0.03095416
test_09533,0.98741859
test_09534,0.99672311
test_09535,0.00164581
test_09536,0.00012871
test_09537,0.99962793
test_09538,0.00182755
test_09539,0.99862741
test_09540,0.00076522
test_09541,0.01169888
test_09542,0.00455982
test_09543,0.99795678
test_09544,0.99857017
test_09545,0.98578617
test_09546,0.03025536
test_09547,0.00067456
test_09548,0.00298387
test_09549,0.99791685
test_09550,0.00006424
test_09551,0.18047843
test_09552,0.99599458
test_09553,0.00219554
test_09554,0.00076690
test_09555,0.00063247
test_09556,0.12804524
test_09557,0.84345128
test_09558,0.04232709
test_09559,0.98196637
test_09560,0.13279248
test_09561,0.02359372
test_09562,0.99784634
test_09563,0.00048041
test_09564,0.99448874
test_09565,0.99984997
test_09566,0.03664372
test_09567,0.99813958
test_09568,0.99962695
test_09569,0.01024209
test_09570,0.02663848
test_09571,0.00181030
test_09572,0.09337284
test_09573,0.99797776
test_09574,0.99998156
test_09575,0.65173108
test_09576,0.01246669
test_09577,0.00253145
test_09578,0.00099818
test_09579,0.99955803
test_09580,0.00351270
test_09581,0.99655358
test_09582,0.99594777
test_09583,0.01072559
test_09584,0.99373192
test_09585,0.66698096
test_09586,0.94344052
test_09587,0.00172957
test_09588,0.99786272
test_09589,0.98592107
test_09590,0.99722199
test_09591,0.99957929
test_09592,0.99568740
test_09593,0.00202331
test_09594,0.99793292
test_09595,0.99876502
test_09596,0.99800721
test_09597,0.99849957
test_09598,0.97405806
test_09599,0.00129403
test_09600,0.00014436
test_09601,0.93649230
test_09602,0.00248844
test_09603,0.01224778
test_09604,0.07780648
test_09605,0.99434668
test_09606,0.96027165
test_09607,0.00919819
test_09608,0.00128983
test_09609,0.94511066
test_09610,0.99364312
test_09611,0.02029180
test_09612,0.99935224
test_09613,0.02509831
test_09614,0.02222561
test_09615,0.00223143
test_09616,0.00229818
test_09617,0.99996681
test_09618,0.01282435
test_09619,0.05179250
test_09620,0.99996086
test_09621,0.99997999
test_09622,0.00157247
test_09623,0.99961172
test_09624,0.00773516
test_09625,0.99982749
test_09626,0.99802825
test_09627,0.00421344
test_09628,0.00536971
test_09629,0.99839936
test_09630,0.99950955
test_09631,0.00020739
test_09632,0.00072056
test_09633,0.99838241
test_09634,0.05245968
test_09635,0.78805089
test_09636,0.02816299
test_09637,0.13803653
test_09638,0.00225701
test_09639,0.99652357
test_09640,0.00011498
test_09641,0.00024691
test_09642,0.03467915
test_09643,0.99718769
test_09644,0.00014797
test_09645,0.83116190
test_09646,0.00044753
test_09647,0.00017267
test_09648,0.99896728
test_09649,0.00064594
test_09650,0.56880499
test_09651,0.02549719
test_09652,0.98741680
test_09653,0.99880755
test_09654,0.01314827
test_09655,0.92555467
test_09656,0.99935566
test_09657,0.00097975
test_09658,0.00792458
test_09659,0.31412683
test_09660,0.94922764
test_09661,0.99999368
test_09662,0.00042642
test_09663,0.99951202
test_09664,0.82239739
test_09665,0.00176999
test_09666,0.96907559
test_09667,0.01277334
test_09668,0.00002324
test_09669,0.99878934
test_09670,0.00692682
test_09671,0.00169273
test_09672,0.99975134
test_09673,0.02229024
test_09674,0.00376482
test_09675,0.00089650
test_09676,0.99964256
test_09677,0.00437820
test_09678,0.98596479
test_09679,0.12282663
test_09680,0.99684818
test_09681,0.77202539
test_09682,0.00004897
test_09683,0.00272743
test_09684,0.99436696
test_09685,0.01283782
test_09686,0.11631832
test_09687,0.00008157
test_09688,0.89826121
test_09689,0.00006329
test_09690,0.99915680
test_09691,0.99994579
test_09692,0.90801783
test_09693,0.04253233
test_09694,0.99992853
test_09695,0.00283005
test_09696,0.00194006
test_09697,0.99967764
test_09698,0.99733034
test_09699,0.31402571
test_09700,0.95322810
test_09701,0.02592774
test_09702,0.99980530
test_09703,0.56251398
test_09704,0.99596912
test_09705,0.99988153
test_09706,0.37603320
test_09707,0.99773659
test_09708,0.85197151
test_09709,0.00453803
test_09710,0.01468536
test_09711,0.00149007
test_09712,0.00027054
test_09713,0.99037290
test_09714,0.91475217
test_09715,0.00125039
test_09716,0.00975050
test_09717,0.98836023
test_09718,0.45527867
test_09719,0.02800002
test_09720,0.99072969
test_09721,0.00164593
test_09722,0.00601293
test_09723,0.98327327
test_09724,0.13046111
test_09725,0.98863621
test_09726,0.00478731
test_09727,0.99909605
test_09728,0.00121396
test_09729,0.00036805
test_09730,0.99982335
test_09731,0.01154393
test_09732,0.01023099
test_09733,0.44403296
test_09734,0.10723709
test_09735,0.00240166
test_09736,0.00114737
test_09737,0.99943036
test_09738,0.00005154
test_09739,0.00234623
test_09740,0.00013950
test_09741,0.00001265
test_09742,0.00008484
test_09743,0.99919750
test_09744,0.99975128
test_09745,0.99852861
test_09746,0.99893197
test_09747,0.99509839
test_09748,0.18340915
test_09749,0.99830655
test_09750,0.84414060
test_09751,0.96388393
test_09752,0.98345312
test_09753,0.99902559
test_09754,0.00033572
test_09755,0.48110672
test_09756,0.91606675
test_09757,0.99987352
test_09758,0.99561078
test_09759,0.99990535
test_09760,0.00053325
test_09761,0.00828404
test_09762,0.00012490
test_09763,0.99764702
test_09764,0.00124743
test_09765,0.00337792
test_09766,0.00163320
test_09767,0.00397283
test_09768,0.99627529
test_09769,0.00023322
test_09770,0.02989933
test_09771,0.87238684
test_09772,0.97506037
test_09773,0.99857075
test_09774,0.00074957
test_09775,0.01610032
test_09776,0.98928934
test_09777,0.99644547
test_09778,0.00002098
test_09779,0.99483561
test_09780,0.00229416
test_09781,0.00358673
test_09782,0.99983846
test_09783,0.99836981
test_09784,0.00055900
test_09785,0.99994673
test_09786,0.00126298
test_09787,0.83186029
test_09788,0.98964218
test_09789,0.95125691
test_09790,0.01073428
test_09791,0.92736510
test_09792,0.11822751
test_09793,0.99295587
test_09794,0.00102450
test_09795,0.06162358
test_09796,0.00557366
test_09797,0.08694450
test_09798,0.99956966
test_09799,0.99525684
test_09800,0.73202392
test_09801,0.00709654
test_09802,0.99979646
test_09803,0.99941637
test_09804,0.99771564
test_09805,0.97604714
test_09806,0.98702016
test_09807,0.99931354
test_09808,0.99566635
test_09809,0.00638831
test_09810,0.99986059
test_09811,0.00570472
test_09812,0.01276741
test_09813,0.00003872
test_09814,0.98532557
test_09815,0.00121832
test_09816,0.00844743
test_09817,0.00908834
test_09818,0.98325874
test_09819,0.99510941
test_09820,0.99990203
test_09821,0.00031733
test_09822,0.99999368
test_09823,0.99997372
test_09824,0.99786993
test_09825,0.99845009
test_09826,0.99907446
test_09827,0.99626341
test_09828,0.99938743
test_09829,0.44674300
test_09830,0.99802337
test_09831,0.99990297
test_09832,0.99994442
test_09833,0.99968497
test_09834,0.99849987
test_09835,0.00003466
test_09836,0.99969369
test_09837,0.99926412
test_09838,0.99870267
test_09839,0.99917944
test_09840,0.04538241
test_09841,0.99788881
test_09842,0.00146994
test_09843,0.00032094
test_09844,0.00473856
test_09845,0.96916642
test_09846,0.99544800
test_09847,0.00540490
test_09848,0.02933900
test_09849,0.99965849
test_09850,0.99985416
test_09851,0.99935212
test_09852,0.99846305
test_09853,0.99999900
test_09854,0.79594877
test_09855,0.00260096
test_09856,0.00020864
test_09857,0.99709807
test_09858,0.74458465
test_09859,0.02409599
test_09860,0.00418865
test_09861,0.99938809
test_09862,0.09170046
test_09863,0.99655734
test_09864,0.99762564
test_09865,0.31352037
test_09866,0.01430376
test_09867,0.00007817
test_09868,0.98444440
test_09869,0.99560445
test_09870,0.18588785
test_09871,0.00184064
test_09872,0.04236101
test_09873,0.99786345
test_09874,0.03957475
test_09875,0.99997297
test_09876,0.99861658
test_09877,0.39477964
test_09878,0.00013566
test_09879,0.00328696
test_09880,0.00065413
test_09881,0.99973218
test_09882,0.00113307
test_09883,0.00485858
test_09884,0.99966583
test_09885,0.99956767
test_09886,0.99359990
test_09887,0.09054001
test_09888,0.00004187
test_09889,0.99936877
test_09890,0.13614153
test_09891,0.01018752
test_09892,0.99954233
test_09893,0.00060046
test_09894,0.99198685
test_09895,0.00021424
test_09896,0.05511197
test_09897,0.99715868
test_09898,0.99471716
test_09899,0.99394650
test_09900,0.00000632
test_09901,0.00130973
test_09902,0.93308446
test_09903,0.00588843
test_09904,0.00341931
test_09905,0.99869091
test_09906,0.07620097
test_09907,0.99913466
test_09908,0.00490115
test_09909,0.00107392
test_09910,0.00103490
test_09911,0.99561368
test_09912,0.61244841
test_09913,0.08031030
test_09914,0.02595710
test_09915,0.00371395
test_09916,0.99989435
test_09917,0.09933015
test_09918,0.31953443
test_09919,0.00242295
test_09920,0.03121974
test_09921,0.98018679
test_09922,0.00089570
test_09923,0.57499690
test_09924,0.99284039
test_09925,0.99957947
test_09926,0.99976422
test_09927,0.00107299
test_09928,0.00948131
test_09929,0.98509175
test_09930,0.99999684
test_09931,0.98647021
test_09932,0.99965359
test_09933,0.10273113
test_09934,0.01588631
test_09935,0.03721080
test_09936,0.99950705
test_09937,0.98514894
test_09938,0.96297938
test_09939,0.00029347
test_09940,0.87818769
test_09941,0.99991157
test_09942,0.29406110
test_09943,0.99999900
test_09944,0.99869063
test_09945,0.99769785
test_09946,0.00088713
test_09947,0.91184691
test_09948,0.98786827
test_09949,0.00248496
test_09950,0.00914633
test_09951,0.99952935
test_09952,0.00106196
test_09953,0.01262574
test_09954,0.00043186
test_09955,0.00113374
test_09956,0.99827194
test_09957,0.00575111
test_09958,0.87612225
test_09959,0.95608243
test_09960,0.99925344
test_09961,0.01790358
test_09962,0.99991217
test_09963,0.99198363
test_09964,0.02332659
test_09965,0.00703399
test_09966,0.99719691
test_09967,0.00159327
test_09968,0.00247009
test_09969,0.94344903
test_09970,0.00089860
test_09971,0.00028133
test_09972,0.99435089
test_09973,0.66292041
test_09974,0.99940806
test_09975,0.00086863
test_09976,0.99876994
test_09977,0.00003649
test_09978,0.80258845
test_09979,0.98739707
test_09980,0.01944792
test_09981,0.99287573
test_09982,0.99997002
test_09983,0.99971329
test_09984,0.00007264
test_09985,0.00013786
test_09986,0.99858519
test_09987,0.02669082
test_09988,0.99925209
test_09989,0.99036321
test_09990,0.00780981
test_09991,0.99962407
test_09992,0.00460596
test_09993,0.00014086
test_09994,0.99999684
test_09995,0.99997548
test_09996,0.99974775
test_09997,0.91361734
test_09998,0.00042374
test_09999,0.99981009
test_10000,0.87919076
test_10001,0.99948733
test_10002,0.99966447
test_10003,0.97679203
test_10004,0.99833825
test_10005,0.00024706
test_10006,0.99698516
test_10007,0.97411699
test_10008,0.90847059
test_10009,0.00001733
test_10010,0.99981505
test_10011,0.94688907
test_10012,0.00017934
test_10013,0.00441167
test_10014,0.00014049
test_10015,0.00873712
test_10016,0.61561685
test_10017,0.06354287
test_10018,0.99221583
test_10019,0.00284028
test_10020,0.00068491
test_10021,0.11007166
test_10022,0.01699017
test_10023,0.00074344
test_10024,0.99823624
test_10025,0.00068730
test_10026,0.87847937
test_10027,0.00874206
test_10028,0.00065368
test_10029,0.99617433
test_10030,0.98623615
test_10031,0.03938804
test_10032,0.00080407
test_10033,0.00559229
test_10034,0.01276279
test_10035,0.98145621
test_10036,0.08199148
test_10037,0.99998025
test_10038,0.99022360
test_10039,0.02516515
test_10040,0.97222312
test_10041,0.93622663
test_10042,0.01146180
test_10043,0.99170148
test_10044,0.99916385
test_10045,0.12161511
test_10046,0.99995837
test_10047,0.92073547
test_10048,0.02828495
test_10049,0.99937846
test_10050,0.94247745
test_10051,0.99965212
test_10052,0.99431573
test_10053,0.00109153
test_10054,0.99893023
test_10055,0.00997675
test_10056,0.87448535
test_10057,0.99988073
test_10058,0.82977510
test_10059,0.99638109
test_10060,0.92652167
test_10061,0.00006273
test_10062,0.00129727
test_10063,0.99886170
test_10064,0.00045916
test_10065,0.00060088
test_10066,0.99987442
test_10067,0.98810481
test_10068,0.99869961
test_10069,0.00545514
test_10070,0.06571891
test_10071,0.99499606
test_10072,0.52511225
test_10073,0.29139901
test_10074,0.00000548
test_10075,0.98974518
test_10076,0.00155550
test_10077,0.99134753
test_10078,0.00890123
test_10079,0.99099630
test_10080,0.00002847
test_10081,0.00006143
test_10082,0.99999900
test_10083,0.99819484
test_10084,0.99916823
test_10085,0.68229976
test_10086,0.98958009
test_10087,0.98281895
test_10088,0.73436349
test_10089,0.00243971
test_10090,0.99855433
test_10091,0.99995997
test_10092,0.98322483
test_10093,0.84452939
test_10094,0.00182262
test_10095,0.99860065
test_10096,0.00001304
test_10097,0.97739260
test_10098,0.00232962
test_10099,0.00052249
test_10100,0.99997170
test_10101,0.99249139
test_10102,0.01462201
test_10103,0.03965889
test_10104,0.99960502
test_10105,0.99878322
test_10106,0.00010345
test_10107,0.00487636
test_10108,0.94073817
test_10109,0.00151471
test_10110,0.00213497
test_10111,0.18931185
test_10112,0.00034028
test_10113,0.98681325
test_10114,0.40673713
test_10115,0.00003100
test_10116,0.00007817
test_10117,0.01204029
test_10118,0.99581554
test_10119,0.99995103
test_10120,0.00377686
test_10121,0.99687601
test_10122,0.01287511
test_10123,0.01619805
test_10124,0.98643269
test_10125,0.00027117
test_10126,0.00056921
test_10127,0.00035313
test_10128,0.00413925
test_10129,0.99840154
test_10130,0.13614134
test_10131,0.00115568
test_10132,0.01397679
test_10133,0.00016973
test_10134,0.00062900
test_10135,0.00070988
test_10136,0.00452546
test_10137,0.00391766
test_10138,0.99643987
test_10139,0.02066080
test_10140,0.00201520
test_10141,0.00081757
test_10142,0.00089299
test_10143,0.00993954
test_10144,0.83188424
test_10145,0.00160885
test_10146,0.00046145
test_10147,0.99931334
test_10148,0.99399662
test_10149,0.01438817
test_10150,0.98150724
test_10151,0.00160349
test_10152,0.04075343
test_10153,0.99996537
test_10154,0.99920659
test_10155,0.00877463
test_10156,0.99650838
test_10157,0.90272264
test_10158,0.00566324
test_10159,0.00430061
test_10160,0.48289360
test_10161,0.48200427
test_10162,0.99995435
test_10163,0.99885749
test_10164,0.10115133
test_10165,0.00016898
test_10166,0.99998735
test_10167,0.99994730
test_10168,0.98988753
test_10169,0.99795007
test_10170,0.00082786
test_10171,0.00839469
test_10172,0.00020424
test_10173,0.99992443
test_10174,0.99851347
test_10175,0.46403858
test_10176,0.00045003
test_10177,0.00013937
test_10178,0.43247166
test_10179,0.00015062
test_10180,0.94178856
test_10181,0.01266007
test_10182,0.99695592
test_10183,0.00045201
test_10184,0.00123798
test_10185,0.99622627
test_10186,0.00182086
test_10187,0.99670271
test_10188,0.99862962
test_10189,0.98333760
test_10190,0.95325277
test_10191,0.00089138
test_10192,0.00414999
test_10193,0.69438101
test_10194,0.04414977
test_10195,0.99240559
test_10196,0.00000100
test_10197,0.99844013
test_10198,0.00165894
test_10199,0.00047615
test_10200,0.01605444
test_10201,0.00016793
test_10202,0.99636995
test_10203,0.94471404
test_10204,0.00415581
test_10205,0.93106753
test_10206,0.01882862
test_10207,0.00048070
test_10208,0.96199328
test_10209,0.99999452
test_10210,0.94645367
test_10211,0.02168401
test_10212,0.99984417
test_10213,0.00127012
test_10214,0.97265426
test_10215,0.00331288
test_10216,0.99790180
test_10217,0.99850696
test_10218,0.99843016
test_10219,0.92816828
test_10220,0.98254590
test_10221,0.00203353
test_10222,0.99989008
test_10223,0.89273448
test_10224,0.26246010
test_10225,0.00683847
test_10226,0.00010196
test_10227,0.02975773
test_10228,0.00720750
test_10229,0.03092319
test_10230,0.00011524
test_10231,0.93775078
test_10232,0.99968736
test_10233,0.99945530
test_10234,0.00052956
test_10235,0.38513033
test_10236,0.73035171
test_10237,0.95621160
test_10238,0.00244374
test_10239,0.45546633
test_10240,0.99930012
test_10241,0.00195321
test_10242,0.99332589
test_10243,0.99587144
test_10244,0.01442004
test_10245,0.59632228
test_10246,0.98941404
test_10247,0.63382041
test_10248,0.98851678
test_10249,0.00080092
test_10250,0.22412914
test_10251,0.99999900
test_10252,0.00960847
test_10253,0.99658925
test_10254,0.00092447
test_10255,0.00006176
test_10256,0.93898389
test_10257,0.00278323
test_10258,0.00309314
test_10259,0.00224078
test_10260,0.99697428
test_10261,0.99915788
test_10262,0.97110135
test_10263,0.99982848
test_10264,0.98089117
test_10265,0.00037793
test_10266,0.00382029
test_10267,0.97471965
test_10268,0.99215064
test_10269,0.03608755
test_10270,0.00038810
test_10271,0.04890200
test_10272,0.02394946
test_10273,0.96949394
test_10274,0.99813068
test_10275,0.99978705
test_10276,0.99814614
test_10277,0.99794623
test_10278,0.99161411
test_10279,0.43336586
test_10280,0.88665724
test_10281,0.00015966
test_10282,0.00205549
test_10283,0.00002830
test_10284,0.99979136
test_10285,0.99867265
test_10286,0.00499126
test_10287,0.01781215
test_10288,0.99965750
test_10289,0.93345887
test_10290,0.99853214
test_10291,0.98460194
test_10292,0.00721376
test_10293,0.99998817
test_10294,0.94447395
test_10295,0.92593970
test_10296,0.97839560
test_10297,0.00291437
test_10298,0.00396712
test_10299,0.00289518
test_10300,0.02752845
test_10301,0.00005374
test_10302,0.99982130
test_10303,0.99998239
test_10304,0.99677997
test_10305,0.92594080
test_10306,0.00008829
test_10307,0.00658051
test_10308,0.00010908
test_10309,0.92257302
test_10310,0.03161961
test_10311,0.11204457
test_10312,0.00106880
test_10313,0.00262428
test_10314,0.99899101
test_10315,0.00191958
test_10316,0.99951747
test_10317,0.01455632
test_10318,0.98952559
test_10319,0.85321980
test_10320,0.99476070
test_10321,0.99992128
test_10322,0.00296078
test_10323,0.00051154
test_10324,0.00003744
test_10325,0.99997188
test_10326,0.99997260
test_10327,0.99953708
test_10328,0.00013227
test_10329,0.99958870
test_10330,0.00047300
test_10331,0.98453703
test_10332,0.99965857
test_10333,0.99707151
test_10334,0.00184107
test_10335,0.00008193
test_10336,0.91339373
test_10337,0.00421874
test_10338,0.99862643
test_10339,0.99999900
test_10340,0.99972256
test_10341,0.00273741
test_10342,0.99954468
test_10343,0.71729627
test_10344,0.98826149
test_10345,0.00186203
test_10346,0.99953586
test_10347,0.91166333
test_10348,0.99887940
test_10349,0.00423772
test_10350,0.42377410
test_10351,0.00006409
test_10352,0.00182458
test_10353,0.00009400
test_10354,0.99988458
test_10355,0.66062493
test_10356,0.00007746
test_10357,0.01115728
test_10358,0.99994561
test_10359,0.00329650
test_10360,0.00004770
test_10361,0.99935008
test_10362,0.99805015
test_10363,0.91013711
test_10364,0.38538288
test_10365,0.02942177
test_10366,0.00938083
test_10367,0.03923250
test_10368,0.00273307
test_10369,0.93766663
test_10370,0.94084133
test_10371,0.99661341
test_10372,0.00037459
test_10373,0.97872729
test_10374,0.00940070
test_10375,0.29508960
test_10376,0.99549305
test_10377,0.00047092
test_10378,0.00250367
test_10379,0.00095837
test_10380,0.99977231
test_10381,0.52758845
test_10382,0.99968820
test_10383,0.99763359
test_10384,0.00113878
test_10385,0.01540323
test_10386,0.96987801
test_10387,0.99917122
test_10388,0.00819692
test_10389,0.00123617
test_10390,0.00034774
test_10391,0.02772645
test_10392,0.00202209
test_10393,0.00002609
test_10394,0.02874163
test_10395,0.99989408
test_10396,0.00023408
test_10397,0.00462588
test_10398,0.97629628
test_10399,0.00039803
test_10400,0.99933865
test_10401,0.00133888
test_10402,0.00221580
test_10403,0.03397186
test_10404,0.00781295
test_10405,0.75508633
test_10406,0.99969701
test_10407,0.99891656
test_10408,0.99190661
test_10409,0.03007413
test_10410,0.00073765
test_10411,0.98698328
test_10412,0.01007573
test_10413,0.00384978
test_10414,0.00134095
test_10415,0.95074432
test_10416,0.00817285
test_10417,0.98588862
test_10418,0.82272722
test_10419,0.99884994
test_10420,0.84625542
test_10421,0.98658155
test_10422,0.01808270
test_10423,0.99927179
test_10424,0.99989693
test_10425,0.02082692
test_10426,0.99385835
test_10427,0.99980434
test_10428,0.42930607
test_10429,0.00910453
test_10430,0.04533025
test_10431,0.02891988
test_10432,0.00365447
test_10433,0.99837697
test_10434,0.99830022
test_10435,0.00174162
test_10436,0.62988090
test_10437,0.02545239
test_10438,0.99988529
test_10439,0.10447391
test_10440,0.00012397
test_10441,0.35519669
test_10442,0.90975752
test_10443,0.99977758
test_10444,0.99325654
test_10445,0.02064497
test_10446,0.99968222
test_10447,0.99965355
test_10448,0.00044756
test_10449,0.99541950
test_10450,0.99933651
test_10451,0.99614883
test_10452,0.98020477
test_10453,0.98842255
test_10454,0.00417245
test_10455,0.01596651
test_10456,0.00558335
test_10457,0.99913616
test_10458,0.10088560
test_10459,0.00903763
test_10460,0.96450610
test_10461,0.98118104
test_10462,0.00346341
test_10463,0.00076948
test_10464,0.70289174
test_10465,0.00292248
test_10466,0.99956174
test_10467,0.99970942
test_10468,0.99574065
test_10469,0.51078033
test_10470,0.99920724
test_10471,0.20129052
test_10472,0.99654505
test_10473,0.99733688
test_10474,0.99860154
test_10475,0.95629914
test_10476,0.00000100
test_10477,0.96311964
test_10478,0.00058031
test_10479,0.99938112
test_10480,0.76561353
test_10481,0.00896019
test_10482,0.00140251
test_10483,0.73060651
test_10484,0.49334049
test_10485,0.00024435
test_10486,0.00917428
test_10487,0.99975611
test_10488,0.01068694
test_10489,0.14426261
test_10490,0.99974075
test_10491,0.00386517
test_10492,0.00861400
test_10493,0.99756742
test_10494,0.20228986
test_10495,0.99995307
test_10496,0.65554114
test_10497,0.00000548
test_10498,0.00002367
test_10499,0.99287717
test_10500,0.99987537
test_10501,0.91759633
test_10502,0.00051326
test_10503,0.56795128
test_10504,0.00225738
test_10505,0.99172403
test_10506,0.99966314
test_10507,0.00357395
test_10508,0.24608575
test_10509,0.99400667
test_10510,0.99232780
test_10511,0.00020080
test_10512,0.00028222
test_10513,0.99914353
test_10514,0.99978159
test_10515,0.00046230
test_10516,0.99769687
test_10517,0.99931868
test_10518,0.75417809
test_10519,0.00142889
test_10520,0.99997550
test_10521,0.99969208
test_10522,0.98476873
test_10523,0.99999000
test_10524,0.99859079
test_10525,0.98910821
test_10526,0.99982616
test_10527,0.99887491
test_10528,0.99514554
test_10529,0.95764012
test_10530,0.00195809
test_10531,0.99959492
test_10532,0.00002214
test_10533,0.99770998
test_10534,0.00559416
test_10535,0.00920621
test_10536,0.98983869
test_10537,0.96950328
test_10538,0.00067476
test_10539,0.96321954
test_10540,0.04222835
test_10541,0.02765693
test_10542,0.99983090
test_10543,0.99920003
test_10544,0.00225111
test_10545,0.13069149
test_10546,0.42356124
test_10547,0.99973845
test_10548,0.00021247
test_10549,0.05438605
test_10550,0.99576785
test_10551,0.00023722
test_10552,0.99978664
test_10553,0.00416590
test_10554,0.99995369
test_10555,0.99881708
test_10556,0.06174907
test_10557,0.32321109
test_10558,0.03697856
test_10559,0.99664204
test_10560,0.99879800
test_10561,0.96131172
test_10562,0.98989506
test_10563,0.99874513
test_10564,0.99952283
test_10565,0.68092308
test_10566,0.99808930
test_10567,0.07036890
test_10568,0.99982243
test_10569,0.03209099
test_10570,0.02077649
test_10571,0.99987141
test_10572,0.99996124
test_10573,0.99997926
test_10574,0.77630686
test_10575,0.99999552
test_10576,0.98145632
test_10577,0.98653887
test_10578,0.00211098
test_10579,0.27467597
test_10580,0.00767074
test_10581,0.00077681
test_10582,0.99759716
test_10583,0.00671942
test_10584,0.99533196
test_10585,0.00480327
test_10586,0.00064866
test_10587,0.00953648
test_10588,0.00061205
test_10589,0.00151257
test_10590,0.17355169
test_10591,0.00074973
test_10592,0.00653581
test_10593,0.99883494
test_10594,0.99850512
test_10595,0.00165560
test_10596,0.99999293
test_10597,0.00134561
test_10598,0.99715840
test_10599,0.99804435
test_10600,0.00012879
test_10601,0.00179116
test_10602,0.98978973
test_10603,0.99952796
test_10604,0.99653560
test_10605,0.99777709
test_10606,0.99887428
test_10607,0.00212512
test_10608,0.01214295
test_10609,0.98193546
test_10610,0.12877128
test_10611,0.90226981
test_10612,0.01053120
test_10613,0.00006714
test_10614,0.01440569
test_10615,0.99975663
test_10616,0.99996150
test_10617,0.99738931
test_10618,0.99974828
test_10619,0.99899657
test_10620,0.99927565
test_10621,0.99995230
test_10622,0.98672377
test_10623,0.00075728
test_10624,0.05520132
test_10625,0.00179499
test_10626,0.00017435
test_10627,0.17528013
test_10628,0.99741862
test_10629,0.99847924
test_10630,0.75581607
test_10631,0.75689620
test_10632,0.64288999
test_10633,0.99982019
test_10634,0.99919123
test_10635,0.00018660
test_10636,0.99967957
test_10637,0.97338843
test_10638,0.00044783
test_10639,0.99995116
test_10640,0.00005657
test_10641,0.99977396
test_10642,0.99597731
test_10643,0.99850326
test_10644,0.65924764
test_10645,0.18596605
test_10646,0.24084431
test_10647,0.11446500
test_10648,0.97010650
test_10649,0.99694564
test_10650,0.98233479
test_10651,0.99150692
test_10652,0.00192114
test_10653,0.99893687
test_10654,0.02210425
test_10655,0.04444409
test_10656,0.99843147
test_10657,0.01100866
test_10658,0.99936420
test_10659,0.11853299
test_10660,0.99802162
test_10661,0.99359511
test_10662,0.01239014
test_10663,0.00132668
test_10664,0.99976336
test_10665,0.96363066
test_10666,0.98062289
test_10667,0.99587536
test_10668,0.99934818
test_10669,0.61419047
test_10670,0.00005203
test_10671,0.55292107
test_10672,0.00078717
test_10673,0.04819821
test_10674,0.01216015
test_10675,0.02459072
test_10676,0.99703500
test_10677,0.99982849
test_10678,0.97232136
test_10679,0.96051424
test_10680,0.01057996
test_10681,0.99952780
test_10682,0.99973468
test_10683,0.17148830
test_10684,0.00203981
test_10685,0.30959760
test_10686,0.99900079
test_10687,0.00200063
test_10688,0.01187077
test_10689,0.00070421
test_10690,0.99995168
test_10691,0.06799816
test_10692,0.99710383
test_10693,0.00020114
test_10694,0.99772553
test_10695,0.99862362
test_10696,0.91305056
test_10697,0.00073014
test_10698,0.99500230
test_10699,0.99926008
test_10700,0.00031006
test_10701,0.90898177
test_10702,0.02934937
test_10703,0.00019287
test_10704,0.99177188
test_10705,0.99989803
test_10706,0.00034395
test_10707,0.99677219
test_10708,0.99983380
test_10709,0.99605480
test_10710,0.98914007
test_10711,0.99804207
test_10712,0.99967583
test_10713,0.00223266
test_10714,0.99264107
test_10715,0.01594861
test_10716,0.99065994
test_10717,0.99998156
test_10718,0.09282801
test_10719,0.99944007
test_10720,0.99740387
test_10721,0.00008193
test_10722,0.97902788
test_10723,0.00088637
test_10724,0.00069460
test_10725,0.01829995
test_10726,0.99721966
test_10727,0.00094788
test_10728,0.00007814
test_10729,0.00019337
test_10730,0.22882773
test_10731,0.01129166
test_10732,0.91221186
test_10733,0.00095712
test_10734,0.00049016
test_10735,0.99988513
test_10736,0.00039519
test_10737,0.00040204
test_10738,0.98716487
test_10739,0.99991696
test_10740,0.99996491
test_10741,0.99946598
test_10742,0.14600472
test_10743,0.99588602
test_10744,0.00172022
test_10745,0.00095840
test_10746,0.00083817
test_10747,0.99995874
test_10748,0.97314962
test_10749,0.99939385
test_10750,0.99904630
test_10751,0.00182893
test_10752,0.99939393
test_10753,0.99998267
test_10754,0.99995525
test_10755,0.00026033
test_10756,0.98620636
test_10757,0.00214595
test_10758,0.00168996
test_10759,0.99124236
test_10760,0.00947995
test_10761,0.01773502
test_10762,0.91550236
test_10763,0.98385352
test_10764,0.99997550
test_10765,0.67055537
test_10766,0.87555044
test_10767,0.44007718
test_10768,0.99629594
test_10769,0.00176504
test_10770,0.00021494
test_10771,0.98161342
test_10772,0.00956142
test_10773,0.99928765
test_10774,0.99922473
test_10775,0.05900844
test_10776,0.73814061
test_10777,0.00171409
test_10778,0.99846876
test_10779,0.97707369
test_10780,0.99992990
test_10781,0.99999368
test_10782,0.00951510
test_10783,0.01228813
test_10784,0.02832750
test_10785,0.99743364
test_10786,0.99812682
test_10787,0.99431082
test_10788,0.02161679
test_10789,0.00005251
test_10790,0.05686006
test_10791,0.00065037
test_10792,0.99404059
test_10793,0.95584970
test_10794,0.79087962
test_10795,0.00018168
test_10796,0.99538851
test_10797,0.45050762
test_10798,0.99997654
test_10799,0.00011843
test_10800,0.99655977
test_10801,0.00007217
test_10802,0.00332899
test_10803,0.99989045
test_10804,0.99463154
test_10805,0.03643045
test_10806,0.99473610
test_10807,0.99997591
test_10808,0.99990397
test_10809,0.99976591
test_10810,0.83707658
test_10811,0.99453304
test_10812,0.00083516
test_10813,0.00218924
test_10814,0.00033652
test_10815,0.99291754
test_10816,0.00588718
test_10817,0.97525243
test_10818,0.99982271
test_10819,0.99346100
test_10820,0.00092416
test_10821,0.00164543
test_10822,0.86990147
test_10823,0.44948479
test_10824,0.00174209
test_10825,0.99978944
test_10826,0.99999452
test_10827,0.98781077
test_10828,0.99770397
test_10829,0.00000837
test_10830,0.99716780
test_10831,0.07089064
test_10832,0.29795714
test_10833,0.99470928
test_10834,0.99858009
test_10835,0.02504306
test_10836,0.00039988
test_10837,0.12944373
test_10838,0.00043688
test_10839,0.02475380
test_10840,0.99698523
test_10841,0.85229543
test_10842,0.98191049
test_10843,0.00004903
test_10844,0.00042263
test_10845,0.00027729
test_10846,0.99997188
test_10847,0.00864244
test_10848,0.07542922
test_10849,0.00127170
test_10850,0.00110414
test_10851,0.00018464
test_10852,0.00249336
test_10853,0.00182941
test_10854,0.96286035
test_10855,0.17496422
test_10856,0.00937168
test_10857,0.99970146
test_10858,0.00024573
test_10859,0.94901582
test_10860,0.01069898
test_10861,0.00046738
test_10862,0.98977429
test_10863,0.99929975
test_10864,0.00605332
test_10865,0.98743896
test_10866,0.99717487
test_10867,0.98904957
test_10868,0.00162315
test_10869,0.02188066
test_10870,0.01064358
test_10871,0.00045906
test_10872,0.99804065
test_10873,0.97529300
test_10874,0.47308468
test_10875,0.47757321
test_10876,0.00152060
test_10877,0.99979622
test_10878,0.99628885
test_10879,0.00064484
test_10880,0.03203216
test_10881,0.00001416
test_10882,0.35861921
test_10883,0.98077506
test_10884,0.99889336
test_10885,0.00178167
test_10886,0.01465174
test_10887,0.99982732
test_10888,0.86331360
test_10889,0.04809689
test_10890,0.00698519
test_10891,0.00042229
test_10892,0.99634089
test_10893,0.00066167
test_10894,0.00704538
test_10895,0.99813324
test_10896,0.00294549
test_10897,0.00126557
test_10898,0.99745891
test_10899,0.54796240
test_10900,0.57481410
test_10901,0.99989890
test_10902,0.99841594
test_10903,0.99821255
test_10904,0.99986129
test_10905,0.99984841
test_10906,0.99551772
test_10907,0.00005762
test_10908,0.83149438
test_10909,0.99871854
test_10910,0.00059257
test_10911,0.00060434
test_10912,0.99515291
test_10913,0.00203890
test_10914,0.99538705
test_10915,0.06387180
test_10916,0.00338488
test_10917,0.69702377
test_10918,0.00112587
test_10919,0.00039204
test_10920,0.99967978
test_10921,0.04225417
test_10922,0.99608920
test_10923,0.99998817
test_10924,0.99991443
test_10925,0.99366372
test_10926,0.00404354
test_10927,0.99732343
test_10928,0.00677776
test_10929,0.00572941
test_10930,0.76487692
test_10931,0.03909983
test_10932,0.99948295
test_10933,0.99990349
test_10934,0.00092874
test_10935,0.00104896
test_10936,0.98191338
test_10937,0.99933397
test_10938,0.00832092
test_10939,0.94394623
test_10940,0.00003876
test_10941,0.00599541
test_10942,0.00511256
test_10943,0.00025996
test_10944,0.99859415
test_10945,0.00088426
test_10946,0.00005006
test_10947,0.92866386
test_10948,0.00409056
test_10949,0.00232472
test_10950,0.00659638
test_10951,0.98862217
test_10952,0.00014305
test_10953,0.96799374
test_10954,0.99972572
test_10955,0.99997170
test_10956,0.00099750
test_10957,0.00001304
test_10958,0.00700477
test_10959,0.00040633
test_10960,0.99791993
test_10961,0.61775408
test_10962,0.08950879
test_10963,0.00006998
test_10964,0.00677254
test_10965,0.00157172
test_10966,0.00371550
test_10967,0.30125227
test_10968,0.00020976
test_10969,0.99016245
test_10970,0.00135078
test_10971,0.98531962
test_10972,0.13921736
test_10973,0.00041919
test_10974,0.05086389
test_10975,0.99858599
test_10976,0.99994607
test_10977,0.98755105
test_10978,0.95906815
test_10979,0.01129358
test_10980,0.90129162
test_10981,0.99863300
test_10982,0.99995637
test_10983,0.01160904
test_10984,0.99944217
test_10985,0.99263182
test_10986,0.00048150
test_10987,0.99997654
test_10988,0.00046234
test_10989,0.00023674
test_10990,0.00029900
test_10991,0.00064491
test_10992,0.99918898
test_10993,0.98918851
test_10994,0.00010108
test_10995,0.00050307
test_10996,0.99202582
test_10997,0.99998357
test_10998,0.00048864
test_10999,0.00094404
test_11000,0.07946104
test_11001,0.99096039
test_11002,0.00484318
test_11003,0.00132779
test_11004,0.00102464
test_11005,0.99541956
test_11006,0.00009782
test_11007,0.00634613
test_11008,0.07866561
test_11009,0.00142466
test_11010,0.99675941
test_11011,0.97751047
test_11012,0.00095258
test_11013,0.99738315
test_11014,0.99355875
test_11015,0.14135267
test_11016,0.00281224
test_11017,0.06241621
test_11018,0.99999452
test_11019,0.00274722
test_11020,0.93818800
test_11021,0.87438997
test_11022,0.00750003
test_11023,0.00972680
test_11024,0.99983055
test_11025,0.99608233
test_11026,0.99252475
test_11027,0.99889525
test_11028,0.83968625
test_11029,0.99146564
test_11030,0.99873053
test_11031,0.00101981
test_11032,0.00013548
test_11033,0.00373870
test_11034,0.00471775
test_11035,0.99981588
test_11036,0.99954747
test_11037,0.04595835
test_11038,0.99684542
test_11039,0.70979643
test_11040,0.99940852
test_11041,0.12031125
test_11042,0.01260027
test_11043,0.99069972
test_11044,0.99979947
test_11045,0.99596109
test_11046,0.99901459
test_11047,0.99942060
test_11048,0.99895093
test_11049,0.89027587
test_11050,0.00000100
test_11051,0.99815307
test_11052,0.99825426
test_11053,0.99899971
test_11054,0.99914712
test_11055,0.00847402
test_11056,0.99829755
test_11057,0.00107970
test_11058,0.95245646
test_11059,0.00035642
test_11060,0.97964079
test_11061,0.00049025
test_11062,0.99986342
test_11063,0.00007077
test_11064,0.99986268
test_11065,0.99755504
test_11066,0.99970090
test_11067,0.00005661
test_11068,0.00822590
test_11069,0.99718195
test_11070,0.99988185
test_11071,0.99996681
test_11072,0.01529682
test_11073,0.00038757
test_11074,0.07665224
test_11075,0.99972047
test_11076,0.99827169
test_11077,0.00281209
test_11078,0.00004475
test_11079,0.99518378
test_11080,0.00047044
test_11081,0.00094678
test_11082,0.00007217
test_11083,0.00107717
test_11084,0.99959850
test_11085,0.00880800
test_11086,0.01554812
test_11087,0.99143160
test_11088,0.00661490
test_11089,0.39931084
test_11090,0.98774078
test_11091,0.99875736
test_11092,0.00409630
test_11093,0.99153400
test_11094,0.99827153
test_11095,0.99997550
test_11096,0.03721203
test_11097,0.93073114
test_11098,0.00081273
test_11099,0.99434473
test_11100,0.99896037
test_11101,0.00007840
test_11102,0.42477891
test_11103,0.99894519
test_11104,0.36837318
test_11105,0.00864582
test_11106,0.76285128
test_11107,0.99984530
test_11108,0.99786790
test_11109,0.99444928
test_11110,0.99047916
test_11111,0.85766035
test_11112,0.99275904
test_11113,0.41034062
test_11114,0.99480869
test_11115,0.99732170
test_11116,0.99059206
test_11117,0.45550813
test_11118,0.99977548
test_11119,0.97778282
test_11120,0.00171897
test_11121,0.84135340
test_11122,0.96468878
test_11123,0.99651961
test_11124,0.99886047
test_11125,0.99998387
test_11126,0.99998860
test_11127,0.99986415
test_11128,0.01015239
test_11129,0.14859623
test_11130,0.99735035
test_11131,0.00006455
test_11132,0.99673164
test_11133,0.03710318
test_11134,0.02359186
test_11135,0.99622730
test_11136,0.99895403
test_11137,0.00741655
test_11138,0.99639003
test_11139,0.01211263
test_11140,0.08120179
test_11141,0.51136964
test_11142,0.00698987
test_11143,0.82099935
test_11144,0.99363126
test_11145,0.00107729
test_11146,0.00005835
test_11147,0.99788507
test_11148,0.02199749
test_11149,0.00603205
test_11150,0.99917629
test_11151,0.01053528
test_11152,0.98813331
test_11153,0.99714556
test_11154,0.99239362
test_11155,0.02808699
test_11156,0.05505591
test_11157,0.99889358
test_11158,0.00194071
test_11159,0.00011701
test_11160,0.06220187
test_11161,0.54028212
test_11162,0.00136937
test_11163,0.00019451
test_11164,0.00676352
test_11165,0.99874647
test_11166,0.98082826
test_11167,0.00025809
test_11168,0.24321009
test_11169,0.99992994
test_11170,0.99960039
test_11171,0.00189018
test_11172,0.98226226
test_11173,0.99895541
test_11174,0.00096256
test_11175,0.00187924
test_11176,0.41672022
test_11177,0.00309854
test_11178,0.00729334
test_11179,0.02570858
test_11180,0.06354325
test_11181,0.98854734
test_11182,0.01505955
test_11183,0.13806770
test_11184,0.99773750
test_11185,0.96880311
test_11186,0.01883194
test_11187,0.00108750
test_11188,0.99965400
test_11189,0.03115185
test_11190,0.00580354
test_11191,0.99810856
test_11192,0.00289544
test_11193,0.00163409
test_11194,0.03106617
test_11195,0.99995626
test_11196,0.00463921
test_11197,0.90894687
test_11198,0.99906236
test_11199,0.03163361
test_11200,0.04365396
test_11201,0.02044547
test_11202,0.99955460
test_11203,0.97833179
test_11204,0.79561217
test_11205,0.02603232
test_11206,0.80268791
test_11207,0.00121843
test_11208,0.99495285
test_11209,0.00164264
test_11210,0.99724384
test_11211,0.00203945
test_11212,0.99832077
test_11213,0.00011235
test_11214,0.00389998
test_11215,0.00032906
test_11216,0.00393341
test_11217,0.65472145
test_11218,0.99041449
test_11219,0.96986054
test_11220,0.99749030
test_11221,0.01105883
test_11222,0.00767573
test_11223,0.00146286
test_11224,0.99980641
test_11225,0.00022844
test_11226,0.07706328
test_11227,0.99911697
test_11228,0.00864922
test_11229,0.97569665
test_11230,0.06731725
test_11231,0.55867173
test_11232,0.00000100
test_11233,0.98356151
test_11234,0.99979211
test_11235,0.98418788
test_11236,0.01302354
test_11237,0.00619571
test_11238,0.99969976
test_11239,0.99976149
test_11240,0.99539349
test_11241,0.99832870
test_11242,0.99999368
test_11243,0.98721221
test_11244,0.03145417
test_11245,0.00117009
test_11246,0.99915988
test_11247,0.00436013
test_11248,0.99971892
test_11249,0.00301190
test_11250,0.99964797
test_11251,0.98163146
test_11252,0.00016659
test_11253,0.01088141
test_11254,0.95404653
test_11255,0.00990711
test_11256,0.91634865
test_11257,0.98307521
test_11258,0.89953023
test_11259,0.00089229
test_11260,0.00243389
test_11261,0.00070590
test_11262,0.99989417
test_11263,0.89805794
test_11264,0.80692471
test_11265,0.03591844
test_11266,0.01961616
test_11267,0.03172481
test_11268,0.96280465
test_11269,0.65703185
test_11270,0.97893495
test_11271,0.92301003
test_11272,0.00067388
test_11273,0.99997509
test_11274,0.99478747
test_11275,0.00307596
test_11276,0.00147199
test_11277,0.99988837
test_11278,0.00004472
test_11279,0.24730915
test_11280,0.99948745
test_11281,0.99971842
test_11282,0.02507059
test_11283,0.00814966
test_11284,0.00324634
test_11285,0.00012094
test_11286,0.00036006
test_11287,0.98284236
test_11288,0.99903251
test_11289,0.00012205
test_11290,0.99824173
test_11291,0.99992591
test_11292,0.99882167
test_11293,0.02202553
test_11294,0.99748057
test_11295,0.99955960
test_11296,0.00010997
test_11297,0.99852469
test_11298,0.00111701
test_11299,0.99311614
test_11300,0.99328817
test_11301,0.99963039
test_11302,0.00069076
test_11303,0.98861220
test_11304,0.99990243
test_11305,0.00099970
test_11306,0.99966054
test_11307,0.99840290
test_11308,0.99935785
test_11309,0.00046333
test_11310,0.09042200
test_11311,0.00200051
test_11312,0.99340598
test_11313,0.00002570
test_11314,0.00250895
test_11315,0.09549685
test_11316,0.49778206
test_11317,0.74043722
test_11318,0.92103754
test_11319,0.00358315
test_11320,0.41361536
test_11321,0.00866123
test_11322,0.00856181
test_11323,0.00399390
test_11324,0.07097009
test_11325,0.99814197
test_11326,0.00435394
test_11327,0.99034132
test_11328,0.99762235
test_11329,0.00294144
test_11330,0.02017773
test_11331,0.00031538
test_11332,0.99976053
test_11333,0.85644921
test_11334,0.00395627
test_11335,0.56156246
test_11336,0.97811050
test_11337,0.99280528
test_11338,0.89602282
test_11339,0.04503966
test_11340,0.00068502
test_11341,0.98360753
test_11342,0.02889366
test_11343,0.99973515
test_11344,0.00347732
test_11345,0.00256100
test_11346,0.02396056
test_11347,0.48187219
test_11348,0.00175181
test_11349,0.00011511
test_11350,0.94143942
test_11351,0.00034237
test_11352,0.00747735
test_11353,0.99965766
test_11354,0.01525675
test_11355,0.00228644
test_11356,0.00001000
test_11357,0.00192234
test_11358,0.00357540
test_11359,0.12051957
test_11360,0.01314444
test_11361,0.00035778
test_11362,0.00228998
test_11363,0.00009719
test_11364,0.00030063
test_11365,0.01678084
test_11366,0.99985833
test_11367,0.03014670
test_11368,0.10955306
test_11369,0.23750271
test_11370,0.99947214
test_11371,0.00086754
test_11372,0.00249437
test_11373,0.00003226
test_11374,0.99856954
test_11375,0.00141226
test_11376,0.00108182
test_11377,0.99325784
test_11378,0.04821972
test_11379,0.00041658
test_11380,0.00113123
test_11381,0.01248948
test_11382,0.97240216
test_11383,0.00318982
test_11384,0.21161657
test_11385,0.96790059
test_11386,0.99993600
test_11387,0.99962708
test_11388,0.02725634
test_11389,0.01179470
test_11390,0.81188025
test_11391,0.98490319
test_11392,0.99997188
test_11393,0.96433928
test_11394,0.86327607
test_11395,0.07569946
test_11396,0.03247164
test_11397,0.00010956
test_11398,0.99643470
test_11399,0.63699188
test_11400,0.03888407
test_11401,0.99972062
test_11402,0.94299028
test_11403,0.00239668
test_11404,0.99946674
test_11405,0.08011290
test_11406,0.00013855
test_11407,0.00056663
test_11408,0.05358275
test_11409,0.01319297
test_11410,0.00029685
test_11411,0.04877100
test_11412,0.96962869
test_11413,0.00526756
test_11414,0.08551369
test_11415,0.99214812
test_11416,0.00311071
test_11417,0.99170321
test_11418,0.58538728
test_11419,0.99987741
test_11420,0.00033329
test_11421,0.00276731
test_11422,0.06947995
test_11423,0.00203292
test_11424,0.99258387
test_11425,0.02278557
test_11426,0.12006908
test_11427,0.99975555
test_11428,0.00134724
test_11429,0.99999368
test_11430,0.02524011
test_11431,0.99522904
test_11432,0.99988511
test_11433,0.00089165
test_11434,0.98182569
test_11435,0.99987574
test_11436,0.91548630
test_11437,0.98075228
test_11438,0.00097632
test_11439,0.00045433
test_11440,0.04208415
test_11441,0.00041702
test_11442,0.00871590
test_11443,0.95965423
test_11444,0.00050347
test_11445,0.31395197
test_11446,0.01048211
test_11447,0.33334937
test_11448,0.00014305
test_11449,0.99998584
test_11450,0.99425710
test_11451,0.99269052
test_11452,0.69768243
test_11453,0.00021635
test_11454,0.00058923
test_11455,0.00678644
test_11456,0.00013637
test_11457,0.65920366
test_11458,0.00015298
test_11459,0.01061435
test_11460,0.00210810
test_11461,0.99696007
test_11462,0.99907096
test_11463,0.00016126
test_11464,0.99995837
test_11465,0.99064377
test_11466,0.95012771
test_11467,0.00291227
test_11468,0.65484638
test_11469,0.00060877
test_11470,0.00082516
test_11471,0.96030326
test_11472,0.00023153
test_11473,0.79208183
test_11474,0.99437578
test_11475,0.00945146
test_11476,0.00419637
test_11477,0.98706131
test_11478,0.00282696
test_11479,0.04223939
test_11480,0.98374327
test_11481,0.00083688
test_11482,0.22904307
test_11483,0.99919164
test_11484,0.00107919
test_11485,0.99993719
test_11486,0.99697552
test_11487,0.28810210
test_11488,0.00037450
test_11489,0.99973730
test_11490,0.99789154
test_11491,0.00020200
test_11492,0.97350073
test_11493,0.99942366
test_11494,0.44206682
test_11495,0.00378152
test_11496,0.99330382
test_11497,0.99953659
test_11498,0.86002755
test_11499,0.99883700
test_11500,0.00113820
test_11501,0.73667277
test_11502,0.00053047
test_11503,0.15466592
test_11504,0.99959193
test_11505,0.99985134
test_11506,0.00093088
test_11507,0.01071140
test_11508,0.00012003
test_11509,0.00081030
test_11510,0.00391672
test_11511,0.01083712
test_11512,0.00842494
test_11513,0.12030356
test_11514,0.00309511
test_11515,0.00818989
test_11516,0.30826322
test_11517,0.29595755
test_11518,0.58857606
test_11519,0.99524087
test_11520,0.93227565
test_11521,0.00264517
test_11522,0.00001225
test_11523,0.47469660
test_11524,0.00004945
test_11525,0.99640474
test_11526,0.53490842
test_11527,0.01558607
test_11528,0.16460498
test_11529,0.00002168
test_11530,0.99348082
test_11531,0.99242181
test_11532,0.99959526
test_11533,0.03435378
test_11534,0.99969242
test_11535,0.80673354
test_11536,0.99999900
test_11537,0.98114803
test_11538,0.07685544
test_11539,0.99969718
test_11540,0.99919117
test_11541,0.86394621
test_11542,0.05829853
test_11543,0.99955769
test_11544,0.00994412
test_11545,0.75859375
test_11546,0.01571324
test_11547,0.99925387
test_11548,0.08123997
test_11549,0.00008371
test_11550,0.98739609
test_11551,0.07254868
test_11552,0.99951514
test_11553,0.99977143
test_11554,0.36398510
test_11555,0.99997832
test_11556,0.05510103
test_11557,0.97851060
test_11558,0.99994664
test_11559,0.00279026
test_11560,0.00044101
test_11561,0.00112506
test_11562,0.99924964
test_11563,0.99790025
test_11564,0.00186606
test_11565,0.09931211
test_11566,0.00006479
test_11567,0.99552022
test_11568,0.02782955
test_11569,0.10312809
test_11570,0.00262138
test_11571,0.22526223
test_11572,0.00179273
test_11573,0.39456849
test_11574,0.99747823
test_11575,0.96822154
test_11576,0.99746429
test_11577,0.99945698
test_11578,0.46502177
test_11579,0.99092768
test_11580,0.99999000
test_11581,0.66009187
test_11582,0.00002450
test_11583,0.08492656
test_11584,0.99983027
test_11585,0.00201307
test_11586,0.99993995
test_11587,0.99764167
test_11588,0.02574529
test_11589,0.90135819
test_11590,0.99979678
test_11591,0.99879472
test_11592,0.99979285
test_11593,0.00305603
test_11594,0.99843789
test_11595,0.00050837
test_11596,0.99942211
test_11597,0.99972415
test_11598,0.00009297
test_11599,0.01536034
test_11600,0.05772579
test_11601,0.99877999
test_11602,0.04170226
test_11603,0.99597397
test_11604,0.99967397
test_11605,0.99986807
test_11606,0.65541245
test_11607,0.99991057
test_11608,0.00332049
test_11609,0.99999900
test_11610,0.00085784
test_11611,0.99993368
test_11612,0.99947066
test_11613,0.99800612
test_11614,0.00164568
test_11615,0.98507009
test_11616,0.99990717
test_11617,0.99923511
test_11618,0.99981137
test_11619,0.77563241
test_11620,0.01453415
test_11621,0.00126425
test_11622,0.99987510
test_11623,0.00721845
test_11624,0.98342644
test_11625,0.96380755
test_11626,0.99995414
test_11627,0.97195653
test_11628,0.00181472
test_11629,0.99930649
test_11630,0.00017834
test_11631,0.00027030
test_11632,0.00159688
test_11633,0.92426862
test_11634,0.99959739
test_11635,0.99987085
test_11636,0.99064223
test_11637,0.99855165
test_11638,0.92349908
test_11639,0.00673571
test_11640,0.99045618
test_11641,0.99913416
test_11642,0.99805647
test_11643,0.84507421
test_11644,0.99953906
test_11645,0.51169376
test_11646,0.00001265
test_11647,0.25336299
test_11648,0.99889532
test_11649,0.34689794
test_11650,0.99638086
test_11651,0.01771429
test_11652,0.00052139
test_11653,0.00034514
test_11654,0.00087267
test_11655,0.00149042
test_11656,0.99885681
test_11657,0.00625029
test_11658,0.00475100
test_11659,0.00030247
test_11660,0.99560162
test_11661,0.00030596
test_11662,0.99997411
test_11663,0.00820333
test_11664,0.13894576
test_11665,0.03828330
test_11666,0.00045073
test_11667,0.00076585
test_11668,0.99997489
test_11669,0.99697925
test_11670,0.00407289
test_11671,0.26423857
test_11672,0.99937068
test_11673,0.31979244
test_11674,0.00009283
test_11675,0.00092440
test_11676,0.99585676
test_11677,0.74449560
test_11678,0.00006639
test_11679,0.99968408
test_11680,0.00053615
test_11681,0.00473807
test_11682,0.00329950
test_11683,0.92630128
test_11684,0.98160659
test_11685,0.05178514
test_11686,0.99128856
test_11687,0.00843206
test_11688,0.00793540
test_11689,0.02423277
test_11690,0.99987591
test_11691,0.99378231
test_11692,0.00822647
test_11693,0.51549157
test_11694,0.00347523
test_11695,0.99656869
test_11696,0.00369337
test_11697,0.01791471
test_11698,0.01926784
test_11699,0.36708904
test_11700,0.24219419
test_11701,0.94866418
test_11702,0.00083637
test_11703,0.00031306
test_11704,0.99936080
test_11705,0.99943811
test_11706,0.99962213
test_11707,0.00546397
test_11708,0.98453511
test_11709,0.99514720
test_11710,0.97391242
test_11711,0.99124583
test_11712,0.26892404
test_11713,0.99731443
test_11714,0.99874464
test_11715,0.99406633
test_11716,0.00127392
test_11717,0.00056256
test_11718,0.00450412
test_11719,0.00467667
test_11720,0.99871582
test_11721,0.98248911
test_11722,0.99987961
test_11723,0.88974718
test_11724,0.00003744
test_11725,0.33433512
test_11726,0.99719578
test_11727,0.99808396
test_11728,0.99067133
test_11729,0.97616205
test_11730,0.00228092
test_11731,0.00022718
test_11732,0.99527396
test_11733,0.99980685
test_11734,0.00331326
test_11735,0.97088710
test_11736,0.01364358
test_11737,0.01421093
test_11738,0.99959746
test_11739,0.99768565
test_11740,0.00910217
test_11741,0.17665216
test_11742,0.16233547
test_11743,0.99945256
test_11744,0.97242696
test_11745,0.00557557
test_11746,0.98334497
test_11747,0.00032257
test_11748,0.00829511
test_11749,0.99977750
test_11750,0.01611848
test_11751,0.99254163
test_11752,0.99957545
test_11753,0.10501120
test_11754,0.99470108
test_11755,0.41246098
test_11756,0.99555048
test_11757,0.13686713
test_11758,0.00209100
test_11759,0.99997469
test_11760,0.95748207
test_11761,0.99984211
test_11762,0.99929410
test_11763,0.93963984
test_11764,0.99989562
test_11765,0.00365525
test_11766,0.64030481
test_11767,0.00360229
test_11768,0.90026056
test_11769,0.71178266
test_11770,0.00474431
test_11771,0.98707010
test_11772,0.99962738
test_11773,0.00059272
test_11774,0.00035463
test_11775,0.99024080
test_11776,0.16358158
test_11777,0.99996448
test_11778,0.99822296
test_11779,0.99896238
test_11780,0.99924882
test_11781,0.13011589
test_11782,0.12627370
test_11783,0.01271322
test_11784,0.99922193
test_11785,0.00611898
test_11786,0.95771466
test_11787,0.00313881
test_11788,0.00413377
test_11789,0.00213113
test_11790,0.00227704
test_11791,0.99918951
test_11792,0.92316650
test_11793,0.62745227
test_11794,0.99954234
test_11795,0.99878615
test_11796,0.00002609
test_11797,0.97939111
test_11798,0.00012726
test_11799,0.99840404
test_11800,0.00991596
test_11801,0.01304179
test_11802,0.00031936
test_11803,0.00091021
test_11804,0.00042951
test_11805,0.00344089
test_11806,0.06342231
test_11807,0.99813187
test_11808,0.99367262
test_11809,0.22427393
test_11810,0.99522379
test_11811,0.00142132
test_11812,0.00225206
test_11813,0.01009983
test_11814,0.07412678
test_11815,0.00324719
test_11816,0.99592916
test_11817,0.03936980
test_11818,0.01269704
test_11819,0.91038823
test_11820,0.89353401
test_11821,0.99909067
test_11822,0.99745707
test_11823,0.99950305
test_11824,0.87978503
test_11825,0.99443363
test_11826,0.00042897
test_11827,0.96182450
test_11828,0.00151739
test_11829,0.53396327
test_11830,0.98940795
test_11831,0.00018331
test_11832,0.56083235
test_11833,0.00046433
test_11834,0.79516161
test_11835,0.00262524
test_11836,0.91348192
test_11837,0.09492140
test_11838,0.01746788
test_11839,0.23449026
test_11840,0.00072162
test_11841,0.01059957
test_11842,0.00424340
test_11843,0.00013078
test_11844,0.00845763
test_11845,0.99717953
test_11846,0.01852154
test_11847,0.99754047
test_11848,0.73189917
test_11849,0.00069604
test_11850,0.99980399
test_11851,0.00428986
test_11852,0.00887289
test_11853,0.99883707
test_11854,0.00019817
test_11855,0.99545027
test_11856,0.99971394
test_11857,0.00085732
test_11858,0.99993074
test_11859,0.06157009
test_11860,0.02188505
test_11861,0.02036471
test_11862,0.00321197
test_11863,0.13190250
test_11864,0.99883715
test_11865,0.97667208
test_11866,0.99398965
test_11867,0.98765995
test_11868,0.07135466
test_11869,0.99953497
test_11870,0.99704649
test_11871,0.99975134
test_11872,0.99971357
test_11873,0.99444185
test_11874,0.99984283
test_11875,0.99882306
test_11876,0.99842423
test_11877,0.00471614
test_11878,0.95987837
test_11879,0.67175224
test_11880,0.05698276
test_11881,0.99938758
test_11882,0.99888445
test_11883,0.00213280
test_11884,0.99951950
test_11885,0.02412024
test_11886,0.02097327
test_11887,0.99996323
test_11888,0.00254193
test_11889,0.00166101
test_11890,0.00197905
test_11891,0.78579679
test_11892,0.00039575
test_11893,0.99778174
test_11894,0.84933830
test_11895,0.01323460
test_11896,0.99987373
test_11897,0.00060248
test_11898,0.00391719
test_11899,0.99933189
test_11900,0.98337811
test_11901,0.89657012
test_11902,0.99965753
test_11903,0.98771794
test_11904,0.99911965
test_11905,0.99986341
test_11906,0.00052383
test_11907,0.99997550
test_11908,0.00019139
test_11909,0.00004002
test_11910,0.99564540
test_11911,0.99991937
test_11912,0.00030862
test_11913,0.00056821
test_11914,0.00012665
test_11915,0.00006151
test_11916,0.00023047
test_11917,0.42379989
test_11918,0.99226500
test_11919,0.03571930
test_11920,0.99345044
test_11921,0.02723890
test_11922,0.00048138
test_11923,0.99666132
test_11924,0.97663767
test_11925,0.99255994
test_11926,0.99983869
test_11927,0.99963790
test_11928,0.80620666
test_11929,0.00065771
test_11930,0.99996534
test_11931,0.99618053
test_11932,0.00552517
test_11933,0.74728401
test_11934,0.01699042
test_11935,0.00176376
test_11936,0.99947828
test_11937,0.00115961
test_11938,0.99999293
test_11939,0.02173311
test_11940,0.98275130
test_11941,0.00014698
test_11942,0.99212960
test_11943,0.00259007
test_11944,0.00043516
test_11945,0.99439739
test_11946,0.76191196
test_11947,0.00069150
test_11948,0.08904540
test_11949,0.03839532
test_11950,0.00030277
test_11951,0.14081742
test_11952,0.00025475
test_11953,0.84295020
test_11954,0.03486362
test_11955,0.99576510
test_11956,0.00931219
test_11957,0.98192478
test_11958,0.63841120
test_11959,0.68009031
test_11960,0.00018539
test_11961,0.00507294
test_11962,0.00037957
test_11963,0.99863095
test_11964,0.01085390
test_11965,0.94713840
test_11966,0.92240034
test_11967,0.00376962
test_11968,0.99978705
test_11969,0.00086760
test_11970,0.00365442
test_11971,0.00333232
test_11972,0.99692587
test_11973,0.00172470
test_11974,0.99954637
test_11975,0.99995230
test_11976,0.00204754
test_11977,0.99996548
test_11978,0.99105121
test_11979,0.99146031
test_11980,0.76272636
test_11981,0.00150280
test_11982,0.99906192
test_11983,0.98165009
test_11984,0.99781542
test_11985,0.00191885
test_11986,0.79292262
test_11987,0.00552154
test_11988,0.80437471
test_11989,0.09365590
test_11990,0.99970521
test_11991,0.89707070
test_11992,0.01143657
test_11993,0.99897468
test_11994,0.36023885
test_11995,0.99168978
test_11996,0.00583389
test_11997,0.99950445
test_11998,0.00496367
test_11999,0.03839212
test_12000,0.99982393
test_12001,0.00001265
test_12002,0.00007544
test_12003,0.99182103
test_12004,0.00046487
test_12005,0.01108192
test_12006,0.03852635
test_12007,0.79176914
test_12008,0.00632540
test_12009,0.06028096
test_12010,0.00318272
test_12011,0.99942286
test_12012,0.98721605
test_12013,0.00317703
test_12014,0.98197081
test_12015,0.99592769
test_12016,0.94742882
test_12017,0.99984817
test_12018,0.99910707
test_12019,0.99937180
test_12020,0.72716074
test_12021,0.99080969
test_12022,0.99764296
test_12023,0.00172538
test_12024,0.00050962
test_12025,0.74427191
test_12026,0.00963729
test_12027,0.99834835
test_12028,0.10420141
test_12029,0.09196369
test_12030,0.11782480
test_12031,0.99935894
test_12032,0.00478021
test_12033,0.99999552
test_12034,0.99997570
test_12035,0.96825223
test_12036,0.00505815
test_12037,0.89654724
test_12038,0.00073034
test_12039,0.00266704
test_12040,0.99535074
test_12041,0.99779417
test_12042,0.00146478
test_12043,0.99954581
test_12044,0.00250457
test_12045,0.00214346
test_12046,0.99967752
test_12047,0.02659655
test_12048,0.99996392
test_12049,0.00003744
test_12050,0.08886363
test_12051,0.00016278
test_12052,0.01202852
test_12053,0.00236879
test_12054,0.99939957
test_12055,0.99999000
test_12056,0.47529213
test_12057,0.97547901
test_12058,0.80699241
test_12059,0.99476238
test_12060,0.99970590
test_12061,0.00556038
test_12062,0.00086258
test_12063,0.99972556
test_12064,0.99827179
test_12065,0.01149817
test_12066,0.00832533
test_12067,0.99929559
test_12068,0.03581890
test_12069,0.00116531
test_12070,0.00486416
test_12071,0.99874808
test_12072,0.99963699
test_12073,0.01312909
test_12074,0.00533707
test_12075,0.99963988
test_12076,0.98786716
test_12077,0.01407394
test_12078,0.99912416
test_12079,0.05363321
test_12080,0.00360041
test_12081,0.99674470
test_12082,0.02680701
test_12083,0.00137240
test_12084,0.99685488
test_12085,0.99982253
test_12086,0.99887127
test_12087,0.99931595
test_12088,0.07459206
test_12089,0.00217368
test_12090,0.01470418
test_12091,0.99967372
test_12092,0.98415561
test_12093,0.99972663
test_12094,0.96344935
test_12095,0.99214572
test_12096,0.98833700
test_12097,0.00689244
test_12098,0.99269398
test_12099,0.00491035
test_12100,0.00730227
test_12101,0.99917918
test_12102,0.00144924
test_12103,0.00164382
test_12104,0.00829638
test_12105,0.00629964
test_12106,0.59870064
test_12107,0.98793033
test_12108,0.95563446
test_12109,0.04972342
test_12110,0.02507903
test_12111,0.99979486
test_12112,0.99675712
test_12113,0.97157713
test_12114,0.99914561
test_12115,0.00130037
test_12116,0.00011988
test_12117,0.01148050
test_12118,0.99976030
test_12119,0.99999684
test_12120,0.99988999
test_12121,0.00299959
test_12122,0.00317610
test_12123,0.00209553
test_12124,0.99764376
test_12125,0.00012774
test_12126,0.99967137
test_12127,0.99605414
test_12128,0.92395912
test_12129,0.07531345
test_12130,0.98041147
test_12131,0.99622806
test_12132,0.20600205
test_12133,0.99966856
test_12134,0.99994739
test_12135,0.00315039
test_12136,0.99509762
test_12137,0.98937106
test_12138,0.00262234
test_12139,0.99393536
test_12140,0.99951891
test_12141,0.00046066
test_12142,0.97532175
test_12143,0.98614277
test_12144,0.99721501
test_12145,0.09237568
test_12146,0.99994739
test_12147,0.01437234
test_12148,0.01283320
test_12149,0.99994002
test_12150,0.00057666
test_12151,0.99721167
test_12152,0.89723207
test_12153,0.00108422
test_12154,0.99995626
test_12155,0.99372672
test_12156,0.00144284
test_12157,0.99506575
test_12158,0.00061147
test_12159,0.99870433
test_12160,0.99985313
test_12161,0.99710657
test_12162,0.99971470
test_12163,0.24348474
test_12164,0.99630717
test_12165,0.00076707
test_12166,0.99940876
test_12167,0.83215961
test_12168,0.00007808
test_12169,0.98094531
test_12170,0.02128365
test_12171,0.00382406
test_12172,0.99546709
test_12173,0.99901474
test_12174,0.62478295
test_12175,0.99826801
test_12176,0.02666246
test_12177,0.02622366
test_12178,0.91017439
test_12179,0.02555406
test_12180,0.90487964
test_12181,0.99762204
test_12182,0.99439501
test_12183,0.99812713
test_12184,0.00300843
test_12185,0.99788863
test_12186,0.99507122
test_12187,0.03015943
test_12188,0.00776214
test_12189,0.47078005
test_12190,0.99836481
test_12191,0.99980699
test_12192,0.00085966
test_12193,0.00279889
test_12194,0.00117296
test_12195,0.00011158
test_12196,0.00030811
test_12197,0.00461193
test_12198,0.00700039
test_12199,0.13323251
test_12200,0.86643233
test_12201,0.00021176
test_12202,0.99964908
test_12203,0.99998621
test_12204,0.06993354
test_12205,0.00515548
test_12206,0.02211893
test_12207,0.00159334
test_12208,0.99974798
test_12209,0.99985451
test_12210,0.08916223
test_12211,0.00019674
test_12212,0.99583122
test_12213,0.00590963
test_12214,0.99999000
test_12215,0.99867465
test_12216,0.20512640
test_12217,0.24513785
test_12218,0.65004727
test_12219,0.00182405
test_12220,0.00010315
test_12221,0.00217887
test_12222,0.00028924
test_12223,0.00098402
test_12224,0.98125412
test_12225,0.00309216
test_12226,0.00924148
test_12227,0.00007287
test_12228,0.99968703
test_12229,0.01690394
test_12230,0.02984012
test_12231,0.33603734
test_12232,0.00100737
test_12233,0.01119831
test_12234,0.99909175
test_12235,0.13604204
test_12236,0.00623116
test_12237,0.98160659
test_12238,0.99795744
test_12239,0.99757511
test_12240,0.21707325
test_12241,0.01298799
test_12242,0.00386724
test_12243,0.99826684
test_12244,0.00727502
test_12245,0.16515243
test_12246,0.99822457
test_12247,0.00001416
test_12248,0.00034912
test_12249,0.00028309
test_12250,0.04935978
test_12251,0.00028566
test_12252,0.00208779
test_12253,0.95772025
test_12254,0.98335005
test_12255,0.02601661
test_12256,0.00722352
test_12257,0.07606656
test_12258,0.00087636
test_12259,0.99617034
test_12260,0.99681400
test_12261,0.99482483
test_12262,0.03347271
test_12263,0.14022083
test_12264,0.05237679
test_12265,0.00113413
test_12266,0.61711151
test_12267,0.02499005
test_12268,0.00112028
test_12269,0.99991627
test_12270,0.00395366
test_12271,0.01104575
test_12272,0.98867318
test_12273,0.00536179
test_12274,0.99718705
test_12275,0.00055597
test_12276,0.79282779
test_12277,0.22684559
test_12278,0.00061536
test_12279,0.86163481
test_12280,0.98399557
test_12281,0.01800712
test_12282,0.11160981
test_12283,0.97363902
test_12284,0.00839904
test_12285,0.01054578
test_12286,0.10498453
test_12287,0.97657761
test_12288,0.99623272
test_12289,0.00057290
test_12290,0.00104909
test_12291,0.29888890
test_12292,0.00838687
test_12293,0.72695694
test_12294,0.02153817
test_12295,0.99822519
test_12296,0.98691221
test_12297,0.00015956
test_12298,0.01617560
test_12299,0.72991835
test_12300,0.15422159
test_12301,0.99406859
test_12302,0.08532839
test_12303,0.00019596
test_12304,0.99987454
test_12305,0.00001095
test_12306,0.99162692
test_12307,0.87019344
test_12308,0.02246111
test_12309,0.99820937
test_12310,0.00067332
test_12311,0.99386374
test_12312,0.97793127
test_12313,0.01352516
test_12314,0.99992192
test_12315,0.00000837
test_12316,0.01105968
test_12317,0.00005921
test_12318,0.00034598
test_12319,0.38191595
test_12320,0.99889514
test_12321,0.99963093
test_12322,0.12373854
test_12323,0.01514168
test_12324,0.00165038
test_12325,0.98259621
test_12326,0.98810122
test_12327,0.99975811
test_12328,0.00011745
test_12329,0.12918652
test_12330,0.99450234
test_12331,0.00061751
test_12332,0.99080527
test_12333,0.01605267
test_12334,0.00004897
test_12335,0.99478272
test_12336,0.06613749
test_12337,0.17288235
test_12338,0.00077821
test_12339,0.99860521
test_12340,0.86524534
test_12341,0.09550472
test_12342,0.00188234
test_12343,0.00090388
test_12344,0.97693796
test_12345,0.99951398
test_12346,0.99993514
test_12347,0.99871492
test_12348,0.00797964
test_12349,0.78861894
test_12350,0.00071986
test_12351,0.00109067
test_12352,0.99963370
test_12353,0.99511451
test_12354,0.89617346
test_12355,0.00115086
test_12356,0.79377201
test_12357,0.99868808
test_12358,0.02372157
test_12359,0.99841111
test_12360,0.00418976
test_12361,0.99961727
test_12362,0.11955641
test_12363,0.00358707
test_12364,0.01787733
test_12365,0.99917575
test_12366,0.13602545
test_12367,0.01266166
test_12368,0.99959944
test_12369,0.93830653
test_12370,0.00473063
test_12371,0.99866573
test_12372,0.99910462
test_12373,0.97600501
test_12374,0.00835937
test_12375,0.99458331
test_12376,0.03377727
test_12377,0.00035666
test_12378,0.00008985
test_12379,0.00015994
test_12380,0.00126218
test_12381,0.85496010
test_12382,0.00007271
test_12383,0.00454233
test_12384,0.99953243
test_12385,0.00016972
test_12386,0.96795147
test_12387,0.99993071
test_12388,0.00049588
test_12389,0.17695024
test_12390,0.00537637
test_12391,0.99660487
test_12392,0.00003635
test_12393,0.00649294
test_12394,0.00638614
test_12395,0.99933687
test_12396,0.04119589
test_12397,0.00029087
test_12398,0.01232088
test_12399,0.00020225
test_12400,0.99998387
test_12401,0.01340555
test_12402,0.13631615
test_12403,0.99504564
test_12404,0.00003872
test_12405,0.01392278
test_12406,0.99855512
test_12407,0.99995660
test_12408,0.99993255
test_12409,0.99763534
test_12410,0.00033208
test_12411,0.99611146
test_12412,0.99875844
test_12413,0.03793634
test_12414,0.00002238
test_12415,0.68514524
test_12416,0.44973425
test_12417,0.79127912
test_12418,0.99865015
test_12419,0.80774123
test_12420,0.99993212
test_12421,0.00016627
test_12422,0.99998584
test_12423,0.06052586
test_12424,0.26734739
test_12425,0.09155156
test_12426,0.97564878
test_12427,0.62028152
test_12428,0.34104639
test_12429,0.97278232
test_12430,0.99875489
test_12431,0.99588867
test_12432,0.99824477
test_12433,0.40492784
test_12434,0.99886524
test_12435,0.05676734
test_12436,0.00978468
test_12437,0.00107560
test_12438,0.00006929
test_12439,0.00086403
test_12440,0.85212213
test_12441,0.99968143
test_12442,0.99749418
test_12443,0.00069932
test_12444,0.06396168
test_12445,0.98492484
test_12446,0.04401011
test_12447,0.00331411
test_12448,0.00021715
test_12449,0.60004166
test_12450,0.99256533
test_12451,0.99944524
test_12452,0.51683693
test_12453,0.99764181
test_12454,0.28832898
test_12455,0.00055827
test_12456,0.00018658
test_12457,0.00085453
test_12458,0.99208047
test_12459,0.99784193
test_12460,0.00140825
test_12461,0.99859168
test_12462,0.00996007
test_12463,0.40030802
test_12464,0.00096880
test_12465,0.99975494
test_12466,0.00082464
test_12467,0.99955525
test_12468,0.00428305
test_12469,0.00054029
test_12470,0.99898382
test_12471,0.58851502
test_12472,0.01209724
test_12473,0.74545562
test_12474,0.00173012
test_12475,0.00043496
test_12476,0.99866224
test_12477,0.00097512
test_12478,0.99996392
test_12479,0.00548003
test_12480,0.00203576
test_12481,0.00017535
test_12482,0.97588983
test_12483,0.02435288
test_12484,0.99494467
test_12485,0.00003940
test_12486,0.00264467
test_12487,0.00140789
test_12488,0.00109899
test_12489,0.99856711
test_12490,0.00990847
test_12491,0.05501888
test_12492,0.99230720
test_12493,0.99291400
test_12494,0.99894675
test_12495,0.00077274
test_12496,0.87419116
test_12497,0.00028602
test_12498,0.61191411
test_12499,0.94116412
test_12500,0.99994079
test_12501,0.96120109
test_12502,0.00011043
test_12503,0.99657297
test_12504,0.99981277
test_12505,0.01269260
test_12506,0.99997530
test_12507,0.82519320
test_12508,0.99972376
test_12509,0.00434180
test_12510,0.91225312
test_12511,0.00104414
test_12512,0.26510260
test_12513,0.00096648
test_12514,0.96523061
test_12515,0.01053545
test_12516,0.99486815
test_12517,0.04023259
test_12518,0.00022987
test_12519,0.01220290
test_12520,0.00010345
test_12521,0.00082178
test_12522,0.03730510
test_12523,0.00088647
test_12524,0.99949291
test_12525,0.00110029
test_12526,0.99817678
test_12527,0.00077896
test_12528,0.00009098
test_12529,0.00032603
test_12530,0.99840897
test_12531,0.00522951
test_12532,0.00046638
test_12533,0.99079814
test_12534,0.98057803
test_12535,0.99936174
test_12536,0.00252641
test_12537,0.39560519
test_12538,0.99978924
test_12539,0.00121817
test_12540,0.00215174
test_12541,0.03768285
test_12542,0.00015224
test_12543,0.01877631
test_12544,0.00311182
test_12545,0.99996189
test_12546,0.02875325
test_12547,0.00147864
test_12548,0.29851229
test_12549,0.99740028
test_12550,0.99940012
test_12551,0.33961431
test_12552,0.99939586
test_12553,0.83282669
test_12554,0.00013504
test_12555,0.99892283
test_12556,0.00236562
test_12557,0.31342479
test_12558,0.00062327
test_12559,0.99992890
test_12560,0.99689360
test_12561,0.99995557
test_12562,0.28798468
test_12563,0.99935976
test_12564,0.00678135
test_12565,0.00303458
test_12566,0.99930515
test_12567,0.00100778
test_12568,0.01067532
test_12569,0.99884217
test_12570,0.99940772
test_12571,0.00007470
test_12572,0.89408333
test_12573,0.00016974
test_12574,0.03540560
test_12575,0.00009577
test_12576,0.44078787
test_12577,0.01240288
test_12578,0.01083150
test_12579,0.99954338
test_12580,0.00014580
test_12581,0.56392460
test_12582,0.00028785
test_12583,0.99786837
test_12584,0.89753161
test_12585,0.99636944
test_12586,0.08121038
test_12587,0.69192281
test_12588,0.00061177
test_12589,0.00222442
test_12590,0.95697187
test_12591,0.98062062
test_12592,0.00040237
test_12593,0.00560125
test_12594,0.83008859
test_12595,0.99945422
test_12596,0.00234755
test_12597,0.96006015
test_12598,0.00334766
test_12599,0.00545928
test_12600,0.99167823
test_12601,0.99282853
test_12602,0.25512649
test_12603,0.99917611
test_12604,0.00669303
test_12605,0.00446714
test_12606,0.99766102
test_12607,0.00517689
test_12608,0.99889331
test_12609,0.67457941
test_12610,0.00362527
test_12611,0.00007497
test_12612,0.00823456
test_12613,0.98701837
test_12614,0.96475861
test_12615,0.10230873
test_12616,0.00075030
test_12617,0.00012547
test_12618,0.00979240
test_12619,0.88062633
test_12620,0.99178938
test_12621,0.00190670
test_12622,0.01061078
test_12623,0.99136436
test_12624,0.99992713
test_12625,0.00038482
test_12626,0.00030714
test_12627,0.00057929
test_12628,0.00015183
test_12629,0.99934266
test_12630,0.00030264
test_12631,0.99995097
test_12632,0.63985260
test_12633,0.00059988
test_12634,0.00285245
test_12635,0.00052759
test_12636,0.99683900
test_12637,0.88134203
test_12638,0.00000100
test_12639,0.99874963
test_12640,0.01182017
test_12641,0.01899197
test_12642,0.08040224
test_12643,0.99973033
test_12644,0.00171441
test_12645,0.99817207
test_12646,0.98084713
test_12647,0.00051137
test_12648,0.00078093
test_12649,0.00143979
test_12650,0.93801147
test_12651,0.99375807
test_12652,0.00001483
test_12653,0.98907200
test_12654,0.00056860
test_12655,0.99999163
test_12656,0.98514054
test_12657,0.93714776
test_12658,0.99961794
test_12659,0.00012843
test_12660,0.00565586
test_12661,0.99996035
test_12662,0.98060939
test_12663,0.00047853
test_12664,0.00162293
test_12665,0.75632702
test_12666,0.29660465
test_12667,0.09074999
test_12668,0.05193447
test_12669,0.12858142
test_12670,0.98745238
test_12671,0.99755112
test_12672,0.00004472
test_12673,0.00001001
test_12674,0.13993597
test_12675,0.72376705
test_12676,0.84001228
test_12677,0.99109282
test_12678,0.01154265
test_12679,0.98090277
test_12680,0.99826112
test_12681,0.09835026
test_12682,0.99528461
test_12683,0.00072351
test_12684,0.99911035
test_12685,0.00118744
test_12686,0.99992422
test_12687,0.99179205
test_12688,0.93801838
test_12689,0.95327212
test_12690,0.06273729
test_12691,0.99960954
test_12692,0.95154209
test_12693,0.99760832
test_12694,0.01893961
test_12695,0.00131677
test_12696,0.43273464
test_12697,0.00106371
test_12698,0.98634741
test_12699,0.41307976
test_12700,0.00807566
test_12701,0.96799277
test_12702,0.00014192
test_12703,0.00225335
test_12704,0.99785738
test_12705,0.99999000
test_12706,0.01054002
test_12707,0.99797333
test_12708,0.98005986
test_12709,0.99964382
test_12710,0.00179085
test_12711,0.98982786
test_12712,0.99946095
test_12713,0.00748633
test_12714,0.00282403
test_12715,0.14841120
test_12716,0.00001416
test_12717,0.00026833
test_12718,0.00375504
test_12719,0.99777619
test_12720,0.99994589
test_12721,0.99564456
test_12722,0.99983253
test_12723,0.00224015
test_12724,0.00041406
test_12725,0.98559178
test_12726,0.99527520
test_12727,0.69902283
test_12728,0.90797312
test_12729,0.95037252
test_12730,0.00055844
test_12731,0.99563132
test_12732,0.01493280
test_12733,0.96606399
test_12734,0.99962470
test_12735,0.99686582
test_12736,0.99908794
test_12737,0.99859285
test_12738,0.00360294
test_12739,0.99931340
test_12740,0.00921323
test_12741,0.00032939
test_12742,0.02930209
test_12743,0.00022398
test_12744,0.02354576
test_12745,0.16397072
test_12746,0.99953867
test_12747,0.99971378
test_12748,0.59090204
test_12749,0.00008485
test_12750,0.00002882
test_12751,0.02846861
test_12752,0.99799763
test_12753,0.00034380
test_12754,0.00037261
test_12755,0.99026335
test_12756,0.99865905
test_12757,0.98185498
test_12758,0.00939010
test_12759,0.00009063
test_12760,0.95526176
test_12761,0.96585768
test_12762,0.00137276
test_12763,0.98273317
test_12764,0.00006005
test_12765,0.99490562
test_12766,0.00018637
test_12767,0.00068984
test_12768,0.99974486
test_12769,0.99987644
test_12770,0.00018547
test_12771,0.00042168
test_12772,0.37724008
test_12773,0.99953217
test_12774,0.00006517
test_12775,0.99897967
test_12776,0.00498488
test_12777,0.00031006
test_12778,0.99571648
test_12779,0.00049279
test_12780,0.99991862
test_12781,0.99978091
test_12782,0.00015689
test_12783,0.99999900
test_12784,0.00398397
test_12785,0.99955176
test_12786,0.53448347
test_12787,0.99986567
test_12788,0.00229227
test_12789,0.99902615
test_12790,0.00031402
test_12791,0.00804515
test_12792,0.00142887
test_12793,0.98980066
test_12794,0.00265427
test_12795,0.99961281
test_12796,0.99906084
test_12797,0.99031297
test_12798,0.99675908
test_12799,0.00000316
test_12800,0.17135383
test_12801,0.05442519
test_12802,0.00235358
test_12803,0.99985510
test_12804,0.99994797
test_12805,0.00517012
test_12806,0.10694686
test_12807,0.99850988
test_12808,0.00183715
test_12809,0.99999900
test_12810,0.00010211
test_12811,0.98521745
test_12812,0.91075828
test_12813,0.80886243
test_12814,0.00367620
test_12815,0.01663111
test_12816,0.01029089
test_12817,0.00055457
test_12818,0.00012489
test_12819,0.00006325
test_12820,0.99677825
test_12821,0.06824294
test_12822,0.98984535
test_12823,0.99994168
test_12824,0.00007949
test_12825,0.04832049
test_12826,0.20033476
test_12827,0.00913056
test_12828,0.97657307
test_12829,0.93594672
test_12830,0.00159764
test_12831,0.00644830
test_12832,0.99998451
test_12833,0.00000448
test_12834,0.99100281
test_12835,0.99995402
test_12836,0.86973695
test_12837,0.96330159
test_12838,0.99729138
test_12839,0.00100601
test_12840,0.00731514
test_12841,0.00000775
test_12842,0.00654548
test_12843,0.99991870
test_12844,0.93809451
test_12845,0.00048982
test_12846,0.09203047
test_12847,0.81658183
test_12848,0.99062459
test_12849,0.00095086
test_12850,0.99774613
test_12851,0.24610686
test_12852,0.00167903
test_12853,0.99882483
test_12854,0.03867707
test_12855,0.00160257
test_12856,0.99868508
test_12857,0.97692602
test_12858,0.00054144
test_12859,0.99354531
test_12860,0.99853582
test_12861,0.01122892
test_12862,0.00295268
test_12863,0.00304565
test_12864,0.00090330
test_12865,0.99852414
test_12866,0.22083481
test_12867,0.99889043
test_12868,0.98750452
test_12869,0.00056039
test_12870,0.99990398
test_12871,0.27440699
test_12872,0.92626681
test_12873,0.99949082
test_12874,0.99973889
test_12875,0.00409156
test_12876,0.00002000
test_12877,0.00827619
test_12878,0.99987181
test_12879,0.99769144
test_12880,0.01125223
test_12881,0.00000100
test_12882,0.99727662
test_12883,0.01530206
test_12884,0.00141703
test_12885,0.00037761
test_12886,0.45329284
test_12887,0.24812230
test_12888,0.36327865
test_12889,0.00229577
test_12890,0.99991169
test_12891,0.00989935
test_12892,0.00114029
test_12893,0.99979832
test_12894,0.00004915
test_12895,0.98174785
test_12896,0.46568468
test_12897,0.99951999
test_12898,0.12471396
test_12899,0.00326793
test_12900,0.99968709
test_12901,0.99450354
test_12902,0.99778592
test_12903,0.66224672
test_12904,0.99549800
test_12905,0.99995137
test_12906,0.00031007
test_12907,0.01244871
test_12908,0.99853549
test_12909,0.99453462
test_12910,0.00130849
test_12911,0.99992928
test_12912,0.99994704
test_12913,0.00010379
test_12914,0.00017767
test_12915,0.01951679
test_12916,0.99998326
test_12917,0.99558291
test_12918,0.00157362
test_12919,0.96633287
test_12920,0.99799977
test_12921,0.01648983
test_12922,0.00145853
test_12923,0.99980493
test_12924,0.94829717
test_12925,0.73214946
test_12926,0.99987230
test_12927,0.00042595
test_12928,0.00260956
test_12929,0.99958042
test_12930,0.99855678
test_12931,0.00182621
test_12932,0.00023534
test_12933,0.99948767
test_12934,0.96668766
test_12935,0.00566475
test_12936,0.75171222
test_12937,0.59329559
test_12938,0.03883367
test_12939,0.99575548
test_12940,0.99598497
test_12941,0.83944411
test_12942,0.02927744
test_12943,0.00016329
test_12944,0.99967965
test_12945,0.00154489
test_12946,0.99997170
test_12947,0.99353335
test_12948,0.02277234
test_12949,0.00196931
test_12950,0.95144250
test_12951,0.04354688
test_12952,0.96848644
test_12953,0.99929457
test_12954,0.00055966
test_12955,0.01041335
test_12956,0.99836705
test_12957,0.94914269
test_12958,0.00036754
test_12959,0.14468632
test_12960,0.89940075
test_12961,0.01363414
test_12962,0.03638621
test_12963,0.99734049
test_12964,0.00008413
test_12965,0.12879313
test_12966,0.99523390
test_12967,0.00158915
test_12968,0.00581845
test_12969,0.97758265
test_12970,0.55920416
test_12971,0.00087952
test_12972,0.21472334
test_12973,0.00126496
test_12974,0.20007178
test_12975,0.28169519
test_12976,0.00904399
test_12977,0.00024022
test_12978,0.98405686
test_12979,0.00321573
test_12980,0.00004800
test_12981,0.80913046
test_12982,0.99772353
test_12983,0.22856970
test_12984,0.87167889
test_12985,0.98899958
test_12986,0.99919020
test_12987,0.98950009
test_12988,0.00049868
test_12989,0.99166152
test_12990,0.97061329
test_12991,0.00032430
test_12992,0.03499533
test_12993,0.99924852
test_12994,0.00549289
test_12995,0.98432100
test_12996,0.99620411
test_12997,0.00011805
test_12998,0.99990297
test_12999,0.98284617
test_13000,0.02203520
test_13001,0.99999684
test_13002,0.00021846
test_13003,0.99955503
test_13004,0.00012386
test_13005,0.95347343
test_13006,0.01391903
test_13007,0.00292018
test_13008,0.02365703
test_13009,0.99901837
test_13010,0.03982120
test_13011,0.16642132
test_13012,0.52837257
test_13013,0.99997999
test_13014,0.00532626
test_13015,0.99955102
test_13016,0.00027522
test_13017,0.98725425
test_13018,0.00033498
test_13019,0.99966707
test_13020,0.00060345
test_13021,0.07689969
test_13022,0.01579933
test_13023,0.85622506
test_13024,0.99984129
test_13025,0.99486951
test_13026,0.94530919
test_13027,0.99408185
test_13028,0.75854882
test_13029,0.96296898
test_13030,0.01282822
test_13031,0.39882661
test_13032,0.99377852
test_13033,0.00023505
test_13034,0.99605555
test_13035,0.00345634
test_13036,0.50644903
test_13037,0.99988086
test_13038,0.99792089
test_13039,0.99980584
test_13040,0.55297471
test_13041,0.99920376
test_13042,0.99444899
test_13043,0.98958313
test_13044,0.99546147
test_13045,0.02674531
test_13046,0.99914492
test_13047,0.00359485
test_13048,0.00014001
test_13049,0.99997188
test_13050,0.00005290
test_13051,0.00052723
test_13052,0.99858976
test_13053,0.99936640
test_13054,0.00016992
test_13055,0.00050331
test_13056,0.99629812
test_13057,0.00748865
test_13058,0.00086375
test_13059,0.29096836
test_13060,0.99794743
test_13061,0.98967626
test_13062,0.99999293
test_13063,0.00093397
test_13064,0.00180954
test_13065,0.99981666
test_13066,0.81791705
test_13067,0.00280089
test_13068,0.99021792
test_13069,0.99576029
test_13070,0.99767019
test_13071,0.01144066
test_13072,0.00004801
test_13073,0.65871823
test_13074,0.99914315
test_13075,0.99965939
test_13076,0.03078768
test_13077,0.73252689
test_13078,0.97397291
test_13079,0.99836725
test_13080,0.05222010
test_13081,0.26197807
test_13082,0.99330324
test_13083,0.69043579
test_13084,0.93068077
test_13085,0.99964803
test_13086,0.96113393
test_13087,0.00018480
test_13088,0.99859315
test_13089,0.00751508
test_13090,0.02626097
test_13091,0.00108933
test_13092,0.99948347
test_13093,0.00005916
test_13094,0.99739669
test_13095,0.53820569
test_13096,0.00010448
test_13097,0.00004532
test_13098,0.00089259
test_13099,0.00188802
test_13100,0.00123450
test_13101,0.08606977
test_13102,0.01487148
test_13103,0.00332689
test_13104,0.00005835
test_13105,0.99933042
test_13106,0.99404546
test_13107,0.99454292
test_13108,0.98860028
test_13109,0.00023026
test_13110,0.99905691
test_13111,0.91120697
test_13112,0.99347567
test_13113,0.83532790
test_13114,0.62219591
test_13115,0.78372671
test_13116,0.68743846
test_13117,0.00648699
test_13118,0.05958099
test_13119,0.00722409
test_13120,0.00616222
test_13121,0.73345859
test_13122,0.00034165
test_13123,0.00033193
test_13124,0.98029245
test_13125,0.99998297
test_13126,0.00742460
test_13127,0.99997975
test_13128,0.98505573
test_13129,0.03477165
test_13130,0.99974590
test_13131,0.00067680
test_13132,0.99969524
test_13133,0.00243021
test_13134,0.00113679
test_13135,0.00034991
test_13136,0.00096662
test_13137,0.99909247
test_13138,0.99826752
test_13139,0.00007147
test_13140,0.02960103
test_13141,0.99885267
test_13142,0.01928413
test_13143,0.99747589
test_13144,0.00053111
test_13145,0.00112780
test_13146,0.99947923
test_13147,0.99995766
test_13148,0.00024710
test_13149,0.00029944
test_13150,0.00884720
test_13151,0.99465428
test_13152,0.01823018
test_13153,0.99966606
test_13154,0.00269729
test_13155,0.99998658
test_13156,0.00192660
test_13157,0.16268200
test_13158,0.03552600
test_13159,0.99942553
test_13160,0.88599205
test_13161,0.00468417
test_13162,0.45534552
test_13163,0.99990073
test_13164,0.00171088
test_13165,0.00533557
test_13166,0.00085158
test_13167,0.49218602
test_13168,0.01525452
test_13169,0.00159961
test_13170,0.00002647
test_13171,0.00253439
test_13172,0.93286951
test_13173,0.01488194
test_13174,0.99902835
test_13175,0.00085739
test_13176,0.21089379
test_13177,0.00097770
test_13178,0.00004693
test_13179,0.00170446
test_13180,0.99974492
test_13181,0.02312233
test_13182,0.94346566
test_13183,0.99999552
test_13184,0.00328584
test_13185,0.99977076
test_13186,0.92698602
test_13187,0.99987103
test_13188,0.00028245
test_13189,0.16399865
test_13190,0.00147651
test_13191,0.01803060
test_13192,0.99998999
test_13193,0.00156250
test_13194,0.99993180
test_13195,0.00025806
test_13196,0.99986796
test_13197,0.00346922
test_13198,0.06814467
test_13199,0.87026848
test_13200,0.01024770
test_13201,0.00873690
test_13202,0.93951226
test_13203,0.99953167
test_13204,0.01249760
test_13205,0.01932011
test_13206,0.00005749
test_13207,0.99977781
test_13208,0.00005780
test_13209,0.02388364
test_13210,0.99989130
test_13211,0.77597285
test_13212,0.99854919
test_13213,0.01334085
test_13214,0.00021548
test_13215,0.02790055
test_13216,0.99836598
test_13217,0.99962023
test_13218,0.99992924
test_13219,0.02843429
test_13220,0.99752975
test_13221,0.02616035
test_13222,0.97076161
test_13223,0.00702974
test_13224,0.99942378
test_13225,0.02073046
test_13226,0.99931244
test_13227,0.99907204
test_13228,0.00449493
test_13229,0.00033937
test_13230,0.00762644
test_13231,0.99625431
test_13232,0.99308176
test_13233,0.00036389
test_13234,0.99987153
test_13235,0.00277323
test_13236,0.03645257
test_13237,0.00335429
test_13238,0.99991881
test_13239,0.99470029
test_13240,0.00047241
test_13241,0.00033662
test_13242,0.00041630
test_13243,0.99999293
test_13244,0.99704212
test_13245,0.07372802
test_13246,0.98697678
test_13247,0.99755803
test_13248,0.99570749
test_13249,0.02355325
test_13250,0.98566917
test_13251,0.00430047
test_13252,0.02521385
test_13253,0.03029314
test_13254,0.00306626
test_13255,0.99088352
test_13256,0.00011112
test_13257,0.00036547
test_13258,0.93782157
test_13259,0.99983960
test_13260,0.00014590
test_13261,0.00051527
test_13262,0.03930486
test_13263,0.00092244
test_13264,0.99056595
test_13265,0.99804220
test_13266,0.99981223
test_13267,0.19824564
test_13268,0.59751153
test_13269,0.00110595
test_13270,0.00080165
test_13271,0.00021362
test_13272,0.00004945
test_13273,0.99994002
test_13274,0.00291549
test_13275,0.00268792
test_13276,0.00146462
test_13277,0.00294662
test_13278,0.05355457
test_13279,0.00121812
test_13280,0.38823461
test_13281,0.98654768
test_13282,0.00023484
test_13283,0.50134436
test_13284,0.97630366
test_13285,0.00018464
test_13286,0.91436285
test_13287,0.00208753
test_13288,0.97831317
test_13289,0.00004693
test_13290,0.99745781
test_13291,0.99071607
test_13292,0.99976336
test_13293,0.99905089
test_13294,0.21479411
test_13295,0.99995457
test_13296,0.99983568
test_13297,0.00314672
test_13298,0.99819076
test_13299,0.99985586
test_13300,0.11888250
test_13301,0.99996256
test_13302,0.99311846
test_13303,0.00067982
test_13304,0.98781535
test_13305,0.93962576
test_13306,0.00024739
test_13307,0.00629594
test_13308,0.99889429
test_13309,0.99893918
test_13310,0.99949496
test_13311,0.85566040
test_13312,0.01164507
test_13313,0.47595050
test_13314,0.99949995
test_13315,0.99968972
test_13316,0.28718870
test_13317,0.99608872
test_13318,0.02293185
test_13319,0.99843948
test_13320,0.00218996
test_13321,0.01210129
test_13322,0.00438575
test_13323,0.99999368
test_13324,0.07145892
test_13325,0.00002050
test_13326,0.14722370
test_13327,0.97056842
test_13328,0.00125423
test_13329,0.00099248
test_13330,0.00166242
test_13331,0.01067616
test_13332,0.00038702
test_13333,0.99965919
test_13334,0.04994625
test_13335,0.00303236
test_13336,0.00437402
test_13337,0.99869139
test_13338,0.62535062
test_13339,0.74593410
test_13340,0.01307012
test_13341,0.99986867
test_13342,0.11323349
test_13343,0.97115351
test_13344,0.99955362
test_13345,0.99697643
test_13346,0.78143663
test_13347,0.00260386
test_13348,0.01693941
test_13349,0.00419771
test_13350,0.00084851
test_13351,0.99774229
test_13352,0.00012099
test_13353,0.00124874
test_13354,0.99968318
test_13355,0.33664265
test_13356,0.99968757
test_13357,0.01286369
test_13358,0.99401228
test_13359,0.99987893
test_13360,0.99999368
test_13361,0.00298015
test_13362,0.99969356
test_13363,0.00107290
test_13364,0.99966252
test_13365,0.99999368
test_13366,0.99707304
test_13367,0.99993085
test_13368,0.98776086
test_13369,0.00036190
test_13370,0.85120543
test_13371,0.99880901
test_13372,0.99999368
test_13373,0.98833712
test_13374,0.99583545
test_13375,0.99833634
test_13376,0.99280696
test_13377,0.58978164
test_13378,0.01488401
test_13379,0.00030402
test_13380,0.92897370
test_13381,0.00333412
test_13382,0.50506611
test_13383,0.99953708
test_13384,0.98360829
test_13385,0.57300583
test_13386,0.00006966
test_13387,0.00068730
test_13388,0.00138066
test_13389,0.00010075
test_13390,0.00043667
test_13391,0.99976503
test_13392,0.00061026
test_13393,0.93316559
test_13394,0.99032158
test_13395,0.99996533
test_13396,0.47693275
test_13397,0.74336047
test_13398,0.01049787
test_13399,0.99950013
test_13400,0.99422644
test_13401,0.03939938
test_13402,0.99438813
test_13403,0.99959128
test_13404,0.99285314
test_13405,0.99994611
test_13406,0.99138470
test_13407,0.00032728
test_13408,0.00553136
test_13409,0.99440708
test_13410,0.97788199
test_13411,0.97420107
test_13412,0.99992001
test_13413,0.00095395
test_13414,0.03636692
test_13415,0.99066388
test_13416,0.99511864
test_13417,0.00387448
test_13418,0.00984220
test_13419,0.97693080
test_13420,0.99689140
test_13421,0.00002001
test_13422,0.00003333
test_13423,0.21274383
test_13424,0.99823717
test_13425,0.02541039
test_13426,0.00006088
test_13427,0.99910641
test_13428,0.99996098
test_13429,0.94857870
test_13430,0.00244837
test_13431,0.99983566
test_13432,0.00031622
test_13433,0.00042691
test_13434,0.99731181
test_13435,0.03284069
test_13436,0.00012960
test_13437,0.04220108
test_13438,0.99766508
test_13439,0.99927829
test_13440,0.99496182
test_13441,0.98892109
test_13442,0.99985756
test_13443,0.91586236
test_13444,0.99970399
test_13445,0.99998517
test_13446,0.00125350
test_13447,0.17910134
test_13448,0.00041070
test_13449,0.00590829
test_13450,0.84363744
test_13451,0.09834207
test_13452,0.97487664
test_13453,0.99935930
test_13454,0.00197324
test_13455,0.00236061
test_13456,0.99986867
test_13457,0.97485489
test_13458,0.97792076
test_13459,0.97740028
test_13460,0.00144916
test_13461,0.00100952
test_13462,0.99804635
test_13463,0.03007337
test_13464,0.00810667
test_13465,0.00249502
test_13466,0.99293665
test_13467,0.00002214
test_13468,0.06202620
test_13469,0.99866739
test_13470,0.00586525
test_13471,0.99998267
test_13472,0.99951308
test_13473,0.99925423
test_13474,0.98178525
test_13475,0.99999225
test_13476,0.00294583
test_13477,0.99916079
test_13478,0.99972927
test_13479,0.99999368
test_13480,0.99989599
test_13481,0.99880621
test_13482,0.01098041
test_13483,0.97519380
test_13484,0.01623735
test_13485,0.99864415
test_13486,0.36237734
test_13487,0.05531312
test_13488,0.00319325
test_13489,0.99966499
test_13490,0.00059384
test_13491,0.01087094
test_13492,0.98898762
test_13493,0.99940692
test_13494,0.00011172
test_13495,0.00364374
test_13496,0.99703566
test_13497,0.08533512
test_13498,0.94123893
test_13499,0.00984990
test_13500,0.99947082
test_13501,0.01122193
test_13502,0.00790646
test_13503,0.00778290
test_13504,0.00250805
test_13505,0.00092905
test_13506,0.00942179
test_13507,0.00696610
test_13508,0.99861005
test_13509,0.00046992
test_13510,0.00506324
test_13511,0.47659553
test_13512,0.87846743
test_13513,0.00026363
test_13514,0.00791286
test_13515,0.01416331
test_13516,0.00084914
test_13517,0.01445396
test_13518,0.00072750
test_13519,0.00899020
test_13520,0.01854279
test_13521,0.99966802
test_13522,0.00140871
test_13523,0.99987413
test_13524,0.99983753
test_13525,0.99452610
test_13526,0.00011771
test_13527,0.99738737
test_13528,0.99917800
test_13529,0.99792382
test_13530,0.99871089
test_13531,0.02221881
test_13532,0.00109166
test_13533,0.99812886
test_13534,0.00046189
test_13535,0.99979603
test_13536,0.00655399
test_13537,0.00003999
test_13538,0.00072925
test_13539,0.00145142
test_13540,0.92893107
test_13541,0.99751034
test_13542,0.00712190
test_13543,0.00065119
test_13544,0.99487974
test_13545,0.65119890
test_13546,0.99917095
test_13547,0.00000894
test_13548,0.80256527
test_13549,0.56898043
test_13550,0.04901145
test_13551,0.89088968
test_13552,0.00016040
test_13553,0.99878264
test_13554,0.99997654
test_13555,0.02532128
test_13556,0.11860039
test_13557,0.99849605
test_13558,0.00065134
test_13559,0.00025923
test_13560,0.02277575
test_13561,0.01047838
test_13562,0.09163222
test_13563,0.99089683
test_13564,0.98370109
test_13565,0.99886179
test_13566,0.98050346
test_13567,0.99591650
test_13568,0.87772858
test_13569,0.99915498
test_13570,0.99855527
test_13571,0.20835354
test_13572,0.99957090
test_13573,0.99943306
test_13574,0.14257452
test_13575,0.98071367
test_13576,0.00369290
test_13577,0.10935327
test_13578,0.98808738
test_13579,0.01635978
test_13580,0.00100179
test_13581,0.96898056
test_13582,0.98989409
test_13583,0.00170365
test_13584,0.99979864
test_13585,0.99533377
test_13586,0.99956517
test_13587,0.00271716
test_13588,0.81292924
test_13589,0.96125838
test_13590,0.05921252
test_13591,0.00002281
test_13592,0.92204457
test_13593,0.99715909
test_13594,0.00150629
test_13595,0.00007395
test_13596,0.00057923
test_13597,0.00415916
test_13598,0.03188376
test_13599,0.99918381
test_13600,0.36009015
test_13601,0.99989742
test_13602,0.99904345
test_13603,0.99557291
test_13604,0.89385278
test_13605,0.01581274
test_13606,0.99727801
test_13607,0.00087393
test_13608,0.00245133
test_13609,0.99985292
test_13610,0.99965362
test_13611,0.99577888
test_13612,0.99912489
test_13613,0.96865247
test_13614,0.99992928
test_13615,0.99732910
test_13616,0.00434364
test_13617,0.98869115
test_13618,0.00040797
test_13619,0.98953424
test_13620,0.00387931
test_13621,0.94666398
test_13622,0.99871626
test_13623,0.00008662
test_13624,0.00059494
test_13625,0.96969241
test_13626,0.00602915
test_13627,0.00000632
test_13628,0.23321869
test_13629,0.00143183
test_13630,0.01945942
test_13631,0.14629883
test_13632,0.99680923
test_13633,0.02139201
test_13634,0.99996916
test_13635,0.99973016
test_13636,0.99975814
test_13637,0.99400475
test_13638,0.73251999
test_13639,0.44111218
test_13640,0.37191736
test_13641,0.99462027
test_13642,0.00807694
test_13643,0.00000448
test_13644,0.00042663
test_13645,0.99999368
test_13646,0.99982832
test_13647,0.97232079
test_13648,0.01365208
test_13649,0.00074614
test_13650,0.00026735
test_13651,0.10809509
test_13652,0.00001581
test_13653,0.01228659
test_13654,0.02767226
test_13655,0.07681257
test_13656,0.99419821
test_13657,0.00099209
test_13658,0.95308166
test_13659,0.99592370
test_13660,0.00163972
test_13661,0.03361099
test_13662,0.96550476
test_13663,0.00165847
test_13664,0.99999106
test_13665,0.00267523
test_13666,0.96751820
test_13667,0.00075170
test_13668,0.00703932
test_13669,0.83380691
test_13670,0.01023094
test_13671,0.00008651
test_13672,0.01662239
test_13673,0.00243318
test_13674,0.88052293
test_13675,0.00819942
test_13676,0.92038922
test_13677,0.00791859
test_13678,0.00228665
test_13679,0.00321145
test_13680,0.03086619
test_13681,0.99987269
test_13682,0.99736135
test_13683,0.99789846
test_13684,0.00337468
test_13685,0.96471438
test_13686,0.00256312
test_13687,0.99423160
test_13688,0.99993077
test_13689,0.99889443
test_13690,0.59514557
test_13691,0.99838546
test_13692,0.03123954
test_13693,0.00609150
test_13694,0.00048382
test_13695,0.99997719
test_13696,0.99972169
test_13697,0.01332605
test_13698,0.99999684
test_13699,0.99666613
test_13700,0.99997206
test_13701,0.00004894
test_13702,0.99998817
test_13703,0.00120175
test_13704,0.00013504
test_13705,0.99911079
test_13706,0.01809528
test_13707,0.00013402
test_13708,0.00241133
test_13709,0.44745174
test_13710,0.00772881
test_13711,0.00301334
test_13712,0.07729308
test_13713,0.98768910
test_13714,0.00322125
test_13715,0.00867466
test_13716,0.00007591
test_13717,0.99860265
test_13718,0.95193581
test_13719,0.49389141
test_13720,0.12228026
test_13721,0.99970329
test_13722,0.99445225
test_13723,0.00067907
test_13724,0.05547808
test_13725,0.99816634
test_13726,0.00084445
test_13727,0.96698332
test_13728,0.00014497
test_13729,0.99955630
test_13730,0.01322833
test_13731,0.00052413
test_13732,0.99993139
test_13733,0.98081484
test_13734,0.80224899
test_13735,0.39218578
test_13736,0.97467009
test_13737,0.00082247
test_13738,0.97870238
test_13739,0.99580818
test_13740,0.00007945
test_13741,0.03776884
test_13742,0.00061945
test_13743,0.00000837
test_13744,0.34422430
test_13745,0.00732791
test_13746,0.93968534
test_13747,0.02567468
test_13748,0.00111447
test_13749,0.99782394
test_13750,0.00040987
test_13751,0.98595642
test_13752,0.00142042
test_13753,0.15724870
test_13754,0.99960220
test_13755,0.00002491
test_13756,0.99985032
test_13757,0.11248569
test_13758,0.20284759
test_13759,0.81842416
test_13760,0.00049192
test_13761,0.00063403
test_13762,0.00003663
test_13763,0.99945133
test_13764,0.99738208
test_13765,0.99992783
test_13766,0.00337440
test_13767,0.01150753
test_13768,0.98091380
test_13769,0.84462045
test_13770,0.00370864
test_13771,0.17375103
test_13772,0.01414059
test_13773,0.98154419
test_13774,0.00009766
test_13775,0.00157228
test_13776,0.99631926
test_13777,0.99913099
test_13778,0.30960244
test_13779,0.99641926
test_13780,0.99998025
test_13781,0.02093785
test_13782,0.99333861
test_13783,0.00350485
test_13784,0.00129243
test_13785,0.99994065
test_13786,0.00889309
test_13787,0.96236971
test_13788,0.01962301
test_13789,0.96915645
test_13790,0.02496655
test_13791,0.00043989
test_13792,0.98306828
test_13793,0.17009955
test_13794,0.00122572
test_13795,0.00818544
test_13796,0.99983181
test_13797,0.99259365
test_13798,0.00364359
test_13799,0.00339435
test_13800,0.99845203
test_13801,0.71926373
test_13802,0.00329656
test_13803,0.00001140
test_13804,0.84256776
test_13805,0.07148946
test_13806,0.99054081
test_13807,0.16809068
test_13808,0.98448060
test_13809,0.12380810
test_13810,0.99937642
test_13811,0.00507688
test_13812,0.99538070
test_13813,0.98932623
test_13814,0.00020905
test_13815,0.07340415
test_13816,0.99691898
test_13817,0.99997391
test_13818,0.96832343
test_13819,0.87010227
test_13820,0.99953723
test_13821,0.00115878
test_13822,0.00064624
test_13823,0.99687046
test_13824,0.02253598
test_13825,0.01024439
test_13826,0.99979757
test_13827,0.99430870
test_13828,0.98793620
test_13829,0.99988281
test_13830,0.00012386
test_13831,0.00168350
test_13832,0.99803346
test_13833,0.99813192
test_13834,0.02764867
test_13835,0.97531166
test_13836,0.99240995
test_13837,0.01270716
test_13838,0.09749264
test_13839,0.99979678
test_13840,0.97320976
test_13841,0.00014023
test_13842,0.99945456
test_13843,0.42905313
test_13844,0.00504924
test_13845,0.99960210
test_13846,0.67274750
test_13847,0.00110540
test_13848,0.97288830
test_13849,0.00397990
test_13850,0.57352577
test_13851,0.00662292
test_13852,0.99770010
test_13853,0.99998517
test_13854,0.99826406
test_13855,0.00301246
test_13856,0.00168007
test_13857,0.99808023
test_13858,0.99810988
test_13859,0.99992270
test_13860,0.51036143
test_13861,0.99996637
test_13862,0.99995358
test_13863,0.99993995
test_13864,0.03773775
test_13865,0.99891687
test_13866,0.00000100
test_13867,0.00092252
test_13868,0.00194323
test_13869,0.99108882
test_13870,0.35761726
test_13871,0.00495996
test_13872,0.00098641
test_13873,0.96620526
test_13874,0.99664539
test_13875,0.00263643
test_13876,0.99847851
test_13877,0.00023987
test_13878,0.99931516
test_13879,0.01354719
test_13880,0.98618968
test_13881,0.99990835
test_13882,0.01066371
test_13883,0.98963160
test_13884,0.00210604
test_13885,0.00169160
test_13886,0.00926610
test_13887,0.99585291
test_13888,0.03031916
test_13889,0.63743172
test_13890,0.00013220
test_13891,0.99988194
test_13892,0.99969016
test_13893,0.01371005
test_13894,0.00012550
test_13895,0.00007621
test_13896,0.99194875
test_13897,0.00070186
test_13898,0.97896943
test_13899,0.99900778
test_13900,0.99468936
test_13901,0.00569451
test_13902,0.00201130
test_13903,0.98943301
test_13904,0.99948028
test_13905,0.00011403
test_13906,0.99980051
test_13907,0.98618536
test_13908,0.00016735
test_13909,0.14922664
test_13910,0.99905631
test_13911,0.85173945
test_13912,0.99648345
test_13913,0.00385528
test_13914,0.00093940
test_13915,0.01532617
test_13916,0.95700935
test_13917,0.00120910
test_13918,0.00003348
test_13919,0.99995251
test_13920,0.45405049
test_13921,0.96687607
test_13922,0.99187542
test_13923,0.99927698
test_13924,0.99930525
test_13925,0.99975754
test_13926,0.98976008
test_13927,0.00118825
test_13928,0.99806081
test_13929,0.99573544
test_13930,0.99853102
test_13931,0.94570975
test_13932,0.97551777
test_13933,0.05863821
test_13934,0.00078807
test_13935,0.00944067
test_13936,0.97981710
test_13937,0.99855151
test_13938,0.96043778
test_13939,0.99995512
test_13940,0.94880198
test_13941,0.00310405
test_13942,0.00243645
test_13943,0.99572752
test_13944,0.99797515
test_13945,0.00042749
test_13946,0.03890703
test_13947,0.97033495
test_13948,0.00000316
test_13949,0.01795700
test_13950,0.00244497
test_13951,0.00656668
test_13952,0.98367933
test_13953,0.99793981
test_13954,0.96883234
test_13955,0.99994177
test_13956,0.55517467
test_13957,0.01311368
test_13958,0.99998860
test_13959,0.02785574
test_13960,0.96819980
test_13961,0.99998860
test_13962,0.99926582
test_13963,0.99572505
test_13964,0.63842254
test_13965,0.76467306
test_13966,0.00241299
test_13967,0.99872853
test_13968,0.84828131
test_13969,0.00052486
test_13970,0.00280670
test_13971,0.22782541
test_13972,0.00450355
test_13973,0.99991665
test_13974,0.99181808
test_13975,0.99952683
test_13976,0.73757196
test_13977,0.99644674
test_13978,0.92328296
test_13979,0.00029785
test_13980,0.02277314
test_13981,0.10195705
test_13982,0.00725664
test_13983,0.99824824
test_13984,0.96738927
test_13985,0.99990492
test_13986,0.48914519
test_13987,0.14530763
test_13988,0.97006189
test_13989,0.99977884
test_13990,0.98570960
test_13991,0.00408311
test_13992,0.97888246
test_13993,0.03476028
test_13994,0.04442128
test_13995,0.99870820
test_13996,0.98712245
test_13997,0.00310153
test_13998,0.00149119
test_13999,0.99991746
test_14000,0.00005195
test_14001,0.00054092
test_14002,0.00239776
test_14003,0.07562111
test_14004,0.99781601
test_14005,0.00018190
test_14006,0.99229624
test_14007,0.99971206
test_14008,0.99807871
test_14009,0.98972232
test_14010,0.00014492
test_14011,0.98757141
test_14012,0.99874537
test_14013,0.99080175
test_14014,0.10566639
test_14015,0.97948441
test_14016,0.99954344
test_14017,0.00061282
test_14018,0.00278234
test_14019,0.92757869
test_14020,0.79127078
test_14021,0.00088362
test_14022,0.99995065
test_14023,0.00148225
test_14024,0.03091834
test_14025,0.99253487
test_14026,0.00071413
test_14027,0.00258257
test_14028,0.99666016
test_14029,0.00011372
test_14030,0.99969034
test_14031,0.99937194
test_14032,0.00036186
test_14033,0.00134885
test_14034,0.00092607
test_14035,0.06612317
test_14036,0.00002191
test_14037,0.00171446
test_14038,0.00085211
test_14039,0.77644080
test_14040,0.00764681
test_14041,0.00045364
test_14042,0.99060409
test_14043,0.99566400
test_14044,0.81861413
test_14045,0.01267614
test_14046,0.05710549
test_14047,0.99330687
test_14048,0.00041684
test_14049,0.05988226
test_14050,0.00972749
test_14051,0.00542692
test_14052,0.99923610
test_14053,0.33324723
test_14054,0.99944125
test_14055,0.00057358
test_14056,0.00105936
test_14057,0.99984508
test_14058,0.99471474
test_14059,0.99563923
test_14060,0.98851132
test_14061,0.95858854
test_14062,0.00633277
test_14063,0.00004902
test_14064,0.98098136
test_14065,0.99928066
test_14066,0.00072139
test_14067,0.01231482
test_14068,0.98729690
test_14069,0.00071713
test_14070,0.00369747
test_14071,0.00006005
test_14072,0.96071105
test_14073,0.00061024
test_14074,0.99957180
test_14075,0.01136439
test_14076,0.00033682
test_14077,0.99994730
test_14078,0.98927313
test_14079,0.97076913
test_14080,0.99754828
test_14081,0.97952459
test_14082,0.00850816
test_14083,0.02819568
test_14084,0.96570236
test_14085,0.98946141
test_14086,0.06500264
test_14087,0.99995557
test_14088,0.99259055
test_14089,0.18621250
test_14090,0.00101417
test_14091,0.00058412
test_14092,0.01631718
test_14093,0.00155250
test_14094,0.96021754
test_14095,0.99273636
test_14096,0.99663989
test_14097,0.99912454
test_14098,0.99788410
test_14099,0.00188186
test_14100,0.01012908
test_14101,0.58742305
test_14102,0.13844882
test_14103,0.24700212
test_14104,0.98497400
test_14105,0.00136202
test_14106,0.99878751
test_14107,0.98120658
test_14108,0.00023318
test_14109,0.00139411
test_14110,0.01198416
test_14111,0.99959410
test_14112,0.92219839
test_14113,0.00054292
test_14114,0.00078975
test_14115,0.00001000
test_14116,0.99833585
test_14117,0.95230016
test_14118,0.00064274
test_14119,0.99997855
test_14120,0.00225981
test_14121,0.00002074
test_14122,0.98308851
test_14123,0.99916788
test_14124,0.00353188
test_14125,0.98597010
test_14126,0.99470118
test_14127,0.99751393
test_14128,0.00288579
test_14129,0.79139322
test_14130,0.00002238
test_14131,0.00055540
test_14132,0.95742523
test_14133,0.00007762
test_14134,0.00040399
test_14135,0.61052586
test_14136,0.16790682
test_14137,0.00052636
test_14138,0.06386824
test_14139,0.00436059
test_14140,0.66490463
test_14141,0.93217832
test_14142,0.01833963
test_14143,0.00269436
test_14144,0.00001613
test_14145,0.00023699
test_14146,0.98299837
test_14147,0.99998297
test_14148,0.00006973
test_14149,0.99801664
test_14150,0.00684352
test_14151,0.97798277
test_14152,0.53154205
test_14153,0.00067262
test_14154,0.54388132
test_14155,0.58044663
test_14156,0.00007166
test_14157,0.03579835
test_14158,0.99205845
test_14159,0.00035214
test_14160,0.00585705
test_14161,0.00996980
test_14162,0.99647861
test_14163,0.99640744
test_14164,0.00515383
test_14165,0.99717768
test_14166,0.00296628
test_14167,0.98209051
test_14168,0.00004053
test_14169,0.00016970
test_14170,0.99999368
test_14171,0.99894574
test_14172,0.00836058
test_14173,0.00006002
test_14174,0.12263706
test_14175,0.99860973
test_14176,0.17461537
test_14177,0.00071908
test_14178,0.00007250
test_14179,0.99975925
test_14180,0.00497915
test_14181,0.18008315
test_14182,0.00920271
test_14183,0.99808968
test_14184,0.20307337
test_14185,0.99746150
test_14186,0.00022944
test_14187,0.00167455
test_14188,0.01947696
test_14189,0.00053515
test_14190,0.99840728
test_14191,0.99981998
test_14192,0.99998239
test_14193,0.17843614
test_14194,0.00605432
test_14195,0.99903506
test_14196,0.99936707
test_14197,0.98894953
test_14198,0.85331738
test_14199,0.00097580
test_14200,0.00027537
test_14201,0.00366543
test_14202,0.00853424
test_14203,0.99321274
test_14204,0.28509547
test_14205,0.99858628
test_14206,0.99758437
test_14207,0.03202180
test_14208,0.99988427
test_14209,0.00678058
test_14210,0.99819232
test_14211,0.00007716
test_14212,0.99127725
test_14213,0.00284015
test_14214,0.99350615
test_14215,0.99936477
test_14216,0.11078699
test_14217,0.00003018
test_14218,0.05669028
test_14219,0.99991228
test_14220,0.00001001
test_14221,0.99374219
test_14222,0.00184348
test_14223,0.08592500
test_14224,0.00082907
test_14225,0.99896545
test_14226,0.27794864
test_14227,0.99974689
test_14228,0.03816702
test_14229,0.99983938
test_14230,0.99986640
test_14231,0.02026665
test_14232,0.00787650
test_14233,0.99420897
test_14234,0.00316953
test_14235,0.00042902
test_14236,0.00097367
test_14237,0.99998211
test_14238,0.00427755
test_14239,0.88363233
test_14240,0.00074224
test_14241,0.55017645
test_14242,0.00471160
test_14243,0.99907147
test_14244,0.99699956
test_14245,0.99786396
test_14246,0.99981223
test_14247,0.85299372
test_14248,0.98086020
test_14249,0.00622344
test_14250,0.99991167
test_14251,0.99946291
test_14252,0.98555913
test_14253,0.99994082
test_14254,0.99071032
test_14255,0.00006788
test_14256,0.00022918
test_14257,0.89465519
test_14258,0.00003889
test_14259,0.98617311
test_14260,0.00153912
test_14261,0.00008438
test_14262,0.99351296
test_14263,0.10448445
test_14264,0.99738554
test_14265,0.01250586
test_14266,0.00087637
test_14267,0.99895499
test_14268,0.00100897
test_14269,0.00514655
test_14270,0.01583695
test_14271,0.00092701
test_14272,0.99951709
test_14273,0.00004770
test_14274,0.99934102
test_14275,0.06253068
test_14276,0.00037584
test_14277,0.00017662
test_14278,0.98797943
test_14279,0.99964429
test_14280,0.95578376
test_14281,0.99833164
test_14282,0.02901716
test_14283,0.00037512
test_14284,0.99970512
test_14285,0.75110916
test_14286,0.99954435
test_14287,0.06541173
test_14288,0.94492625
test_14289,0.99960427
test_14290,0.01973963
test_14291,0.99915137
test_14292,0.00350678
test_14293,0.98917172
test_14294,0.00216005
test_14295,0.99989892
test_14296,0.99910358
test_14297,0.98830045
test_14298,0.99989755
test_14299,0.73480308
test_14300,0.13312853
test_14301,0.01429414
test_14302,0.00079889
test_14303,0.99897701
test_14304,0.51087763
test_14305,0.07001131
test_14306,0.99989939
test_14307,0.99950191
test_14308,0.98508485
test_14309,0.00006169
test_14310,0.00002998
test_14311,0.99984666
test_14312,0.85918897
test_14313,0.99628776
test_14314,0.52108002
test_14315,0.00002968
test_14316,0.00046759
test_14317,0.98757735
test_14318,0.00246257
test_14319,0.99944597
test_14320,0.00178281
test_14321,0.99967296
test_14322,0.98592613
test_14323,0.00061045
test_14324,0.99957462
test_14325,0.00346829
test_14326,0.01341846
test_14327,0.00010827
test_14328,0.99967130
test_14329,0.00143441
test_14330,0.06025578
test_14331,0.05809998
test_14332,0.99820202
test_14333,0.01118905
test_14334,0.99852098
test_14335,0.99773905
test_14336,0.99980581
test_14337,0.00042769
test_14338,0.00346922
test_14339,0.99978561
test_14340,0.96793102
test_14341,0.99908254
test_14342,0.00465091
test_14343,0.93965249
test_14344,0.00084457
test_14345,0.00090957
test_14346,0.73883684
test_14347,0.99996835
test_14348,0.00004843
test_14349,0.99922037
test_14350,0.00047700
test_14351,0.00073545
test_14352,0.00016400
test_14353,0.89100598
test_14354,0.00002238
test_14355,0.94154967
test_14356,0.62069832
test_14357,0.00025380
test_14358,0.99606009
test_14359,0.99652896
test_14360,0.99701397
test_14361,0.00048640
test_14362,0.99973040
test_14363,0.00480154
test_14364,0.97399084
test_14365,0.28285411
test_14366,0.99673357
test_14367,0.99817358
test_14368,0.99637188
test_14369,0.99488181
test_14370,0.99918817
test_14371,0.99427275
test_14372,0.00863204
test_14373,0.01156366
test_14374,0.03753764
test_14375,0.00281092
test_14376,0.00413196
test_14377,0.00202650
test_14378,0.89853950
test_14379,0.00683043
test_14380,0.99144633
test_14381,0.00072787
test_14382,0.03845510
test_14383,0.99624675
test_14384,0.00013102
test_14385,0.96512378
test_14386,0.02010425
test_14387,0.98081719
test_14388,0.02386924
test_14389,0.00008012
test_14390,0.99873523
test_14391,0.75627350
test_14392,0.99463270
test_14393,0.39198581
test_14394,0.99810834
test_14395,0.97486823
test_14396,0.99972689
test_14397,0.99960502
test_14398,0.99974308
test_14399,0.97693328
test_14400,0.99985367
test_14401,0.01814362
test_14402,0.00335905
test_14403,0.99869016
test_14404,0.47857134
test_14405,0.99931535
test_14406,0.99701883
test_14407,0.22410772
test_14408,0.15824458
test_14409,0.99832422
test_14410,0.05302498
test_14411,0.00004476
test_14412,0.99745593
test_14413,0.98523367
test_14414,0.00282430
test_14415,0.98194274
test_14416,0.99945840
test_14417,0.00432175
test_14418,0.00073962
test_14419,0.00014001
test_14420,0.00066173
test_14421,0.99754588
test_14422,0.09507253
test_14423,0.41117502
test_14424,0.00193362
test_14425,0.01785990
test_14426,0.14799014
test_14427,0.98999784
test_14428,0.00250779
test_14429,0.99445488
test_14430,0.00153026
test_14431,0.99862578
test_14432,0.00129263
test_14433,0.99943644
test_14434,0.99945522
test_14435,0.00754296
test_14436,0.25905090
test_14437,0.99549202
test_14438,0.99762583
test_14439,0.00140584
test_14440,0.05158021
test_14441,0.99915280
test_14442,0.12431563
test_14443,0.96606913
test_14444,0.98254401
test_14445,0.00123726
test_14446,0.02442697
test_14447,0.99979825
test_14448,0.01242879
test_14449,0.01413644
test_14450,0.82480657
test_14451,0.99535156
test_14452,0.00343155
test_14453,0.97817808
test_14454,0.00040520
test_14455,0.99868793
test_14456,0.99767184
test_14457,0.28957993
test_14458,0.72165002
test_14459,0.00201285
test_14460,0.01087154
test_14461,0.00724310
test_14462,0.99189381
test_14463,0.68915787
test_14464,0.99846682
test_14465,0.99915076
test_14466,0.03190643
test_14467,0.99336116
test_14468,0.09484037
test_14469,0.04639744
test_14470,0.97363278
test_14471,0.00686975
test_14472,0.00009706
test_14473,0.00854523
test_14474,0.97302264
test_14475,0.99014284
test_14476,0.99018311
test_14477,0.99950724
test_14478,0.99983713
test_14479,0.04371459
test_14480,0.97170831
test_14481,0.16945665
test_14482,0.01301040
test_14483,0.04406523
test_14484,0.99992452
test_14485,0.00074318
test_14486,0.00311269
test_14487,0.99679417
test_14488,0.83242902
test_14489,0.00000100
test_14490,0.72857291
test_14491,0.99429904
test_14492,0.06634833
test_14493,0.00024455
test_14494,0.02095358
test_14495,0.00077267
test_14496,0.00127605
test_14497,0.99991684
test_14498,0.99301918
test_14499,0.00513913
test_14500,0.00590724
test_14501,0.00033333
test_14502,0.95707226
test_14503,0.94367433
test_14504,0.55361723
test_14505,0.00186740
test_14506,0.00004915
test_14507,0.99824971
test_14508,0.00191794
test_14509,0.11815666
test_14510,0.93473009
test_14511,0.99991047
test_14512,0.99886002
test_14513,0.02123027
test_14514,0.00504338
test_14515,0.00173478
test_14516,0.98794466
test_14517,0.00019784
test_14518,0.99271862
test_14519,0.99998483
test_14520,0.00252954
test_14521,0.99524127
test_14522,0.00717303
test_14523,0.99871004
test_14524,0.55536328
test_14525,0.99944309
test_14526,0.00047111
test_14527,0.99043759
test_14528,0.99988717
test_14529,0.00292321
test_14530,0.99812743
test_14531,0.94180292
test_14532,0.00035616
test_14533,0.00677523
test_14534,0.95943394
test_14535,0.00119631
test_14536,0.99999552
test_14537,0.02066209
test_14538,0.03364407
test_14539,0.00071145
test_14540,0.98502260
test_14541,0.00000707
test_14542,0.99062276
test_14543,0.00026962
test_14544,0.00700635
test_14545,0.97588782
test_14546,0.99172726
test_14547,0.99594793
test_14548,0.44091276
test_14549,0.01628634
test_14550,0.99836087
test_14551,0.97990138
test_14552,0.42595372
test_14553,0.99923585
test_14554,0.00350637
test_14555,0.01903564
test_14556,0.99775647
test_14557,0.99871328
test_14558,0.00445074
test_14559,0.00222613
test_14560,0.00038089
test_14561,0.99992660
test_14562,0.99997719
test_14563,0.99013177
test_14564,0.00020390
test_14565,0.99814677
test_14566,0.09775422
test_14567,0.97362198
test_14568,0.99978564
test_14569,0.02137479
test_14570,0.99140046
test_14571,0.00497359
test_14572,0.00810781
test_14573,0.99794491
test_14574,0.99365163
test_14575,0.00012369
test_14576,0.93396271
test_14577,0.99999106
test_14578,0.00003999
test_14579,0.00008557
test_14580,0.84791686
test_14581,0.99841538
test_14582,0.99871975
test_14583,0.98115089
test_14584,0.99506823
test_14585,0.91620590
test_14586,0.09848143
test_14587,0.69195711
test_14588,0.98869444
test_14589,0.07471661
test_14590,0.99420050
test_14591,0.99996283
test_14592,0.99966872
test_14593,0.99756327
test_14594,0.99980789
test_14595,0.99896168
test_14596,0.00000949
test_14597,0.07677750
test_14598,0.00031647
test_14599,0.99959854
test_14600,0.99994255
test_14601,0.99996256
test_14602,0.96425363
test_14603,0.13667884
test_14604,0.96764886
test_14605,0.05723086
test_14606,0.68793817
test_14607,0.00218300
test_14608,0.99948663
test_14609,0.69803872
test_14610,0.06658040
test_14611,0.00936588
test_14612,0.00049955
test_14613,0.99450726
test_14614,0.99724560
test_14615,0.86734086
test_14616,0.00824700
test_14617,0.99387460
test_14618,0.99620057
test_14619,0.61152307
test_14620,0.99136238
test_14621,0.99995065
test_14622,0.99691801
test_14623,0.99996533
test_14624,0.99870164
test_14625,0.98232584
test_14626,0.99997135
test_14627,0.99682377
test_14628,0.00339464
test_14629,0.99944623
test_14630,0.00000707
test_14631,0.63601481
test_14632,0.00067868
test_14633,0.99006212
test_14634,0.00363624
test_14635,0.98013746
test_14636,0.00035124
test_14637,0.04352626
test_14638,0.99182384
test_14639,0.00000548
test_14640,0.00257189
test_14641,0.00084538
test_14642,0.00323015
test_14643,0.98509747
test_14644,0.00519821
test_14645,0.04344902
test_14646,0.72072433
test_14647,0.00052978
test_14648,0.00227834
test_14649,0.99690233
test_14650,0.99887310
test_14651,0.99449999
test_14652,0.01026788
test_14653,0.99814348
test_14654,0.00131188
test_14655,0.13795699
test_14656,0.00012162
test_14657,0.99997206
test_14658,0.01463815
test_14659,0.26546387
test_14660,0.02297627
test_14661,0.00846365
test_14662,0.99967147
test_14663,0.99232780
test_14664,0.99952221
test_14665,0.00136254
test_14666,0.98439991
test_14667,0.10130549
test_14668,0.99904792
test_14669,0.79572500
test_14670,0.99984301
test_14671,0.05026433
test_14672,0.99935624
test_14673,0.75748647
test_14674,0.99874151
test_14675,0.99586900
test_14676,0.99997570
test_14677,0.00454732
test_14678,0.99969423
test_14679,0.98173042
test_14680,0.00605469
test_14681,0.31792303
test_14682,0.99979432
test_14683,0.00046336
test_14684,0.99775268
test_14685,0.99411857
test_14686,0.11275030
test_14687,0.15003057
test_14688,0.99816484
test_14689,0.00158482
test_14690,0.88518277
test_14691,0.99356963
test_14692,0.00013248
test_14693,0.99373865
test_14694,0.58579046
test_14695,0.83056467
test_14696,0.99955465
test_14697,0.00041335
test_14698,0.98101377
test_14699,0.99998817
test_14700,0.99769985
test_14701,0.00881538
test_14702,0.99999000
test_14703,0.16191850
test_14704,0.99849809
test_14705,0.01419466
test_14706,0.56572986
test_14707,0.00071472
test_14708,0.02247824
test_14709,0.99968254
test_14710,0.99730023
test_14711,0.00034843
test_14712,0.00052158
test_14713,0.99915895
test_14714,0.99889688
test_14715,0.57820364
test_14716,0.99813227
test_14717,0.97270880
test_14718,0.00077474
test_14719,0.06425124
test_14720,0.99970151
test_14721,0.99803488
test_14722,0.98662530
test_14723,0.99984352
test_14724,0.97411294
test_14725,0.99445358
test_14726,0.99010107
test_14727,0.99346813
test_14728,0.00032706
test_14729,0.08692404
test_14730,0.99957987
test_14731,0.99964144
test_14732,0.99518953
test_14733,0.99998517
test_14734,0.00088409
test_14735,0.99935707
test_14736,0.48722094
test_14737,0.94342937
test_14738,0.00041679
test_14739,0.94306691
test_14740,0.99987696
test_14741,0.00001001
test_14742,0.00122034
test_14743,0.99966522
test_14744,0.99985644
test_14745,0.99918295
test_14746,0.99622381
test_14747,0.99954556
test_14748,0.02420860
test_14749,0.84871176
test_14750,0.00445111
test_14751,0.00012226
test_14752,0.03233428
test_14753,0.00077330
test_14754,0.99997509
test_14755,0.05720742
test_14756,0.91955544
test_14757,0.99858079
test_14758,0.99634545
test_14759,0.00227909
test_14760,0.67832295
test_14761,0.73819707
test_14762,0.00033758
test_14763,0.46722710
test_14764,0.99999552
test_14765,0.00009999
test_14766,0.99962996
test_14767,0.99909113
test_14768,0.99961351
test_14769,0.99275108
test_14770,0.98816841
test_14771,0.99881517
test_14772,0.00107532
test_14773,0.00188132
test_14774,0.99954150
test_14775,0.00116894
test_14776,0.39817233
test_14777,0.99922214
test_14778,0.85116063
test_14779,0.01858191
test_14780,0.99833781
test_14781,0.11033089
test_14782,0.99145863
test_14783,0.00159903
test_14784,0.19012999
test_14785,0.99913467
test_14786,0.00502232
test_14787,0.03253061
test_14788,0.99684882
test_14789,0.00428823
test_14790,0.02724213
test_14791,0.99984348
test_14792,0.96598993
test_14793,0.99971049
test_14794,0.00288959
test_14795,0.89329562
test_14796,0.98026037
test_14797,0.99829500
test_14798,0.99988378
test_14799,0.03263315
test_14800,0.00107742
test_14801,0.00505439
test_14802,0.00001950
test_14803,0.12788607
test_14804,0.00003717
test_14805,0.00074225
test_14806,0.00040519
test_14807,0.31347015
test_14808,0.04183811
test_14809,0.99960336
test_14810,0.01705166
test_14811,0.99985004
test_14812,0.99886425
test_14813,0.98419481
test_14814,0.99296672
test_14815,0.85438736
test_14816,0.00060330
test_14817,0.05014408
test_14818,0.90879748
test_14819,0.99969693
test_14820,0.00675205
test_14821,0.03746615
test_14822,0.99567112
test_14823,0.02278122
test_14824,0.92282818
test_14825,0.01374390
test_14826,0.71497723
test_14827,0.99715264
test_14828,0.00193308
test_14829,0.99452077
test_14830,0.00893123
test_14831,0.99779490
test_14832,0.02372142
test_14833,0.00029516
test_14834,0.99986586
test_14835,0.00049065
test_14836,0.99398104
test_14837,0.03407926
test_14838,0.00283857
test_14839,0.12391836
test_14840,0.00685554
test_14841,0.98092296
test_14842,0.99965867
test_14843,0.00215490
test_14844,0.36901953
test_14845,0.99926658
test_14846,0.99987985
test_14847,0.99504405
test_14848,0.99533473
test_14849,0.99962236
test_14850,0.00474631
test_14851,0.99689057
test_14852,0.01383106
test_14853,0.00003837
test_14854,0.00288498
test_14855,0.92758084
test_14856,0.01028659
test_14857,0.99982676
test_14858,0.99794436
test_14859,0.99953777
test_14860,0.99971748
test_14861,0.99764631
test_14862,0.99988700
test_14863,0.00448696
test_14864,0.00038355
test_14865,0.99968153
test_14866,0.01308008
test_14867,0.00178309
test_14868,0.59499330
test_14869,0.99996310
test_14870,0.00486631
test_14871,0.99854087
test_14872,0.95245109
test_14873,0.01370100
test_14874,0.01001823
test_14875,0.98191901
test_14876,0.00063967
test_14877,0.00011746
test_14878,0.99380746
test_14879,0.99986202
test_14880,0.99261830
test_14881,0.00451359
test_14882,0.00050243
test_14883,0.99991049
test_14884,0.07268814
test_14885,0.98489486
test_14886,0.96467344
test_14887,0.05883519
test_14888,0.99845219
test_14889,0.01213071
test_14890,0.01076099
test_14891,0.96735171
test_14892,0.00108179
test_14893,0.00753353
test_14894,0.33292876
test_14895,0.99725059
test_14896,0.00147519
test_14897,0.03788206
test_14898,0.99731732
test_14899,0.00345572
test_14900,0.00349350
test_14901,0.07743503
test_14902,0.00061762
test_14903,0.99960781
test_14904,0.94904251
test_14905,0.99994617
test_14906,0.99960328
test_14907,0.00789723
test_14908,0.00316783
test_14909,0.00248992
test_14910,0.01144070
test_14911,0.99990051
test_14912,0.99926778
test_14913,0.98583373
test_14914,0.99894073
test_14915,0.03275145
test_14916,0.99813787
test_14917,0.94769357
test_14918,0.00311708
test_14919,0.00008407
test_14920,0.00206499
test_14921,0.00047550
test_14922,0.00248942
test_14923,0.00010583
test_14924,0.99628528
test_14925,0.99933136
test_14926,0.00242391
test_14927,0.00152699
test_14928,0.99978124
test_14929,0.00311854
test_14930,0.07543971
test_14931,0.99975327
test_14932,0.00841347
test_14933,0.06340614
test_14934,0.01316348
test_14935,0.00082401
test_14936,0.74543651
test_14937,0.99522606
test_14938,0.01028289
test_14939,0.00040298
test_14940,0.01265534
test_14941,0.99948073
test_14942,0.99566272
test_14943,0.00867822
test_14944,0.99297106
test_14945,0.00019636
test_14946,0.01454665
test_14947,0.93608207
test_14948,0.99816520
test_14949,0.91966011
test_14950,0.99480868
test_14951,0.00035509
test_14952,0.00445182
test_14953,0.99856497
test_14954,0.00004476
test_14955,0.00079287
test_14956,0.00073452
test_14957,0.97736016
test_14958,0.00002409
test_14959,0.00493766
test_14960,0.99907598
test_14961,0.99902152
test_14962,0.99323398
test_14963,0.91205495
test_14964,0.00004956
test_14965,0.99815522
test_14966,0.99890728
test_14967,0.03828897
test_14968,0.00002531
test_14969,0.00008254
test_14970,0.00032654
test_14971,0.00006930
test_14972,0.95601948
test_14973,0.02787682
test_14974,0.99993491
test_14975,0.99953246
test_14976,0.01995625
test_14977,0.00011075
test_14978,0.03727301
test_14979,0.00059841
test_14980,0.99998951
test_14981,0.05771579
test_14982,0.95636555
test_14983,0.99908971
test_14984,0.00284153
test_14985,0.24022287
test_14986,0.98874801
test_14987,0.00023198
test_14988,0.00077074
test_14989,0.99979677
test_14990,0.00187765
test_14991,0.99989405
test_14992,0.97399774
test_14993,0.99961720
test_14994,0.68383389
test_14995,0.01552014
test_14996,0.98666862
test_14997,0.00029825
test_14998,0.99974211
test_14999,0.46511294
test_15000,0.99676753
test_15001,0.98493665
test_15002,0.00326666
test_15003,0.00024516
test_15004,0.01724493
test_15005,0.01341333
test_15006,0.00219998
test_15007,0.09823650
test_15008,0.91484789
test_15009,0.00061352
test_15010,0.00261910
test_15011,0.00017946
test_15012,0.01640501
test_15013,0.99743002
test_15014,0.92984875
test_15015,0.99679187
test_15016,0.00246014
test_15017,0.03888662
test_15018,0.99680612
test_15019,0.02698089
test_15020,0.99982058
test_15021,0.00415764
test_15022,0.00064692
test_15023,0.99883941
test_15024,0.99635262
test_15025,0.01443117
test_15026,0.01237242
test_15027,0.00172022
test_15028,0.00069918
test_15029,0.97356979
test_15030,0.02202427
test_15031,0.00302806
test_15032,0.00036344
test_15033,0.00240793
test_15034,0.99928707
test_15035,0.99168915
test_15036,0.02427027
test_15037,0.03246759
test_15038,0.99998267
test_15039,0.00031609
test_15040,0.98923775
test_15041,0.03127093
test_15042,0.99756345
test_15043,0.00153611
test_15044,0.84677945
test_15045,0.00001549
test_15046,0.00028557
test_15047,0.99833600
test_15048,0.99816867
test_15049,0.99995898
test_15050,0.99938561
test_15051,0.99835886
test_15052,0.97370873
test_15053,0.00144737
test_15054,0.01876314
test_15055,0.00032051
test_15056,0.99953647
test_15057,0.98990169
test_15058,0.99484081
test_15059,0.99976083
test_15060,0.29221311
test_15061,0.98390518
test_15062,0.99971993
test_15063,0.99997926
test_15064,0.01919306
test_15065,0.98960409
test_15066,0.03960804
test_15067,0.86371945
test_15068,0.13738613
test_15069,0.00350138
test_15070,0.99828869
test_15071,0.05219302
test_15072,0.98971777
test_15073,0.00012418
test_15074,0.00377920
test_15075,0.00005346
test_15076,0.99334379
test_15077,0.77427113
test_15078,0.00576072
test_15079,0.02693258
test_15080,0.00521502
test_15081,0.98394297
test_15082,0.99638403
test_15083,0.99887337
test_15084,0.99779136
test_15085,0.99995525
test_15086,0.00395092
test_15087,0.99603330
test_15088,0.99347691
test_15089,0.00052636
test_15090,0.00047885
test_15091,0.97558740
test_15092,0.99825741
test_15093,0.14109182
test_15094,0.99668954
test_15095,0.00035576
test_15096,0.01720307
test_15097,0.99935345
test_15098,0.00033669
test_15099,0.99656786
test_15100,0.41109383
test_15101,0.00016144
test_15102,0.99916583
test_15103,0.00456168
test_15104,0.99119408
test_15105,0.97660962
test_15106,0.99619283
test_15107,0.01302260
test_15108,0.00021242
test_15109,0.66762717
test_15110,0.99897640
test_15111,0.99840795
test_15112,0.99783847
test_15113,0.55408401
test_15114,0.99158031
test_15115,0.99998775
test_15116,0.99984426
test_15117,0.81008871
test_15118,0.34245575
test_15119,0.00038818
test_15120,0.03933039
test_15121,0.00036282
test_15122,0.49765525
test_15123,0.12418197
test_15124,0.00006151
test_15125,0.94760518
test_15126,0.00148086
test_15127,0.99951631
test_15128,0.04839320
test_15129,0.00040158
test_15130,0.00004812
test_15131,0.88639672
test_15132,0.02651409
test_15133,0.99974688
test_15134,0.99872691
test_15135,0.99228810
test_15136,0.99763449
test_15137,0.78355195
test_15138,0.99992452
test_15139,0.00261223
test_15140,0.00078247
test_15141,0.99759590
test_15142,0.99977012
test_15143,0.01911463
test_15144,0.00200658
test_15145,0.99985084
test_15146,0.99047317
test_15147,0.00661586
test_15148,0.07143254
test_15149,0.09635596
test_15150,0.12998646
test_15151,0.99939746
test_15152,0.00320762
test_15153,0.00064572
test_15154,0.99859407
test_15155,0.01843619
test_15156,0.00828158
test_15157,0.99960475
test_15158,0.00001643
test_15159,0.00084110
test_15160,0.95593261
test_15161,0.99938891
test_15162,0.97699197
test_15163,0.00169216
test_15164,0.99570508
test_15165,0.01265787
test_15166,0.00367072
test_15167,0.94416288
test_15168,0.01323615
test_15169,0.00462202
test_15170,0.02158506
test_15171,0.91286252
test_15172,0.00124210
test_15173,0.00104356
test_15174,0.00867947
test_15175,0.99842731
test_15176,0.99727283
test_15177,0.00227161
test_15178,0.00962654
test_15179,0.00122220
test_15180,0.99987495
test_15181,0.00009329
test_15182,0.99006728
test_15183,0.00161421
test_15184,0.99421539
test_15185,0.99215129
test_15186,0.96227095
test_15187,0.74889720
test_15188,0.99954451
test_15189,0.99876241
test_15190,0.00001265
test_15191,0.00560993
test_15192,0.12551496
test_15193,0.00785927
test_15194,0.03052075
test_15195,0.00004242
test_15196,0.03046034
test_15197,0.99963647
test_15198,0.00009381
test_15199,0.01270170
test_15200,0.00024369
test_15201,0.97546345
test_15202,0.99995754
test_15203,0.00010829
test_15204,0.99140433
test_15205,0.95981045
test_15206,0.99939591
test_15207,0.77214105
test_15208,0.03728322
test_15209,0.00037405
test_15210,0.00133771
test_15211,0.07871055
test_15212,0.00107287
test_15213,0.99902088
test_15214,0.99993362
test_15215,0.99530568
test_15216,0.99098019
test_15217,0.29667351
test_15218,0.99973206
test_15219,0.99835520
test_15220,0.00446914
test_15221,0.00101374
test_15222,0.99977150
test_15223,0.04543772
test_15224,0.00064509
test_15225,0.01839129
test_15226,0.98865222
test_15227,0.00061700
test_15228,0.99754199
test_15229,0.00076912
test_15230,0.99864636
test_15231,0.99950849
test_15232,0.91580478
test_15233,0.01372142
test_15234,0.38821259
test_15235,0.00022679
test_15236,0.95278263
test_15237,0.00451956
test_15238,0.99971259
test_15239,0.00453133
test_15240,0.99990717
test_15241,0.98597688
test_15242,0.00012280
test_15243,0.00328863
test_15244,0.00552965
test_15245,0.99962793
test_15246,0.01757217
test_15247,0.99963261
test_15248,0.84609866
test_15249,0.05498610
test_15250,0.99805172
test_15251,0.99954997
test_15252,0.99837231
test_15253,0.96155480
test_15254,0.00071488
test_15255,0.00003999
test_15256,0.00091141
test_15257,0.97171156
test_15258,0.00048721
test_15259,0.12664445
test_15260,0.99633507
test_15261,0.98289649
test_15262,0.93603578
test_15263,0.99902395
test_15264,0.00192984
test_15265,0.00598752
test_15266,0.99769250
test_15267,0.00088550
test_15268,0.00006257
test_15269,0.99780326
test_15270,0.99995306
test_15271,0.00138731
test_15272,0.99945995
test_15273,0.92727032
test_15274,0.00580670
test_15275,0.00636592
test_15276,0.09034164
test_15277,0.00484400
test_15278,0.99998156
test_15279,0.99706618
test_15280,0.99563526
test_15281,0.00000837
test_15282,0.99772307
test_15283,0.99470999
test_15284,0.86694554
test_15285,0.03105749
test_15286,0.11154913
test_15287,0.75969610
test_15288,0.00006871
test_15289,0.00017416
test_15290,0.99114998
test_15291,0.00454964
test_15292,0.00048319
test_15293,0.00221178
test_15294,0.99933638
test_15295,0.44757882
test_15296,0.99983068
test_15297,0.99912754
test_15298,0.00007354
test_15299,0.00498187
test_15300,0.00023303
test_15301,0.00311026
test_15302,0.00794033
test_15303,0.92540127
test_15304,0.99172509
test_15305,0.99999051
test_15306,0.99813410
test_15307,0.96175457
test_15308,0.05488304
test_15309,0.99922016
test_15310,0.03922585
test_15311,0.00026424
test_15312,0.00078941
test_15313,0.00282136
test_15314,0.00869705
test_15315,0.94788388
test_15316,0.98825804
test_15317,0.03087529
test_15318,0.00013419
test_15319,0.02387889
test_15320,0.04616323
test_15321,0.79178047
test_15322,0.14508136
test_15323,0.99977465
test_15324,0.99942758
test_15325,0.99998129
test_15326,0.99537106
test_15327,0.85360153
test_15328,0.00107941
test_15329,0.99940281
test_15330,0.00304958
test_15331,0.99823403
test_15332,0.99076861
test_15333,0.00001342
test_15334,0.58735766
test_15335,0.00172668
test_15336,0.99452784
test_15337,0.99977371
test_15338,0.00726621
test_15339,0.16046779
test_15340,0.96173833
test_15341,0.98016955
test_15342,0.01190603
test_15343,0.00143300
test_15344,0.99991515
test_15345,0.99983753
test_15346,0.00901596
test_15347,0.76467332
test_15348,0.00016495
test_15349,0.99974773
test_15350,0.00815151
test_15351,0.00008739
test_15352,0.00876553
test_15353,0.98226182
test_15354,0.99701195
test_15355,0.98706511
test_15356,0.00523834
test_15357,0.00695135
test_15358,0.01556572
test_15359,0.99985140
test_15360,0.99977245
test_15361,0.97325399
test_15362,0.01498200
test_15363,0.41749314
test_15364,0.98945338
test_15365,0.01414952
test_15366,0.18668525
test_15367,0.99938267
test_15368,0.99479418
test_15369,0.99843517
test_15370,0.01209247
test_15371,0.10909266
test_15372,0.00026566
test_15373,0.00488016
test_15374,0.99502235
test_15375,0.03197228
test_15376,0.99970338
test_15377,0.99993066
test_15378,0.98669693
test_15379,0.99944905
test_15380,0.99992013
test_15381,0.99906326
test_15382,0.00390676
test_15383,0.00038386
test_15384,0.00118744
test_15385,0.09391091
test_15386,0.99557799
test_15387,0.99600790
test_15388,0.99773783
test_15389,0.97240480
test_15390,0.00040215
test_15391,0.99507201
test_15392,0.00152643
test_15393,0.99644364
test_15394,0.01273817
test_15395,0.99986489
test_15396,0.00003164
test_15397,0.99466478
test_15398,0.99988837
test_15399,0.07089605
test_15400,0.99990644
test_15401,0.99983184
test_15402,0.98550951
test_15403,0.77287993
test_15404,0.33683932
test_15405,0.99723895
test_15406,0.49901916
test_15407,0.99933865
test_15408,0.15814409
test_15409,0.99563498
test_15410,0.16135965
test_15411,0.99945689
test_15412,0.99968095
test_15413,0.99877593
test_15414,0.99927460
test_15415,0.42592531
test_15416,0.00052907
test_15417,0.99455167
test_15418,0.99996022
test_15419,0.99915571
test_15420,0.99943499
test_15421,0.99453906
test_15422,0.08203828
test_15423,0.02194094
test_15424,0.99985579
test_15425,0.99825083
test_15426,0.99733746
test_15427,0.99909528
test_15428,0.99966811
test_15429,0.09209172
test_15430,0.99686038
test_15431,0.99936170
test_15432,0.00016397
test_15433,0.00016242
test_15434,0.99942743
test_15435,0.99869566
test_15436,0.00200615
test_15437,0.99571190
test_15438,0.01265537
test_15439,0.99571435
test_15440,0.02045884
test_15441,0.99699769
test_15442,0.02239971
test_15443,0.01541850
test_15444,0.00930223
test_15445,0.99912158
test_15446,0.97066447
test_15447,0.00788393
test_15448,0.97204533
test_15449,0.00576193
test_15450,0.99978543
test_15451,0.00014891
test_15452,0.98551154
test_15453,0.99401117
test_15454,0.02453696
test_15455,0.99998517
test_15456,0.99578855
test_15457,0.00274650
test_15458,0.00987220
test_15459,0.06743436
test_15460,0.98687499
test_15461,0.97568999
test_15462,0.99943206
test_15463,0.00060921
test_15464,0.00322821
test_15465,0.99958239
test_15466,0.99020673
test_15467,0.62455264
test_15468,0.91976221
test_15469,0.06262989
test_15470,0.98566169
test_15471,0.10122856
test_15472,0.00020906
test_15473,0.01730788
test_15474,0.00652400
test_15475,0.24014032
test_15476,0.01625857
test_15477,0.91643714
test_15478,0.99996933
test_15479,0.99888019
test_15480,0.53684445
test_15481,0.99897049
test_15482,0.48461712
test_15483,0.99991180
test_15484,0.00215928
test_15485,0.99865647
test_15486,0.16873620
test_15487,0.00047348
test_15488,0.01545090
test_15489,0.01098077
test_15490,0.00300906
test_15491,0.00090430
test_15492,0.99994000
test_15493,0.00146556
test_15494,0.99937401
test_15495,0.00089339
test_15496,0.00326167
test_15497,0.98080555
test_15498,0.95763287
test_15499,0.99793106
test_15500,0.00017477
test_15501,0.99989465
test_15502,0.99918805
test_15503,0.99780311
test_15504,0.99999900
test_15505,0.99973542
test_15506,0.99319581
test_15507,0.00460516
test_15508,0.99810550
test_15509,0.00089467
test_15510,0.00471564
test_15511,0.99992764
test_15512,0.00129540
test_15513,0.90083840
test_15514,0.99965545
test_15515,0.99867017
test_15516,0.99004842
test_15517,0.00684797
test_15518,0.00721565
test_15519,0.99993568
test_15520,0.01504879
test_15521,0.99701252
test_15522,0.96109596
test_15523,0.00012250
test_15524,0.00524098
test_15525,0.00433166
test_15526,0.99977193
test_15527,0.99935653
test_15528,0.00521918
test_15529,0.00114824
test_15530,0.99344429
test_15531,0.02323759
test_15532,0.49618941
test_15533,0.00102897
test_15534,0.00091817
test_15535,0.00002470
test_15536,0.02196026
test_15537,0.99942479
test_15538,0.28295688
test_15539,0.00148972
test_15540,0.00021692
test_15541,0.99943063
test_15542,0.01745500
test_15543,0.00331765
test_15544,0.95301886
test_15545,0.92070951
test_15546,0.00359703
test_15547,0.00018084
test_15548,0.00004340
test_15549,0.03978433
test_15550,0.99927960
test_15551,0.00000894
test_15552,0.00008945
test_15553,0.99782801
test_15554,0.01671804
test_15555,0.99351893
test_15556,0.84108172
test_15557,0.00053275
test_15558,0.00009163
test_15559,0.93255983
test_15560,0.98793268
test_15561,0.10260396
test_15562,0.99936434
test_15563,0.99461782
test_15564,0.00015297
test_15565,0.00652151
test_15566,0.99913332
test_15567,0.04465107
test_15568,0.92990592
test_15569,0.00030675
test_15570,0.99996505
test_15571,0.24872819
test_15572,0.00255370
test_15573,0.99260451
test_15574,0.99615794
test_15575,0.00046476
test_15576,0.99867707
test_15577,0.89885009
test_15578,0.99960219
test_15579,0.99535238
test_15580,0.99979897
test_15581,0.00001304
test_15582,0.96144221
test_15583,0.00197558
test_15584,0.00212474
test_15585,0.99924174
test_15586,0.99991635
test_15587,0.03157134
test_15588,0.00818135
test_15589,0.99975261
test_15590,0.00003731
test_15591,0.00494471
test_15592,0.98693897
test_15593,0.99954458
test_15594,0.97095416
test_15595,0.00276243
test_15596,0.98996971
test_15597,0.99843862
test_15598,0.01834526
test_15599,0.00733550
test_15600,0.00768719
test_15601,0.99987009
test_15602,0.00009275
test_15603,0.03142540
test_15604,0.00653566
test_15605,0.00485818
test_15606,0.14155860
test_15607,0.99331907
test_15608,0.13095563
test_15609,0.99946044
test_15610,0.50257649
test_15611,0.98539257
test_15612,0.99837443
test_15613,0.99322503
test_15614,0.09345233
test_15615,0.00419347
test_15616,0.00536962
test_15617,0.93380664
test_15618,0.00037573
test_15619,0.99800010
test_15620,0.01638460
test_15621,0.99929263
test_15622,0.00144339
test_15623,0.00022736
test_15624,0.01019587
test_15625,0.00469548
test_15626,0.98586091
test_15627,0.99967617
test_15628,0.00072973
test_15629,0.00018547
test_15630,0.00683653
test_15631,0.99991994
test_15632,0.90943884
test_15633,0.99319834
test_15634,0.00002452
test_15635,0.00090313
test_15636,0.99882294
test_15637,0.99959012
test_15638,0.99998239
test_15639,0.00448007
test_15640,0.99606997
test_15641,0.99931455
test_15642,0.99244041
test_15643,0.99245540
test_15644,0.00375249
test_15645,0.99971492
test_15646,0.99989154
test_15647,0.00022980
test_15648,0.00009973
test_15649,0.23224095
test_15650,0.99987392
test_15651,0.00073640
test_15652,0.99523600
test_15653,0.00001095
test_15654,0.99606783
test_15655,0.21344243
test_15656,0.99749009
test_15657,0.03771106
test_15658,0.99900184
test_15659,0.00086291
test_15660,0.00068244
test_15661,0.00201154
test_15662,0.02283725
test_15663,0.93579523
test_15664,0.00060038
test_15665,0.99844470
test_15666,0.99986505
test_15667,0.00009488
test_15668,0.99997170
test_15669,0.99757127
test_15670,0.21118264
test_15671,0.98287456
test_15672,0.99997999
test_15673,0.00058788
test_15674,0.05533158
test_15675,0.99931496
test_15676,0.00042807
test_15677,0.00609107
test_15678,0.99881122
test_15679,0.99984914
test_15680,0.99685833
test_15681,0.79552838
test_15682,0.00939887
test_15683,0.03559899
test_15684,0.99610669
test_15685,0.00004258
test_15686,0.11853784
test_15687,0.99911537
test_15688,0.99223800
test_15689,0.00092653
test_15690,0.00227424
test_15691,0.00022270
test_15692,0.00011349
test_15693,0.99760671
test_15694,0.00784191
test_15695,0.01925443
test_15696,0.98937465
test_15697,0.99460705
test_15698,0.00053813
test_15699,0.99987129
test_15700,0.00008193
test_15701,0.99470708
test_15702,0.98027736
test_15703,0.97180932
test_15704,0.00496802
test_15705,0.00490184
test_15706,0.99138334
test_15707,0.99997279
test_15708,0.48602709
test_15709,0.99887787
test_15710,0.99943564
test_15711,0.99845970
test_15712,0.00012687
test_15713,0.77838779
test_15714,0.54163191
test_15715,0.99598783
test_15716,0.31756322
test_15717,0.31389134
test_15718,0.99502277
test_15719,0.00082110
test_15720,0.98695707
test_15721,0.99915461
test_15722,0.99732536
test_15723,0.99717163
test_15724,0.99273057
test_15725,0.93402762
test_15726,0.99552226
test_15727,0.01363528
test_15728,0.00379301
test_15729,0.00109311
test_15730,0.00021290
test_15731,0.01603752
test_15732,0.99722076
test_15733,0.93806604
test_15734,0.00353269
test_15735,0.94548446
test_15736,0.00015487
test_15737,0.99995984
test_15738,0.00779840
test_15739,0.98532167
test_15740,0.00273847
test_15741,0.99705358
test_15742,0.99947932
test_15743,0.99991515
test_15744,0.03459502
test_15745,0.99362541
test_15746,0.99995306
test_15747,0.99275900
test_15748,0.00445478
test_15749,0.99296515
test_15750,0.32545068
test_15751,0.99994521
test_15752,0.73849622
test_15753,0.99567405
test_15754,0.00037220
test_15755,0.99572198
test_15756,0.00171323
test_15757,0.99785887
test_15758,0.81068292
test_15759,0.00612677
test_15760,0.95456543
test_15761,0.99470799
test_15762,0.98029875
test_15763,0.16417817
test_15764,0.98380432
test_15765,0.99263464
test_15766,0.10507174
test_15767,0.99864797
test_15768,0.00383273
test_15769,0.00339916
test_15770,0.99714324
test_15771,0.00121854
test_15772,0.98414766
test_15773,0.02060219
test_15774,0.99748817
test_15775,0.99883867
test_15776,0.00002847
test_15777,0.00254956
test_15778,0.00081675
test_15779,0.00071333
test_15780,0.06575197
test_15781,0.00697598
test_15782,0.94010980
test_15783,0.99895464
test_15784,0.02605370
test_15785,0.13511198
test_15786,0.99735954
test_15787,0.05624765
test_15788,0.14955771
test_15789,0.00023038
test_15790,0.99075716
test_15791,0.87921589
test_15792,0.99824660
test_15793,0.76111325
test_15794,0.98906727
test_15795,0.00572197
test_15796,0.25094711
test_15797,0.00334407
test_15798,0.00147655
test_15799,0.00556411
test_15800,0.75048804
test_15801,0.99267297
test_15802,0.03083059
test_15803,0.02134383
test_15804,0.00004246
test_15805,0.99200712
test_15806,0.00062235
test_15807,0.99001448
test_15808,0.99765537
test_15809,0.45917947
test_15810,0.00004002
test_15811,0.97914665
test_15812,0.01056251
test_15813,0.97947722
test_15814,0.47916546
test_15815,0.00387157
test_15816,0.98284119
test_15817,0.01362920
test_15818,0.59851624
test_15819,0.99876837
test_15820,0.00118304
test_15821,0.99875670
test_15822,0.87209432
test_15823,0.00065331
test_15824,0.00807566
test_15825,0.01925495
test_15826,0.00142665
test_15827,0.98051622
test_15828,0.99214473
test_15829,0.87966260
test_15830,0.00036374
test_15831,0.00026723
test_15832,0.99954449
test_15833,0.98118301
test_15834,0.01882022
test_15835,0.01871941
test_15836,0.99939553
test_15837,0.99927359
test_15838,0.00718611
test_15839,0.99941066
test_15840,0.99935588
test_15841,0.00001733
test_15842,0.99833038
test_15843,0.08201809
test_15844,0.05012502
test_15845,0.99953147
test_15846,0.29929728
test_15847,0.00158230
test_15848,0.04389685
test_15849,0.95804196
test_15850,0.00492813
test_15851,0.51251353
test_15852,0.00160412
test_15853,0.99893994
test_15854,0.98739746
test_15855,0.98645265
test_15856,0.95321715
test_15857,0.00006273
test_15858,0.98549640
test_15859,0.99928611
test_15860,0.00110719
test_15861,0.90621422
test_15862,0.01513730
test_15863,0.99230483
test_15864,0.99894314
test_15865,0.99995262
test_15866,0.99917224
test_15867,0.99936541
test_15868,0.98309457
test_15869,0.00009963
test_15870,0.00264653
test_15871,0.99146397
test_15872,0.00195946
test_15873,0.08776571
test_15874,0.00031927
test_15875,0.00016326
test_15876,0.00990759
test_15877,0.00015013
test_15878,0.93238111
test_15879,0.60611259
test_15880,0.04787767
test_15881,0.00002647
test_15882,0.91360851
test_15883,0.00015974
test_15884,0.99821691
test_15885,0.99471871
test_15886,0.00639600
test_15887,0.99902646
test_15888,0.35858136
test_15889,0.76910531
test_15890,0.88007095
test_15891,0.98540634
test_15892,0.99507027
test_15893,0.00698682
test_15894,0.00027064
test_15895,0.99909591
test_15896,0.97639092
test_15897,0.97827543
test_15898,0.87076047
test_15899,0.00230447
test_15900,0.99992645
test_15901,0.99820189
test_15902,0.01172814
test_15903,0.26777365
test_15904,0.00026816
test_15905,0.99942973
test_15906,0.00200175
test_15907,0.97373610
test_15908,0.00073231
test_15909,0.99519359
test_15910,0.99439185
test_15911,0.00121202
test_15912,0.48031763
test_15913,0.99892611
test_15914,0.99932321
test_15915,0.00229454
test_15916,0.00394036
test_15917,0.02917026
test_15918,0.00750602
test_15919,0.99624419
test_15920,0.99204584
test_15921,0.99713938
test_15922,0.00165931
test_15923,0.98802484
test_15924,0.04374749
test_15925,0.61920255
test_15926,0.99816061
test_15927,0.99998211
test_15928,0.97410820
test_15929,0.99977377
test_15930,0.00476425
test_15931,0.01628328
test_15932,0.99771361
test_15933,0.99856998
test_15934,0.00351309
test_15935,0.99993873
test_15936,0.24736743
test_15937,0.98754664
test_15938,0.99922853
test_15939,0.99354006
test_15940,0.99946288
test_15941,0.99719618
test_15942,0.00055162
test_15943,0.99932028
test_15944,0.01418428
test_15945,0.99801396
test_15946,0.01554478
test_15947,0.00003566
test_15948,0.99973017
test_15949,0.99998451
test_15950,0.00017865
test_15951,0.00004053
test_15952,0.89832054
test_15953,0.08498810
test_15954,0.98970593
test_15955,0.00694472
test_15956,0.01384953
test_15957,0.01788049
test_15958,0.99697956
test_15959,0.99932189
test_15960,0.41172010
test_15961,0.99909740
test_15962,0.99857949
test_15963,0.56178416
test_15964,0.99750612
test_15965,0.00226192
test_15966,0.98681984
test_15967,0.00073393
test_15968,0.00076525
test_15969,0.11879685
test_15970,0.98204032
test_15971,0.01209797
test_15972,0.01754935
test_15973,0.00848670
test_15974,0.07533303
test_15975,0.02384602
test_15976,0.08458462
test_15977,0.93668514
test_15978,0.95371590
test_15979,0.94869156
test_15980,0.00200450
test_15981,0.99980880
test_15982,0.00030852
test_15983,0.99995420
test_15984,0.99902456
test_15985,0.00038815
test_15986,0.00040614
test_15987,0.00169689
test_15988,0.99479468
test_15989,0.04263999
test_15990,0.99761675
test_15991,0.99405473
test_15992,0.00221571
test_15993,0.98166537
test_15994,0.00000632
test_15995,0.75110945
test_15996,0.06155252
test_15997,0.00056967
test_15998,0.03550159
test_15999,0.55307323
test_16000,0.00013859
test_16001,0.92011252
test_16002,0.00009910
test_16003,0.99259761
test_16004,0.00001789
test_16005,0.00055633
test_16006,0.35049773
test_16007,0.64787137
test_16008,0.09942048
test_16009,0.00042764
test_16010,0.96942381
test_16011,0.00315374
test_16012,0.00160156
test_16013,0.99902389
test_16014,0.02166177
test_16015,0.00335241
test_16016,0.39142598
test_16017,0.01612630
test_16018,0.99996124
test_16019,0.00498119
test_16020,0.99912416
test_16021,0.99999368
test_16022,0.99516495
test_16023,0.00017439
test_16024,0.00384042
test_16025,0.10462267
test_16026,0.98918685
test_16027,0.99145731
test_16028,0.00585527
test_16029,0.00045003
test_16030,0.08563301
test_16031,0.14555806
test_16032,0.97785836
test_16033,0.00016885
test_16034,0.99974070
test_16035,0.00081937
test_16036,0.00084253
test_16037,0.00172443
test_16038,0.01102052
test_16039,0.17929200
test_16040,0.00004175
test_16041,0.99983025
test_16042,0.99199459
test_16043,0.99933542
test_16044,0.99380133
test_16045,0.99892984
test_16046,0.00019618
test_16047,0.03756551
test_16048,0.99938789
test_16049,0.19360789
test_16050,0.57130805
test_16051,0.88451202
test_16052,0.00022137
test_16053,0.98154165
test_16054,0.00281408
test_16055,0.00015966
test_16056,0.99701028
test_16057,0.87819474
test_16058,0.00446509
test_16059,0.99148568
test_16060,0.23458236
test_16061,0.99844345
test_16062,0.00193099
test_16063,0.74349866
test_16064,0.98729023
test_16065,0.99964012
test_16066,0.87638089
test_16067,0.99034268
test_16068,0.01369519
test_16069,0.00372793
test_16070,0.32627680
test_16071,0.98117308
test_16072,0.99550993
test_16073,0.00015815
test_16074,0.00599332
test_16075,0.99110343
test_16076,0.86517305
test_16077,0.99957451
test_16078,0.73569036
test_16079,0.96521256
test_16080,0.99892503
test_16081,0.97332416
test_16082,0.80450612
test_16083,0.06051269
test_16084,0.00018936
test_16085,0.01749106
test_16086,0.99976566
test_16087,0.99718548
test_16088,0.99974710
test_16089,0.00072225
test_16090,0.00625487
test_16091,0.99960139
test_16092,0.69072618
test_16093,0.02828549
test_16094,0.99999293
test_16095,0.99887995
test_16096,0.99990675
test_16097,0.01391185
test_16098,0.93428511
test_16099,0.99950756
test_16100,0.00074968
test_16101,0.00019151
test_16102,0.99736139
test_16103,0.00221721
test_16104,0.02001071
test_16105,0.95818276
test_16106,0.98549425
test_16107,0.99737223
test_16108,0.05736537
test_16109,0.99963176
test_16110,0.02311892
test_16111,0.99781706
test_16112,0.99987512
test_16113,0.99595787
test_16114,0.08852365
test_16115,0.00106460
test_16116,0.00195256
test_16117,0.99982251
test_16118,0.97069316
test_16119,0.99844719
test_16120,0.00144651
test_16121,0.99248881
test_16122,0.02284706
test_16123,0.99934926
test_16124,0.99759982
test_16125,0.99922269
test_16126,0.03385536
test_16127,0.99906298
test_16128,0.00172080
test_16129,0.00992982
test_16130,0.99955065
test_16131,0.03843505
test_16132,0.99975597
test_16133,0.00482652
test_16134,0.99851090
test_16135,0.99840715
test_16136,0.99893888
test_16137,0.99996774
test_16138,0.24787780
test_16139,0.99871629
test_16140,0.13996896
test_16141,0.00881175
test_16142,0.02869006
test_16143,0.99714005
test_16144,0.99543285
test_16145,0.39488916
test_16146,0.00118991
test_16147,0.00060959
test_16148,0.12210249
test_16149,0.02087270
test_16150,0.49997523
test_16151,0.99245992
test_16152,0.06028049
test_16153,0.99976107
test_16154,0.00571815
test_16155,0.99990312
test_16156,0.99833854
test_16157,0.06453919
test_16158,0.00085092
test_16159,0.41773941
test_16160,0.29825818
test_16161,0.97022677
test_16162,0.95561915
test_16163,0.00005096
test_16164,0.26740286
test_16165,0.09936423
test_16166,0.00013042
test_16167,0.01156032
test_16168,0.00150358
test_16169,0.99946081
test_16170,0.98936377
test_16171,0.00165429
test_16172,0.00605608
test_16173,0.99135156
test_16174,0.00024168
test_16175,0.87499140
test_16176,0.05831069
test_16177,0.00136334
test_16178,0.00087392
test_16179,0.00069219
test_16180,0.01335939
test_16181,0.99971944
test_16182,0.00164833
test_16183,0.00246538
test_16184,0.98589032
test_16185,0.99683839
test_16186,0.00068115
test_16187,0.00192960
test_16188,0.00678808
test_16189,0.99995754
test_16190,0.65216713
test_16191,0.03698545
test_16192,0.86307575
test_16193,0.99980502
test_16194,0.00584670
test_16195,0.99954929
test_16196,0.00096467
test_16197,0.99996477
test_16198,0.00154502
test_16199,0.95941588
test_16200,0.22621658
test_16201,0.00076262
test_16202,0.99763166
test_16203,0.99864236
test_16204,0.99950904
test_16205,0.98479979
test_16206,0.99997997
test_16207,0.99504076
test_16208,0.99727874
test_16209,0.58561022
test_16210,0.99998211
test_16211,0.99995098
test_16212,0.99928372
test_16213,0.96057842
test_16214,0.00008609
test_16215,0.99424210
test_16216,0.99734045
test_16217,0.00836877
test_16218,0.99984283
test_16219,0.99725497
test_16220,0.99462763
test_16221,0.99067428
test_16222,0.99901554
test_16223,0.90837803
test_16224,0.99979897
test_16225,0.97703858
test_16226,0.95322532
test_16227,0.00039522
test_16228,0.00237829
test_16229,0.99129422
test_16230,0.99969485
test_16231,0.98790461
test_16232,0.00407809
test_16233,0.00053855
test_16234,0.93699765
test_16235,0.98599826
test_16236,0.00015893
test_16237,0.99361057
test_16238,0.09874404
test_16239,0.01271528
test_16240,0.82714370
test_16241,0.00093442
test_16242,0.29014107
test_16243,0.95660830
test_16244,0.01588603
test_16245,0.99980789
test_16246,0.94677483
test_16247,0.00053242
test_16248,0.99996534
test_16249,0.00005200
test_16250,0.99251457
test_16251,0.04607086
test_16252,0.00127038
test_16253,0.99730692
test_16254,0.99783046
test_16255,0.03481178
test_16256,0.01851697
test_16257,0.21769058
test_16258,0.00008645
test_16259,0.99995348
test_16260,0.10692763
test_16261,0.98434492
test_16262,0.99999900
test_16263,0.96152167
test_16264,0.00164917
test_16265,0.99915646
test_16266,0.99243186
test_16267,0.00066335
test_16268,0.99994518
test_16269,0.00361239
test_16270,0.99964726
test_16271,0.99993293
test_16272,0.99992396
test_16273,0.99999452
test_16274,0.99581586
test_16275,0.00002703
test_16276,0.00016643
test_16277,0.99765194
test_16278,0.00000548
test_16279,0.00000707
test_16280,0.99646505
test_16281,0.99822238
test_16282,0.99527430
test_16283,0.00008366
test_16284,0.02488666
test_16285,0.86318584
test_16286,0.06434875
test_16287,0.99992653
test_16288,0.00047103
test_16289,0.99621433
test_16290,0.00897439
test_16291,0.99665727
test_16292,0.99917706
test_16293,0.99992784
test_16294,0.00215547
test_16295,0.97581907
test_16296,0.04200052
test_16297,0.99868911
test_16298,0.99599432
test_16299,0.87509537
test_16300,0.00035569
test_16301,0.00083581
test_16302,0.00024662
test_16303,0.99720250
test_16304,0.00556349
test_16305,0.99937897
test_16306,0.99907737
test_16307,0.99964468
test_16308,0.99941943
test_16309,0.99998050
test_16310,0.00001342
test_16311,0.97034768
test_16312,0.00443517
test_16313,0.15270459
test_16314,0.99992252
test_16315,0.03242521
test_16316,0.63374645
test_16317,0.99871049
test_16318,0.93378047
test_16319,0.01035794
test_16320,0.99990328
test_16321,0.99799623
test_16322,0.25987092
test_16323,0.00352986
test_16324,0.99926222
test_16325,0.80621461
test_16326,0.99642806
test_16327,0.01870026
test_16328,0.00701746
test_16329,0.01831533
test_16330,0.99926833
test_16331,0.00063110
test_16332,0.84380423
test_16333,0.05117516
test_16334,0.99810783
test_16335,0.99982937
test_16336,0.00042646
test_16337,0.04629242
test_16338,0.97722051
test_16339,0.98801943
test_16340,0.99728290
test_16341,0.99658902
test_16342,0.99910826
test_16343,0.99953788
test_16344,0.96836332
test_16345,0.04089645
test_16346,0.99984002
test_16347,0.00890863
test_16348,0.99580010
test_16349,0.99996998
test_16350,0.06872625
test_16351,0.99055116
test_16352,0.00027875
test_16353,0.99876801
test_16354,0.04702552
test_16355,0.99961390
test_16356,0.01574015
test_16357,0.13905050
test_16358,0.00770532
test_16359,0.99596683
test_16360,0.00092250
test_16361,0.00012263
test_16362,0.99988453
test_16363,0.07519698
test_16364,0.00258176
test_16365,0.99629683
test_16366,0.86568268
test_16367,0.99816416
test_16368,0.00358634
test_16369,0.00116318
test_16370,0.07608172
test_16371,0.96211755
test_16372,0.99993750
test_16373,0.66755268
test_16374,0.00250895
test_16375,0.99807015
test_16376,0.99472360
test_16377,0.99077345
test_16378,0.98027857
test_16379,0.00045703
test_16380,0.00463014
test_16381,0.39083849
test_16382,0.00326753
test_16383,0.64263729
test_16384,0.99950392
test_16385,0.00776067
test_16386,0.96202513
test_16387,0.89049040
test_16388,0.36259291
test_16389,0.99697500
test_16390,0.99938998
test_16391,0.26064037
test_16392,0.99994344
test_16393,0.00200751
test_16394,0.99761603
test_16395,0.00354880
test_16396,0.99220313
test_16397,0.00564603
test_16398,0.99683302
test_16399,0.07738912
test_16400,0.00185646
test_16401,0.99779476
test_16402,0.99761169
test_16403,0.99659717
test_16404,0.99982568
test_16405,0.00001449
test_16406,0.00001416
test_16407,0.99491782
test_16408,0.72788332
test_16409,0.00488956
test_16410,0.00287568
test_16411,0.00507365
test_16412,0.00143635
test_16413,0.00004102
test_16414,0.99208976
test_16415,0.99998621
test_16416,0.00090410
test_16417,0.00711145
test_16418,0.00300473
test_16419,0.00441542
test_16420,0.00025070
test_16421,0.98138193
test_16422,0.99989320
test_16423,0.99974179
test_16424,0.02163903
test_16425,0.01021640
test_16426,0.01073595
test_16427,0.97596115
test_16428,0.00334006
test_16429,0.99879379
test_16430,0.99945671
test_16431,0.98743852
test_16432,0.96541623
test_16433,0.00147576
test_16434,0.27965131
test_16435,0.00150350
test_16436,0.00248130
test_16437,0.85045408
test_16438,0.94663143
test_16439,0.99949095
test_16440,0.99985926
test_16441,0.00377405
test_16442,0.99368037
test_16443,0.00456877
test_16444,0.99803790
test_16445,0.93694319
test_16446,0.00161830
test_16447,0.97449645
test_16448,0.03012161
test_16449,0.99955905
test_16450,0.03652393
test_16451,0.00381478
test_16452,0.00033050
test_16453,0.99254120
test_16454,0.00026079
test_16455,0.99456102
test_16456,0.88984412
test_16457,0.07588531
test_16458,0.00046288
test_16459,0.01131199
test_16460,0.00035370
test_16461,0.99985568
test_16462,0.06557833
test_16463,0.99986455
test_16464,0.99678618
test_16465,0.90712946
test_16466,0.98717684
test_16467,0.99728789
test_16468,0.99653827
test_16469,0.99859095
test_16470,0.99970264
test_16471,0.00083375
test_16472,0.01742645
test_16473,0.03946233
test_16474,0.85282822
test_16475,0.01467164
test_16476,0.00428566
test_16477,0.00170281
test_16478,0.99837289
test_16479,0.07141840
test_16480,0.99995273
test_16481,0.00011309
test_16482,0.99214488
test_16483,0.00663572
test_16484,0.99257791
test_16485,0.00757824
test_16486,0.99595328
test_16487,0.11036149
test_16488,0.00536878
test_16489,0.00606951
test_16490,0.99190468
test_16491,0.08780090
test_16492,0.00896351
test_16493,0.02471903
test_16494,0.01585155
test_16495,0.00737144
test_16496,0.99605138
test_16497,0.00155583
test_16498,0.00092439
test_16499,0.01353012
test_16500,0.01568000
test_16501,0.97498883
test_16502,0.00084031
test_16503,0.00529542
test_16504,0.00000316
test_16505,0.99933964
test_16506,0.00113824
test_16507,0.99917543
test_16508,0.98989471
test_16509,0.00014711
test_16510,0.01066531
test_16511,0.99296076
test_16512,0.00644793
test_16513,0.00269955
test_16514,0.00043857
test_16515,0.98873058
test_16516,0.99976474
test_16517,0.00010226
test_16518,0.99942819
test_16519,0.99993202
test_16520,0.93372880
test_16521,0.04557571
test_16522,0.97298494
test_16523,0.99964775
test_16524,0.06645417
test_16525,0.00297867
test_16526,0.99765412
test_16527,0.00322135
test_16528,0.00241398
test_16529,0.98685451
test_16530,0.00866841
test_16531,0.43506413
test_16532,0.99954810
test_16533,0.00053937
test_16534,0.99995044
test_16535,0.98430270
test_16536,0.00042333
test_16537,0.96305191
test_16538,0.99658611
test_16539,0.99932421
test_16540,0.01512881
test_16541,0.00117714
test_16542,0.01958791
test_16543,0.98363144
test_16544,0.02535565
test_16545,0.00441691
test_16546,0.99978482
test_16547,0.99202895
test_16548,0.02483259
test_16549,0.00867534
test_16550,0.99935045
test_16551,0.99999900
test_16552,0.99948095
test_16553,0.14810068
test_16554,0.00106687
test_16555,0.22187637
test_16556,0.99038233
test_16557,0.99961403
test_16558,0.99977649
test_16559,0.99958054
test_16560,0.00142942
test_16561,0.99198843
test_16562,0.76624485
test_16563,0.00212557
test_16564,0.99857677
test_16565,0.99481817
test_16566,0.00379516
test_16567,0.99720417
test_16568,0.94721948
test_16569,0.01232677
test_16570,0.97188257
test_16571,0.99764193
test_16572,0.10030375
test_16573,0.00003552
test_16574,0.03955539
test_16575,0.00016579
test_16576,0.00013417
test_16577,0.01606570
test_16578,0.99926543
test_16579,0.00154034
test_16580,0.00017184
test_16581,0.00035450
test_16582,0.70335428
test_16583,0.99990243
test_16584,0.97091727
test_16585,0.00006447
test_16586,0.64106642
test_16587,0.98838672
test_16588,0.00111310
test_16589,0.99830000
test_16590,0.01095637
test_16591,0.99245412
test_16592,0.00113383
test_16593,0.02386964
test_16594,0.00577417
test_16595,0.05400727
test_16596,0.00459250
test_16597,0.06132936
test_16598,0.99101919
test_16599,0.66543120
test_16600,0.99757680
test_16601,0.00004749
test_16602,0.99952995
test_16603,0.99474075
test_16604,0.99728703
test_16605,0.00145000
test_16606,0.00273861
test_16607,0.02959663
test_16608,0.99828538
test_16609,0.99799779
test_16610,0.00210246
test_16611,0.43164864
test_16612,0.01044916
test_16613,0.99992645
test_16614,0.99652121
test_16615,0.00860116
test_16616,0.00662720
test_16617,0.00040882
test_16618,0.00274170
test_16619,0.01211338
test_16620,0.99989769
test_16621,0.99698281
test_16622,0.95537711
test_16623,0.09839825
test_16624,0.72484237
test_16625,0.00253139
test_16626,0.00040584
test_16627,0.00025175
test_16628,0.00844468
test_16629,0.02192705
test_16630,0.00310138
test_16631,0.00063446
test_16632,0.99916455
test_16633,0.00004246
test_16634,0.26390300
test_16635,0.00540963
test_16636,0.99570520
test_16637,0.00830356
test_16638,0.99856646
test_16639,0.99851653
test_16640,0.99027856
test_16641,0.83195137
test_16642,0.99880226
test_16643,0.99996462
test_16644,0.99973758
test_16645,0.99970372
test_16646,0.99511222
test_16647,0.99816639
test_16648,0.35073186
test_16649,0.98521270
test_16650,0.01489886
test_16651,0.00002450
test_16652,0.00342976
test_16653,0.99988498
test_16654,0.99960529
test_16655,0.00295607
test_16656,0.92598153
test_16657,0.99997762
test_16658,0.99948071
test_16659,0.25151025
test_16660,0.99977301
test_16661,0.00030526
test_16662,0.99842506
test_16663,0.00082055
test_16664,0.99821914
test_16665,0.01124655
test_16666,0.99986790
test_16667,0.00500225
test_16668,0.99869032
test_16669,0.00024656
test_16670,0.00028248
test_16671,0.38614591
test_16672,0.99990408
test_16673,0.00194840
test_16674,0.02594496
test_16675,0.00128265
test_16676,0.12016287
test_16677,0.98444321
test_16678,0.71667559
test_16679,0.02048639
test_16680,0.08102057
test_16681,0.00542678
test_16682,0.98830705
test_16683,0.02125636
test_16684,0.00058163
test_16685,0.00057644
test_16686,0.03619872
test_16687,0.99592705
test_16688,0.15884650
test_16689,0.96328888
test_16690,0.99741658
test_16691,0.91621965
test_16692,0.99946232
test_16693,0.33200501
test_16694,0.99940722
test_16695,0.00061173
test_16696,0.02274621
test_16697,0.00052916
test_16698,0.82053866
test_16699,0.00735282
test_16700,0.91437936
test_16701,0.00856752
test_16702,0.02354552
test_16703,0.99965419
test_16704,0.00041188
test_16705,0.94966418
test_16706,0.99624191
test_16707,0.69558170
test_16708,0.99774229
test_16709,0.99949070
test_16710,0.00454170
test_16711,0.99280425
test_16712,0.04124723
test_16713,0.01094225
test_16714,0.00239230
test_16715,0.00028777
test_16716,0.00072399
test_16717,0.16661246
test_16718,0.07195611
test_16719,0.83831843
test_16720,0.00097428
test_16721,0.96803009
test_16722,0.99966792
test_16723,0.99531925
test_16724,0.01636440
test_16725,0.55234007
test_16726,0.00056696
test_16727,0.98951289
test_16728,0.01598721
test_16729,0.27385847
test_16730,0.99631296
test_16731,0.01564098
test_16732,0.15172035
test_16733,0.00074331
test_16734,0.98830347
test_16735,0.00000632
test_16736,0.99379992
test_16737,0.99710248
test_16738,0.99927028
test_16739,0.99043410
test_16740,0.99826392
test_16741,0.00021301
test_16742,0.00223934
test_16743,0.00034030
test_16744,0.96741954
test_16745,0.00139399
test_16746,0.05443235
test_16747,0.27779236
test_16748,0.99820884
test_16749,0.99697399
test_16750,0.00202938
test_16751,0.99999051
test_16752,0.00617968
test_16753,0.99995420
test_16754,0.00241520
test_16755,0.00041360
test_16756,0.99989411
test_16757,0.00246664
test_16758,0.99628251
test_16759,0.85578042
test_16760,0.98044404
test_16761,0.99882979
test_16762,0.88964292
test_16763,0.99670678
test_16764,0.00020039
test_16765,0.93383714
test_16766,0.99980679
test_16767,0.00157892
test_16768,0.00116733
test_16769,0.98975246
test_16770,0.82265951
test_16771,0.97367627
test_16772,0.01220010
test_16773,0.99622599
test_16774,0.99872766
test_16775,0.00560784
test_16776,0.00718889
test_16777,0.99532220
test_16778,0.00712432
test_16779,0.00073501
test_16780,0.99995024
test_16781,0.00262088
test_16782,0.99959684
test_16783,0.51057168
test_16784,0.99902444
test_16785,0.99922141
test_16786,0.00462344
test_16787,0.28894123
test_16788,0.53637578
test_16789,0.99991993
test_16790,0.02142921
test_16791,0.00550896
test_16792,0.99925056
test_16793,0.00018680
test_16794,0.99858504
test_16795,0.00127287
test_16796,0.99654236
test_16797,0.02150693
test_16798,0.98021047
test_16799,0.99977151
test_16800,0.99781686
test_16801,0.99620995
test_16802,0.99973485
test_16803,0.00028003
test_16804,0.99983877
test_16805,0.99889913
test_16806,0.99793176
test_16807,0.99924791
test_16808,0.00040606
test_16809,0.01095625
test_16810,0.00001733
test_16811,0.99918605
test_16812,0.00485013
test_16813,0.01437228
test_16814,0.03528207
test_16815,0.99820184
test_16816,0.00012246
test_16817,0.99923775
test_16818,0.00119635
test_16819,0.99195092
test_16820,0.00007664
test_16821,0.93525110
test_16822,0.99927927
test_16823,0.99749793
test_16824,0.99989177
test_16825,0.98876497
test_16826,0.99714058
test_16827,0.14992425
test_16828,0.00017321
test_16829,0.00263937
test_16830,0.01813456
test_16831,0.99999163
test_16832,0.99753297
test_16833,0.00403476
test_16834,0.96679401
test_16835,0.97292995
test_16836,0.00014821
test_16837,0.99791542
test_16838,0.92885875
test_16839,0.98126515
test_16840,0.99221595
test_16841,0.98789674
test_16842,0.97434498
test_16843,0.00003466
test_16844,0.99998584
test_16845,0.00012726
test_16846,0.00108690
test_16847,0.14228901
test_16848,0.99977945
test_16849,0.99953249
test_16850,0.33111138
test_16851,0.00054776
test_16852,0.00571934
test_16853,0.00841457
test_16854,0.00043249
test_16855,0.00039859
test_16856,0.97407607
test_16857,0.99979491
test_16858,0.94572060
test_16859,0.02821600
test_16860,0.99990462
test_16861,0.04551436
test_16862,0.00095916
test_16863,0.99994768
test_16864,0.00029606
test_16865,0.00180677
test_16866,0.00428263
test_16867,0.99411451
test_16868,0.99720485
test_16869,0.99973041
test_16870,0.99422257
test_16871,0.99983581
test_16872,0.99611748
test_16873,0.00699261
test_16874,0.04975463
test_16875,0.02819526
test_16876,0.99156854
test_16877,0.00004900
test_16878,0.00013267
test_16879,0.83181756
test_16880,0.99511103
test_16881,0.00066622
test_16882,0.00077740
test_16883,0.99979152
test_16884,0.99915623
test_16885,0.01450088
test_16886,0.76330277
test_16887,0.99656858
test_16888,0.99826818
test_16889,0.99743698
test_16890,0.99660988
test_16891,0.02806528
test_16892,0.99982965
test_16893,0.99779120
test_16894,0.99644546
test_16895,0.00195667
test_16896,0.99662344
test_16897,0.00112142
test_16898,0.00170962
test_16899,0.14549310
test_16900,0.00755351
test_16901,0.00186259
test_16902,0.02122958
test_16903,0.98873840
test_16904,0.99933896
test_16905,0.00144818
test_16906,0.20428234
test_16907,0.99899898
test_16908,0.00072903
test_16909,0.99930940
test_16910,0.00034984
test_16911,0.16608420
test_16912,0.99936165
test_16913,0.05442442
test_16914,0.00965221
test_16915,0.99867799
test_16916,0.99308697
test_16917,0.00007483
test_16918,0.66457472
test_16919,0.00307434
test_16920,0.99536783
test_16921,0.99297260
test_16922,0.93042381
test_16923,0.01113857
test_16924,0.99587240
test_16925,0.00445025
test_16926,0.00184869
test_16927,0.01010155
test_16928,0.19841944
test_16929,0.02902933
test_16930,0.18354929
test_16931,0.99857907
test_16932,0.00003132
test_16933,0.99894039
test_16934,0.99521352
test_16935,0.20341389
test_16936,0.99981833
test_16937,0.99764171
test_16938,0.00118442
test_16939,0.99582644
test_16940,0.99963795
test_16941,0.98942256
test_16942,0.06262017
test_16943,0.95354532
test_16944,0.00015808
test_16945,0.00050527
test_16946,0.99498091
test_16947,0.00003148
test_16948,0.00638969
test_16949,0.99992000
test_16950,0.91948799
test_16951,0.99868581
test_16952,0.94199558
test_16953,0.99681492
test_16954,0.02230694
test_16955,0.98103331
test_16956,0.00001379
test_16957,0.16757841
test_16958,0.99975836
test_16959,0.02011985
test_16960,0.99992924
test_16961,0.00791957
test_16962,0.00390884
test_16963,0.99160220
test_16964,0.00031924
test_16965,0.89513737
test_16966,0.00076661
test_16967,0.25288404
test_16968,0.00019589
test_16969,0.98706591
test_16970,0.02293493
test_16971,0.99920058
test_16972,0.48132163
test_16973,0.99576310
test_16974,0.53525152
test_16975,0.00007746
test_16976,0.00866313
test_16977,0.07865001
test_16978,0.99697325
test_16979,0.00878333
test_16980,0.99307187
test_16981,0.99188590
test_16982,0.00483053
test_16983,0.99924180
test_16984,0.00604105
test_16985,0.08789874
test_16986,0.11057572
test_16987,0.01811992
test_16988,0.03407307
test_16989,0.01359017
test_16990,0.00323111
test_16991,0.01633778
test_16992,0.99996022
test_16993,0.58184046
test_16994,0.00005742
test_16995,0.98835180
test_16996,0.98313306
test_16997,0.94809981
test_16998,0.00181142
test_16999,0.99868942
test_17000,0.97106666
test_17001,0.05033560
test_17002,0.99976926
test_17003,0.00011661
test_17004,0.99785481
test_17005,0.30881929
test_17006,0.97027304
test_17007,0.94885088
test_17008,0.93778308
test_17009,0.00001304
test_17010,0.00245678
test_17011,0.30696641
test_17012,0.93487953
test_17013,0.77153443
test_17014,0.00006525
test_17015,0.05608910
test_17016,0.25748444
test_17017,0.89125732
test_17018,0.00076354
test_17019,0.00049555
test_17020,0.99922362
test_17021,0.99960329
test_17022,0.00501463
test_17023,0.00269130
test_17024,0.99969497
test_17025,0.00337142
test_17026,0.00423662
test_17027,0.99953198
test_17028,0.99331153
test_17029,0.00351070
test_17030,0.99953489
test_17031,0.01404305
test_17032,0.99641991
test_17033,0.99426339
test_17034,0.00094894
test_17035,0.73574656
test_17036,0.99950086
test_17037,0.00288949
test_17038,0.78743572
test_17039,0.00094410
test_17040,0.01281166
test_17041,0.73620804
test_17042,0.02412700
test_17043,0.00528906
test_17044,0.05870276
test_17045,0.00628484
test_17046,0.99986769
test_17047,0.99195979
test_17048,0.45212075
test_17049,0.99854725
test_17050,0.20546766
test_17051,0.76720545
test_17052,0.00770827
test_17053,0.94595038
test_17054,0.99927813
test_17055,0.01494495
test_17056,0.99991690
test_17057,0.99519301
test_17058,0.00028065
test_17059,0.03095254
test_17060,0.78294287
test_17061,0.00446935
test_17062,0.99801057
test_17063,0.99962093
test_17064,0.00014486
test_17065,0.91590705
test_17066,0.99156732
test_17067,0.99060606
test_17068,0.00104456
test_17069,0.98488133
test_17070,0.00229457
test_17071,0.96480033
test_17072,0.98906555
test_17073,0.02668755
test_17074,0.99869831
test_17075,0.94598286
test_17076,0.00274256
test_17077,0.99608197
test_17078,0.02925299
test_17079,0.98895000
test_17080,0.99096856
test_17081,0.00178093
test_17082,0.99729643
test_17083,0.00351760
test_17084,0.66531974
test_17085,0.00544858
test_17086,0.98749057
test_17087,0.96064000
test_17088,0.99998584
test_17089,0.25151643
test_17090,0.02577035
test_17091,0.00125505
test_17092,0.01320029
test_17093,0.77456317
test_17094,0.00156644
test_17095,0.99898130
test_17096,0.27488773
test_17097,0.99908785
test_17098,0.65127951
test_17099,0.99538989
test_17100,0.00100849
test_17101,0.03862865
test_17102,0.99850539
test_17103,0.00015998
test_17104,0.99627012
test_17105,0.99997170
test_17106,0.98827465
test_17107,0.00857624
test_17108,0.00055189
test_17109,0.99683856
test_17110,0.99800602
test_17111,0.98751485
test_17112,0.99908401
test_17113,0.99858647
test_17114,0.99128091
test_17115,0.24597024
test_17116,0.92226346
test_17117,0.00173243
test_17118,0.98590093
test_17119,0.99065318
test_17120,0.99453339
test_17121,0.99248774
test_17122,0.99998735
test_17123,0.01312226
test_17124,0.03018236
test_17125,0.97816615
test_17126,0.96437635
test_17127,0.00441452
test_17128,0.00135857
test_17129,0.99902275
test_17130,0.99637355
test_17131,0.01189629
test_17132,0.99604505
test_17133,0.00439037
test_17134,0.00164742
test_17135,0.07412375
test_17136,0.99181877
test_17137,0.18637597
test_17138,0.89173973
test_17139,0.00630727
test_17140,0.03111447
test_17141,0.88514587
test_17142,0.99963746
test_17143,0.99984311
test_17144,0.04477506
test_17145,0.00011949
test_17146,0.99972138
test_17147,0.99999293
test_17148,0.02292030
test_17149,0.06952939
test_17150,0.00062822
test_17151,0.96511976
test_17152,0.00046748
test_17153,0.00003467
test_17154,0.00290656
test_17155,0.00494879
test_17156,0.00653234
test_17157,0.94477828
test_17158,0.07444629
test_17159,0.00023429
test_17160,0.99904010
test_17161,0.99389263
test_17162,0.00086345
test_17163,0.99467804
test_17164,0.96463989
test_17165,0.97294614
test_17166,0.00044694
test_17167,0.00640233
test_17168,0.98561928
test_17169,0.99979801
test_17170,0.06976769
test_17171,0.00022291
test_17172,0.90046687
test_17173,0.99378588
test_17174,0.98945784
test_17175,0.13901586
test_17176,0.00222043
test_17177,0.99767181
test_17178,0.04722448
test_17179,0.97824505
test_17180,0.97923185
test_17181,0.99979605
test_17182,0.00447434
test_17183,0.99802594
test_17184,0.00086076
test_17185,0.99725015
test_17186,0.91142060
test_17187,0.99828661
test_17188,0.15088352
test_17189,0.01661421
test_17190,0.00138694
test_17191,0.01660235
test_17192,0.00530653
test_17193,0.05413822
test_17194,0.99970086
test_17195,0.00015565
test_17196,0.00397586
test_17197,0.00512298
test_17198,0.00063953
test_17199,0.02956030
test_17200,0.99411586
test_17201,0.00208592
test_17202,0.00034948
test_17203,0.99998775
test_17204,0.98523707
test_17205,0.00993799
test_17206,0.99245229
test_17207,0.01104030
test_17208,0.99997391
test_17209,0.02536905
test_17210,0.03624857
test_17211,0.02254487
test_17212,0.98654576
test_17213,0.66569611
test_17214,0.99989700
test_17215,0.99985943
test_17216,0.03689245
test_17217,0.01340529
test_17218,0.01668006
test_17219,0.00249049
test_17220,0.00076528
test_17221,0.00448889
test_17222,0.99971708
test_17223,0.01939376
test_17224,0.00023138
test_17225,0.00768016
test_17226,0.01010938
test_17227,0.99817891
test_17228,0.99959676
test_17229,0.99989586
test_17230,0.93957169
test_17231,0.99141241
test_17232,0.00002647
test_17233,0.09422914
test_17234,0.15785729
test_17235,0.99433131
test_17236,0.00140785
test_17237,0.99762642
test_17238,0.00014320
test_17239,0.99954424
test_17240,0.00330901
test_17241,0.06614844
test_17242,0.98714786
test_17243,0.00007936
test_17244,0.99754811
test_17245,0.00068549
test_17246,0.02041648
test_17247,0.00263129
test_17248,0.00627900
test_17249,0.99269812
test_17250,0.00263973
test_17251,0.99986960
test_17252,0.99753750
test_17253,0.96745045
test_17254,0.02141291
test_17255,0.99991055
test_17256,0.00974551
test_17257,0.06108486
test_17258,0.17825659
test_17259,0.99936334
test_17260,0.00158534
test_17261,0.99973823
test_17262,0.98111693
test_17263,0.79823970
test_17264,0.99851854
test_17265,0.99998905
test_17266,0.00115165
test_17267,0.00126697
test_17268,0.00395102
test_17269,0.00349598
test_17270,0.98269634
test_17271,0.00001183
test_17272,0.96912049
test_17273,0.99911195
test_17274,0.53967583
test_17275,0.00130715
test_17276,0.99584189
test_17277,0.99923097
test_17278,0.00382243
test_17279,0.00102159
test_17280,0.90098665
test_17281,0.00552115
test_17282,0.14117016
test_17283,0.00067431
test_17284,0.98105151
test_17285,0.99839618
test_17286,0.99948079
test_17287,0.00115237
test_17288,0.99958527
test_17289,0.02769391
test_17290,0.00414087
test_17291,0.97983822
test_17292,0.99911120
test_17293,0.00497098
test_17294,0.99512799
test_17295,0.01562422
test_17296,0.99924545
test_17297,0.99626317
test_17298,0.00066525
test_17299,0.91898087
test_17300,0.02383743
test_17301,0.99588352
test_17302,0.00199624
test_17303,0.11299192
test_17304,0.03716153
test_17305,0.95878970
test_17306,0.99338131
test_17307,0.99893371
test_17308,0.79673525
test_17309,0.00089141
test_17310,0.98694035
test_17311,0.00028200
test_17312,0.94689041
test_17313,0.99936613
test_17314,0.99871060
test_17315,0.99188910
test_17316,0.00019787
test_17317,0.96501893
test_17318,0.99415542
test_17319,0.99877550
test_17320,0.99828840
test_17321,0.99895457
test_17322,0.04605751
test_17323,0.99988030
test_17324,0.00040168
test_17325,0.14081729
test_17326,0.99950364
test_17327,0.00028090
test_17328,0.37145310
test_17329,0.00046288
test_17330,0.00028924
test_17331,0.54905137
test_17332,0.99889568
test_17333,0.99533645
test_17334,0.00149980
test_17335,0.99923489
test_17336,0.64585146
test_17337,0.00500720
test_17338,0.99976459
test_17339,0.00723394
test_17340,0.00198919
test_17341,0.00007229
test_17342,0.00344064
test_17343,0.00080242
test_17344,0.99756854
test_17345,0.97469797
test_17346,0.99314682
test_17347,0.00019532
test_17348,0.99971807
test_17349,0.00035102
test_17350,0.00229672
test_17351,0.84194949
test_17352,0.99917302
test_17353,0.99940667
test_17354,0.99508264
test_17355,0.00245791
test_17356,0.00910868
test_17357,0.99493420
test_17358,0.00033561
test_17359,0.99874618
test_17360,0.99022327
test_17361,0.99916033
test_17362,0.00858836
test_17363,0.02446005
test_17364,0.00274882
test_17365,0.00868182
test_17366,0.00552786
test_17367,0.98275253
test_17368,0.00111276
test_17369,0.99667664
test_17370,0.88505034
test_17371,0.99256234
test_17372,0.28125423
test_17373,0.07032785
test_17374,0.83187424
test_17375,0.01029226
test_17376,0.98617575
test_17377,0.00060321
test_17378,0.00254824
test_17379,0.76332678
test_17380,0.99993998
test_17381,0.00095529
test_17382,0.96299375
test_17383,0.99593595
test_17384,0.40211198
test_17385,0.00168557
test_17386,0.00001414
test_17387,0.99937283
test_17388,0.00001342
test_17389,0.00050101
test_17390,0.40570070
test_17391,0.00130537
test_17392,0.09795996
test_17393,0.14257378
test_17394,0.01829092
test_17395,0.00955829
test_17396,0.99999368
test_17397,0.00116020
test_17398,0.99975174
test_17399,0.64329799
test_17400,0.00048248
test_17401,0.99882263
test_17402,0.98898141
test_17403,0.99565774
test_17404,0.94180158
test_17405,0.99526696
test_17406,0.00071381
test_17407,0.14583947
test_17408,0.00232697
test_17409,0.93761300
test_17410,0.87294502
test_17411,0.99736434
test_17412,0.00724398
test_17413,0.93297537
test_17414,0.00066650
test_17415,0.00527668
test_17416,0.99962034
test_17417,0.99969886
test_17418,0.00217390
test_17419,0.00046511
test_17420,0.99719929
test_17421,0.97209590
test_17422,0.95762873
test_17423,0.99611610
test_17424,0.00347158
test_17425,0.94118673
test_17426,0.99992070
test_17427,0.98361369
test_17428,0.01456830
test_17429,0.00132075
test_17430,0.98704249
test_17431,0.00019097
test_17432,0.01235547
test_17433,0.02735553
test_17434,0.22923645
test_17435,0.99542801
test_17436,0.00021295
test_17437,0.03507316
test_17438,0.99914254
test_17439,0.00131765
test_17440,0.00010390
test_17441,0.99912451
test_17442,0.00035272
test_17443,0.99828593
test_17444,0.00074289
test_17445,0.00196456
test_17446,0.99150137
test_17447,0.18267610
test_17448,0.92767004
test_17449,0.99640312
test_17450,0.98969099
test_17451,0.04197534
test_17452,0.00096337
test_17453,0.99952501
test_17454,0.99928847
test_17455,0.02454652
test_17456,0.45414392
test_17457,0.99262366
test_17458,0.00093759
test_17459,0.89537089
test_17460,0.00023835
test_17461,0.99991695
test_17462,0.00116370
test_17463,0.00607640
test_17464,0.00037064
test_17465,0.00187417
test_17466,0.14330751
test_17467,0.99990270
test_17468,0.99996805
test_17469,0.02478748
test_17470,0.00858717
test_17471,0.68774723
test_17472,0.90406385
test_17473,0.99915491
test_17474,0.98670689
test_17475,0.01029904
test_17476,0.97038666
test_17477,0.02271947
test_17478,0.00742986
test_17479,0.00240593
test_17480,0.99888009
test_17481,0.98767133
test_17482,0.99656869
test_17483,0.02663003
test_17484,0.00065161
test_17485,0.99971734
test_17486,0.01695182
test_17487,0.53999197
test_17488,0.05881062
test_17489,0.99985485
test_17490,0.00451150
test_17491,0.02151923
test_17492,0.00289923
test_17493,0.99956481
test_17494,0.08135307
test_17495,0.01141080
test_17496,0.00859216
test_17497,0.11055542
test_17498,0.02106919
test_17499,0.99331324
test_17500,0.00031145
test_17501,0.18539333
test_17502,0.00014057
test_17503,0.99904870
test_17504,0.00087596
test_17505,0.00535442
test_17506,0.00009148
test_17507,0.99916740
test_17508,0.99979616
test_17509,0.99976999
test_17510,0.00076785
test_17511,0.99843300
test_17512,0.07544634
test_17513,0.99792892
test_17514,0.99602438
test_17515,0.99942516
test_17516,0.00300738
test_17517,0.78351858
test_17518,0.00722556
test_17519,0.00064974
test_17520,0.00643234
test_17521,0.99984490
test_17522,0.97148323
test_17523,0.00615481
test_17524,0.42287088
test_17525,0.13787963
test_17526,0.99989705
test_17527,0.00120711
test_17528,0.99955607
test_17529,0.00378303
test_17530,0.99928227
test_17531,0.00250521
test_17532,0.04284662
test_17533,0.99800684
test_17534,0.97515187
test_17535,0.98078271
test_17536,0.99999293
test_17537,0.27988020
test_17538,0.96071716
test_17539,0.49846166
test_17540,0.00483568
test_17541,0.99962484
test_17542,0.99836267
test_17543,0.99263683
test_17544,0.00350944
test_17545,0.96001796
test_17546,0.96824678
test_17547,0.00457708
test_17548,0.99897713
test_17549,0.00007287
test_17550,0.99763791
test_17551,0.00885204
test_17552,0.99979652
test_17553,0.25172096
test_17554,0.97706072
test_17555,0.00389089
test_17556,0.00039294
test_17557,0.99703360
test_17558,0.99613387
test_17559,0.99990837
test_17560,0.00038731
test_17561,0.01024242
test_17562,0.00003876
test_17563,0.37614246
test_17564,0.00371936
test_17565,0.04782282
test_17566,0.00020288
test_17567,0.99335387
test_17568,0.99606211
test_17569,0.01229976
test_17570,0.53365768
test_17571,0.00125205
test_17572,0.99862443
test_17573,0.96296155
test_17574,0.00075692
test_17575,0.00397235
test_17576,0.99760880
test_17577,0.99952630
test_17578,0.04289292
test_17579,0.62302272
test_17580,0.00026091
test_17581,0.01643524
test_17582,0.99847415
test_17583,0.27442556
test_17584,0.99554150
test_17585,0.99945756
test_17586,0.00072320
test_17587,0.00203311
test_17588,0.26810868
test_17589,0.99346952
test_17590,0.00094769
test_17591,0.95442034
test_17592,0.00284047
test_17593,0.99992377
test_17594,0.00003408
test_17595,0.99934427
test_17596,0.99926925
test_17597,0.98177125
test_17598,0.02265644
test_17599,0.98343105
test_17600,0.36987846
test_17601,0.17214875
test_17602,0.99475106
test_17603,0.00200893
test_17604,0.00984050
test_17605,0.00034877
test_17606,0.00004362
test_17607,0.00028504
test_17608,0.01082465
test_17609,0.94849759
test_17610,0.94905014
test_17611,0.99930694
test_17612,0.19604201
test_17613,0.95635616
test_17614,0.98307192
test_17615,0.00002998
test_17616,0.99714377
test_17617,0.00119295
test_17618,0.00019669
test_17619,0.89832417
test_17620,0.99393829
test_17621,0.91968209
test_17622,0.00873356
test_17623,0.99788446
test_17624,0.99828812
test_17625,0.99949292
test_17626,0.00574527
test_17627,0.38488308
test_17628,0.99763286
test_17629,0.99992722
test_17630,0.99798741
test_17631,0.99468179
test_17632,0.00634652
test_17633,0.99996073
test_17634,0.00058791
test_17635,0.99409500
test_17636,0.00019619
test_17637,0.00464962
test_17638,0.99361120
test_17639,0.83417696
test_17640,0.99165063
test_17641,0.00114046
test_17642,0.99969872
test_17643,0.00091704
test_17644,0.98978448
test_17645,0.99976240
test_17646,0.91627117
test_17647,0.00008329
test_17648,0.92903941
test_17649,0.05082170
test_17650,0.10335149
test_17651,0.98568696
test_17652,0.02137981
test_17653,0.00054675
test_17654,0.00031409
test_17655,0.00001001
test_17656,0.99822520
test_17657,0.99659897
test_17658,0.02037952
test_17659,0.00765107
test_17660,0.97050717
test_17661,0.84725037
test_17662,0.01406698
test_17663,0.99998999
test_17664,0.00025688
test_17665,0.02327645
test_17666,0.01473420
test_17667,0.99970721
test_17668,0.00696725
test_17669,0.62877188
test_17670,0.00001095
test_17671,0.02237368
test_17672,0.99891827
test_17673,0.01590731
test_17674,0.01259072
test_17675,0.99998584
test_17676,0.99246793
test_17677,0.99436262
test_17678,0.00049814
test_17679,0.99052124
test_17680,0.00165687
test_17681,0.00530083
test_17682,0.98718974
test_17683,0.99524908
test_17684,0.99457263
test_17685,0.99962107
test_17686,0.02319771
test_17687,0.00687883
test_17688,0.00017013
test_17689,0.99999684
test_17690,0.00583833
test_17691,0.71906756
test_17692,0.78616010
test_17693,0.98331989
test_17694,0.99894314
test_17695,0.99546699
test_17696,0.99996820
test_17697,0.97629849
test_17698,0.00073057
test_17699,0.00333630
test_17700,0.00052946
test_17701,0.99654683
test_17702,0.15071742
test_17703,0.00022247
test_17704,0.00021308
test_17705,0.00103321
test_17706,0.99767834
test_17707,0.00016972
test_17708,0.99957999
test_17709,0.01734219
test_17710,0.99233242
test_17711,0.05323554
test_17712,0.00586408
test_17713,0.00005771
test_17714,0.00364990
test_17715,0.00769618
test_17716,0.00178397
test_17717,0.99706493
test_17718,0.00719777
test_17719,0.00155933
test_17720,0.01822155
test_17721,0.68671784
test_17722,0.00227635
test_17723,0.90517536
test_17724,0.99792307
test_17725,0.00086544
test_17726,0.99802803
test_17727,0.99129436
test_17728,0.99778153
test_17729,0.83864844
test_17730,0.99965589
test_17731,0.56297848
test_17732,0.99927349
test_17733,0.99837225
test_17734,0.00117755
test_17735,0.99433800
test_17736,0.99997279
test_17737,0.00598071
test_17738,0.00668001
test_17739,0.99889331
test_17740,0.00000316
test_17741,0.99962146
test_17742,0.01026279
test_17743,0.99949662
test_17744,0.99512534
test_17745,0.00272900
test_17746,0.04173088
test_17747,0.00257573
test_17748,0.84569104
test_17749,0.99796278
test_17750,0.00018263
test_17751,0.21192223
test_17752,0.00400407
test_17753,0.99735831
test_17754,0.00133011
test_17755,0.23815144
test_17756,0.66686826
test_17757,0.99528995
test_17758,0.00068444
test_17759,0.99989296
test_17760,0.81238443
test_17761,0.44942582
test_17762,0.00017291
test_17763,0.06866725
test_17764,0.00230551
test_17765,0.99988060
test_17766,0.00116379
test_17767,0.01575509
test_17768,0.99929080
test_17769,0.00165229
test_17770,0.99268873
test_17771,0.81213439
test_17772,0.97523638
test_17773,0.00230403
test_17774,0.00000316
test_17775,0.00844451
test_17776,0.99827223
test_17777,0.00540661
test_17778,0.00476883
test_17779,0.00206396
test_17780,0.99865442
test_17781,0.00179739
test_17782,0.99936469
test_17783,0.00053364
test_17784,0.99903810
test_17785,0.99921965
test_17786,0.99756725
test_17787,0.96882036
test_17788,0.99987339
test_17789,0.00161073
test_17790,0.00123573
test_17791,0.97471871
test_17792,0.00113941
test_17793,0.01727505
test_17794,0.02108251
test_17795,0.00087702
test_17796,0.00455132
test_17797,0.99466931
test_17798,0.00215574
test_17799,0.00759255
test_17800,0.99852222
test_17801,0.00008373
test_17802,0.12755302
test_17803,0.00225705
test_17804,0.99734730
test_17805,0.99978430
test_17806,0.99496175
test_17807,0.00004002
test_17808,0.03378843
test_17809,0.00028213
test_17810,0.00009808
test_17811,0.03294992
test_17812,0.11443285
test_17813,0.12252745
test_17814,0.89641927
test_17815,0.99996392
test_17816,0.99679770
test_17817,0.00005762
test_17818,0.51411683
test_17819,0.99988691
test_17820,0.00004126
test_17821,0.99965942
test_17822,0.00000316
test_17823,0.00274119
test_17824,0.99617821
test_17825,0.00003288
test_17826,0.02609654
test_17827,0.98131783
test_17828,0.99578075
test_17829,0.75711349
test_17830,0.99670778
test_17831,0.00139843
test_17832,0.01321556
test_17833,0.90720604
test_17834,0.01296063
test_17835,0.99998584
test_17836,0.89275592
test_17837,0.94163113
test_17838,0.99014685
test_17839,0.99988002
test_17840,0.95223143
test_17841,0.87888702
test_17842,0.99871162
test_17843,0.02300053
test_17844,0.02593772
test_17845,0.81470623
test_17846,0.00077405
test_17847,0.99964151
test_17848,0.98563490
test_17849,0.00404607
test_17850,0.00320691
test_17851,0.93959118
test_17852,0.96368000
test_17853,0.99256289
test_17854,0.00548550
test_17855,0.00906288
test_17856,0.99964280
test_17857,0.00003467
test_17858,0.90209820
test_17859,0.68012308
test_17860,0.00137815
test_17861,0.99881523
test_17862,0.99994091
test_17863,0.00137681
test_17864,0.04167133
test_17865,0.99457335
test_17866,0.00013323
test_17867,0.31403558
test_17868,0.07878006
test_17869,0.00031908
test_17870,0.99988163
test_17871,0.91883976
test_17872,0.01397914
test_17873,0.99782000
test_17874,0.00002346
test_17875,0.99995546
test_17876,0.00266793
test_17877,0.01413579
test_17878,0.04741990
test_17879,0.99517543
test_17880,0.00139850
test_17881,0.87690438
test_17882,0.01475720
test_17883,0.97658370
test_17884,0.99682222
test_17885,0.99947362
test_17886,0.00028214
test_17887,0.99996537
test_17888,0.00547607
test_17889,0.99999452
test_17890,0.99972442
test_17891,0.99627742
test_17892,0.99612944
test_17893,0.99968418
test_17894,0.95561887
test_17895,0.02399043
test_17896,0.10278753
test_17897,0.00012706
test_17898,0.99791198
test_17899,0.14180812
test_17900,0.99962035
test_17901,0.00096023
test_17902,0.00585042
test_17903,0.99996835
test_17904,0.99695625
test_17905,0.01939694
test_17906,0.99991562
test_17907,0.98258464
test_17908,0.22075498
test_17909,0.97937503
test_17910,0.00052167
test_17911,0.00397976
test_17912,0.99898261
test_17913,0.96838285
test_17914,0.00703571
test_17915,0.99704501
test_17916,0.00020130
test_17917,0.00011340
test_17918,0.00223876
test_17919,0.02275238
test_17920,0.00721843
test_17921,0.99754607
test_17922,0.98991518
test_17923,0.99161433
test_17924,0.00145478
test_17925,0.02703360
test_17926,0.00293290
test_17927,0.07543269
test_17928,0.99679445
test_17929,0.03349312
test_17930,0.98929357
test_17931,0.99677660
test_17932,0.00059425
test_17933,0.99956683
test_17934,0.00001950
test_17935,0.01092377
test_17936,0.99711232
test_17937,0.02936266
test_17938,0.00093696
test_17939,0.99976221
test_17940,0.99898433
test_17941,0.14574644
test_17942,0.99951009
test_17943,0.99611870
test_17944,0.99938496
test_17945,0.02700809
test_17946,0.95018695
test_17947,0.00515340
test_17948,0.00850761
test_17949,0.39523041
test_17950,0.99984034
test_17951,0.49710475
test_17952,0.01366221
test_17953,0.99744075
test_17954,0.00303441
test_17955,0.00093174
test_17956,0.99521731
test_17957,0.00029059
test_17958,0.00641463
test_17959,0.00004175
test_17960,0.00004362
test_17961,0.69015775
test_17962,0.00095751
test_17963,0.96401697
test_17964,0.96654847
test_17965,0.99944581
test_17966,0.99826395
test_17967,0.99861960
test_17968,0.00818465
test_17969,0.01756848
test_17970,0.00176431
test_17971,0.99998658
test_17972,0.00156706
test_17973,0.99970285
test_17974,0.03188719
test_17975,0.00023329
test_17976,0.96602103
test_17977,0.05334497
test_17978,0.92828015
test_17979,0.99911316
test_17980,0.04778367
test_17981,0.87006833
test_17982,0.99989282
test_17983,0.92117610
test_17984,0.00042042
test_17985,0.08791487
test_17986,0.00076620
test_17987,0.00337017
test_17988,0.98294382
test_17989,0.99998326
test_17990,0.00752866
test_17991,0.99591680
test_17992,0.99699078
test_17993,0.01152408
test_17994,0.00833295
test_17995,0.00666017
test_17996,0.99990073
test_17997,0.00042372
test_17998,0.24639612
test_17999,0.11542438
test_18000,0.91244710
test_18001,0.00011714
test_18002,0.99975261
test_18003,0.99907668
test_18004,0.02575167
test_18005,0.99726772
test_18006,0.86505483
test_18007,0.99485210
test_18008,0.99828142
test_18009,0.99861496
test_18010,0.00052902
test_18011,0.99897707
test_18012,0.00049917
test_18013,0.98435787
test_18014,0.09662499
test_18015,0.00209695
test_18016,0.48616567
test_18017,0.00005290
test_18018,0.31773582
test_18019,0.00043168
test_18020,0.06754450
test_18021,0.49610586
test_18022,0.99987260
test_18023,0.98668949
test_18024,0.18123575
test_18025,0.00488201
test_18026,0.98835419
test_18027,0.00707357
test_18028,0.98184357
test_18029,0.16844848
test_18030,0.99251849
test_18031,0.98560985
test_18032,0.00129097
test_18033,0.99628812
test_18034,0.99885402
test_18035,0.35751910
test_18036,0.98844551
test_18037,0.18100990
test_18038,0.58306499
test_18039,0.97467290
test_18040,0.99996216
test_18041,0.99244894
test_18042,0.99993074
test_18043,0.00950469
test_18044,0.99844930
test_18045,0.00087347
test_18046,0.58393659
test_18047,0.01203171
test_18048,0.07390079
test_18049,0.99967329
test_18050,0.99868171
test_18051,0.00006788
test_18052,0.00187348
test_18053,0.00443420
test_18054,0.36290243
test_18055,0.99265456
test_18056,0.00220927
test_18057,0.37107923
test_18058,0.99941230
test_18059,0.02538245
test_18060,0.88692549
test_18061,0.99963707
test_18062,0.99898074
test_18063,0.02473552
test_18064,0.99741330
test_18065,0.97251444
test_18066,0.37145030
test_18067,0.99799989
test_18068,0.09484216
test_18069,0.97958947
test_18070,0.99993398
test_18071,0.00084665
test_18072,0.08885292
test_18073,0.03769341
test_18074,0.06709626
test_18075,0.99991228
test_18076,0.99861210
test_18077,0.00009283
test_18078,0.99522169
test_18079,0.99652397
test_18080,0.99852455
test_18081,0.99789664
test_18082,0.99258560
test_18083,0.95513100
test_18084,0.99672705
test_18085,0.00892316
test_18086,0.99979306
test_18087,0.00377458
test_18088,0.99849339
test_18089,0.00288420
test_18090,0.00165443
test_18091,0.97931335
test_18092,0.99969487
test_18093,0.05637812
test_18094,0.05886780
test_18095,0.98592443
test_18096,0.90217632
test_18097,0.99993591
test_18098,0.99901689
test_18099,0.99989344
test_18100,0.01568285
test_18101,0.00177088
test_18102,0.99941931
test_18103,0.75753629
test_18104,0.99926098
test_18105,0.99963901
test_18106,0.69162614
test_18107,0.77395414
test_18108,0.01654766
test_18109,0.00057735
test_18110,0.98523800
test_18111,0.42117166
test_18112,0.27501931
test_18113,0.00466333
test_18114,0.68273119
test_18115,0.97541450
test_18116,0.99937739
test_18117,0.00108890
test_18118,0.00109028
test_18119,0.01113092
test_18120,0.00233010
test_18121,0.98715860
test_18122,0.00111063
test_18123,0.99579408
test_18124,0.00115240
test_18125,0.99960197
test_18126,0.99434808
test_18127,0.00437681
test_18128,0.00512912
test_18129,0.00013746
test_18130,0.00030855
test_18131,0.99892118
test_18132,0.00176314
test_18133,0.01621472
test_18134,0.00980957
test_18135,0.02497028
test_18136,0.00241222
test_18137,0.00002703
test_18138,0.00200932
test_18139,0.33714672
test_18140,0.00004102
test_18141,0.02563049
test_18142,0.00005719
test_18143,0.99615820
test_18144,0.00016239
test_18145,0.99482207
test_18146,0.99592841
test_18147,0.00766367
test_18148,0.00431752
test_18149,0.99003314
test_18150,0.99895766
test_18151,0.99591412
test_18152,0.99995997
test_18153,0.00163060
test_18154,0.99984417
test_18155,0.99983091
test_18156,0.01673483
test_18157,0.00196784
test_18158,0.95252018
test_18159,0.24114129
test_18160,0.99534991
test_18161,0.99492663
test_18162,0.02072499
test_18163,0.00004242
test_18164,0.92560605
test_18165,0.25247017
test_18166,0.11203524
test_18167,0.99864722
test_18168,0.99850087
test_18169,0.98766855
test_18170,0.99917527
test_18171,0.98465909
test_18172,0.51234870
test_18173,0.99982507
test_18174,0.99989144
test_18175,0.00386378
test_18176,0.99975070
test_18177,0.99992994
test_18178,0.94505681
test_18179,0.98938990
test_18180,0.01317388
test_18181,0.74129702
test_18182,0.99893290
test_18183,0.98841321
test_18184,0.99324509
test_18185,0.99644496
test_18186,0.00047015
test_18187,0.00010356
test_18188,0.02633934
test_18189,0.13485382
test_18190,0.99997997
test_18191,0.99812065
test_18192,0.99969138
test_18193,0.62728921
test_18194,0.00557256
test_18195,0.99661048
test_18196,0.99635352
test_18197,0.94756476
test_18198,0.00688261
test_18199,0.80404030
test_18200,0.02412309
test_18201,0.97948953
test_18202,0.99398264
test_18203,0.71104942
test_18204,0.99872632
test_18205,0.64683150
test_18206,0.00482810
test_18207,0.75743509
test_18208,0.00379865
test_18209,0.99985632
test_18210,0.99540111
test_18211,0.00414509
test_18212,0.00749171
test_18213,0.02239323
test_18214,0.00154534
test_18215,0.97576818
test_18216,0.00188290
test_18217,0.00076035
test_18218,0.99996365
test_18219,0.00721054
test_18220,0.99989523
test_18221,0.00478978
test_18222,0.00005355
test_18223,0.00726116
test_18224,0.99967934
test_18225,0.99680832
test_18226,0.99961394
test_18227,0.98844295
test_18228,0.99939894
test_18229,0.00726900
test_18230,0.99963556
test_18231,0.98946844
test_18232,0.00221943
test_18233,0.90127892
test_18234,0.03559404
test_18235,0.99322226
test_18236,0.00373181
test_18237,0.03575833
test_18238,0.99865917
test_18239,0.99738335
test_18240,0.28190027
test_18241,0.43542190
test_18242,0.00009484
test_18243,0.00444278
test_18244,0.99995024
test_18245,0.99262227
test_18246,0.99674122
test_18247,0.00484655
test_18248,0.98036259
test_18249,0.00226972
test_18250,0.00868488
test_18251,0.18911111
test_18252,0.99606808
test_18253,0.99979136
test_18254,0.00002899
test_18255,0.00109585
test_18256,0.00005479
test_18257,0.00004090
test_18258,0.99682415
test_18259,0.00437119
test_18260,0.99811357
test_18261,0.99787424
test_18262,0.00746624
test_18263,0.99223837
test_18264,0.00462446
test_18265,0.00381069
test_18266,0.00212109
test_18267,0.99138700
test_18268,0.95218081
test_18269,0.00005482
test_18270,0.99853095
test_18271,0.01492675
test_18272,0.00098428
test_18273,0.00394626
test_18274,0.02407148
test_18275,0.00582005
test_18276,0.00384008
test_18277,0.00036991
test_18278,0.00020230
test_18279,0.99064014
test_18280,0.99834912
test_18281,0.03159416
test_18282,0.44622063
test_18283,0.00524030
test_18284,0.98738391
test_18285,0.99947341
test_18286,0.05958498
test_18287,0.00345563
test_18288,0.00091943
test_18289,0.99805117
test_18290,0.99941831
test_18291,0.03934906
test_18292,0.01280981
test_18293,0.85390370
test_18294,0.97057808
test_18295,0.99956840
test_18296,0.00699353
test_18297,0.00228281
test_18298,0.93834861
test_18299,0.00021529
test_18300,0.75192723
test_18301,0.26110260
test_18302,0.00165665
test_18303,0.00073420
test_18304,0.00023633
test_18305,0.98965225
test_18306,0.00202659
test_18307,0.06766841
test_18308,0.00159467
test_18309,0.99162374
test_18310,0.99995997
test_18311,0.00145017
test_18312,0.00572357
test_18313,0.99990202
test_18314,0.00553776
test_18315,0.03841756
test_18316,0.95091375
test_18317,0.67383217
test_18318,0.99341586
test_18319,0.00234714
test_18320,0.47048859
test_18321,0.00101651
test_18322,0.99771302
test_18323,0.96326105
test_18324,0.96387904
test_18325,0.31496493
test_18326,0.99989641
test_18327,0.00420310
test_18328,0.01067061
test_18329,0.99808429
test_18330,0.00049197
test_18331,0.99995098
test_18332,0.00116630
test_18333,0.00729597
test_18334,0.99063763
test_18335,0.00482794
test_18336,0.00082376
test_18337,0.99961820
test_18338,0.93933201
test_18339,0.00872963
test_18340,0.99952029
test_18341,0.01331495
test_18342,0.00008669
test_18343,0.99988953
test_18344,0.99746164
test_18345,0.00104330
test_18346,0.00075762
test_18347,0.99685693
test_18348,0.00206814
test_18349,0.01952477
test_18350,0.98568323
test_18351,0.00068461
test_18352,0.01680439
test_18353,0.06408785
test_18354,0.35415376
test_18355,0.99545820
test_18356,0.00498888
test_18357,0.99793194
test_18358,0.00055098
test_18359,0.00112483
test_18360,0.99857514
test_18361,0.99967467
test_18362,0.00844299
test_18363,0.99973016
test_18364,0.02067469
test_18365,0.99430521
test_18366,0.99787906
test_18367,0.01128520
test_18368,0.99993655
test_18369,0.99881882
test_18370,0.99975983
test_18371,0.01187100
test_18372,0.98006139
test_18373,0.03107243
test_18374,0.99174895
test_18375,0.99970739
test_18376,0.21217314
test_18377,0.99587189
test_18378,0.13516569
test_18379,0.99836144
test_18380,0.02960811
test_18381,0.99935843
test_18382,0.46814829
test_18383,0.99947891
test_18384,0.20436132
test_18385,0.99057566
test_18386,0.99981504
test_18387,0.01156640
test_18388,0.99520735
test_18389,0.99738184
test_18390,0.99912023
test_18391,0.00072813
test_18392,0.86142932
test_18393,0.80760296
test_18394,0.00144913
test_18395,0.00170393
test_18396,0.04599969
test_18397,0.99970790
test_18398,0.99053788
test_18399,0.99716785
test_18400,0.05513375
test_18401,0.99333314
test_18402,0.96386779
test_18403,0.98680941
test_18404,0.99166787
test_18405,0.00355794
test_18406,0.98430284
test_18407,0.99567400
test_18408,0.99696114
test_18409,0.00007624
test_18410,0.99998239
test_18411,0.99790146
test_18412,0.99680316
test_18413,0.99861130
test_18414,0.02879681
test_18415,0.00000775
test_18416,0.99813636
test_18417,0.00022560
test_18418,0.94911665
test_18419,0.99976753
test_18420,0.37442076
test_18421,0.01303203
test_18422,0.99750098
test_18423,0.96633075
test_18424,0.99990671
test_18425,0.14416958
test_18426,0.99996868
test_18427,0.99738537
test_18428,0.00142308
test_18429,0.00024142
test_18430,0.99765158
test_18431,0.99992205
test_18432,0.00084486
test_18433,0.99894718
test_18434,0.99198895
test_18435,0.99979652
test_18436,0.99780699
test_18437,0.22999426
test_18438,0.00043670
test_18439,0.98579753
test_18440,0.04335161
test_18441,0.98935961
test_18442,0.99952215
test_18443,0.04487245
test_18444,0.00070292
test_18445,0.99713057
test_18446,0.97698284
test_18447,0.02453756
test_18448,0.03932265
test_18449,0.00005742
test_18450,0.86104999
test_18451,0.11871372
test_18452,0.09839825
test_18453,0.99501493
test_18454,0.00028917
test_18455,0.99929499
test_18456,0.99959740
test_18457,0.00820271
test_18458,0.99945520
test_18459,0.96585210
test_18460,0.99928960
test_18461,0.99532240
test_18462,0.99791459
test_18463,0.96077374
test_18464,0.99786110
test_18465,0.00134955
test_18466,0.99191902
test_18467,0.01426781
test_18468,0.04081987
test_18469,0.06132157
test_18470,0.94821900
test_18471,0.99791631
test_18472,0.00062324
test_18473,0.99979288
test_18474,0.23305005
test_18475,0.04852238
test_18476,0.99999368
test_18477,0.00038336
test_18478,0.00107841
test_18479,0.99886153
test_18480,0.74435858
test_18481,0.15576891
test_18482,0.00140877
test_18483,0.99997297
test_18484,0.96984388
test_18485,0.99888457
test_18486,0.11700897
test_18487,0.70155901
test_18488,0.61178341
test_18489,0.11849560
test_18490,0.99449787
test_18491,0.00073907
test_18492,0.00983249
test_18493,0.03399636
test_18494,0.02072263
test_18495,0.99754375
test_18496,0.63751242
test_18497,0.99564942
test_18498,0.99986143
test_18499,0.00255755
test_18500,0.02571836
test_18501,0.99650442
test_18502,0.99226845
test_18503,0.00505760
test_18504,0.86555353
test_18505,0.00609362
test_18506,0.99978104
test_18507,0.99884279
test_18508,0.00220000
test_18509,0.99970594
test_18510,0.98747322
test_18511,0.00078856
test_18512,0.99841584
test_18513,0.00123628
test_18514,0.95111605
test_18515,0.02535942
test_18516,0.99670592
test_18517,0.99041082
test_18518,0.49795234
test_18519,0.99895363
test_18520,0.00639180
test_18521,0.58704829
test_18522,0.00053581
test_18523,0.54022301
test_18524,0.00622167
test_18525,0.09491316
test_18526,0.83595488
test_18527,0.00172301
test_18528,0.01611689
test_18529,0.99974271
test_18530,0.99980071
test_18531,0.99884945
test_18532,0.00025103
test_18533,0.99769458
test_18534,0.00007756
test_18535,0.01731659
test_18536,0.97540228
test_18537,0.92037641
test_18538,0.97755769
test_18539,0.02260565
test_18540,0.30913564
test_18541,0.48354194
test_18542,0.00442625
test_18543,0.99959854
test_18544,0.60520207
test_18545,0.99852739
test_18546,0.98949322
test_18547,0.99645389
test_18548,0.99950779
test_18549,0.96433746
test_18550,0.99392380
test_18551,0.99790440
test_18552,0.00914470
test_18553,0.09203549
test_18554,0.99858482
test_18555,0.99855006
test_18556,0.99197051
test_18557,0.02586517
test_18558,0.97274763
test_18559,0.99928612
test_18560,0.00005985
test_18561,0.13462248
test_18562,0.92981890
test_18563,0.99989392
test_18564,0.00035214
test_18565,0.99203353
test_18566,0.00495236
test_18567,0.88868946
test_18568,0.96867068
test_18569,0.96096825
test_18570,0.00411539
test_18571,0.00161564
test_18572,0.01903592
test_18573,0.97634265
test_18574,0.99315034
test_18575,0.00000448
test_18576,0.00098915
test_18577,0.00580696
test_18578,0.99152335
test_18579,0.99985943
test_18580,0.00418664
test_18581,0.00001789
test_18582,0.99913540
test_18583,0.01110506
test_18584,0.01077655
test_18585,0.00335649
test_18586,0.99931327
test_18587,0.94858897
test_18588,0.99907744
test_18589,0.00089214
test_18590,0.99454798
test_18591,0.01087341
test_18592,0.00001613
test_18593,0.00660491
test_18594,0.00318299
test_18595,0.99840787
test_18596,0.99208011
test_18597,0.99910082
test_18598,0.99985143
test_18599,0.99981575
test_18600,0.99687967
test_18601,0.99284858
test_18602,0.99966772
test_18603,0.95893141
test_18604,0.02840481
test_18605,0.00032594
test_18606,0.99516478
test_18607,0.95068438
test_18608,0.00261075
test_18609,0.00204574
test_18610,0.00303660
test_18611,0.99562289
test_18612,0.99985760
test_18613,0.79289523
test_18614,0.00009389
test_18615,0.99982253
test_18616,0.00046188
test_18617,0.99973297
test_18618,0.05707092
test_18619,0.99856082
test_18620,0.99998658
test_18621,0.89651500
test_18622,0.00170803
test_18623,0.99467366
test_18624,0.00280029
test_18625,0.99421719
test_18626,0.00286271
test_18627,0.88830886
test_18628,0.00194232
test_18629,0.84087542
test_18630,0.99972091
test_18631,0.00116162
test_18632,0.28423973
test_18633,0.00020559
test_18634,0.99990202
test_18635,0.99604830
test_18636,0.00026286
test_18637,0.99931638
test_18638,0.02094296
test_18639,0.98552977
test_18640,0.99999106
test_18641,0.17688425
test_18642,0.00089516
test_18643,0.00277673
test_18644,0.00609454
test_18645,0.00617064
test_18646,0.92584083
test_18647,0.01711141
test_18648,0.99986698
test_18649,0.00256787
test_18650,0.00147305
test_18651,0.97728147
test_18652,0.00414048
test_18653,0.00042481
test_18654,0.00516539
test_18655,0.06221336
test_18656,0.12118227
test_18657,0.00150033
test_18658,0.00155399
test_18659,0.99748424
test_18660,0.98606473
test_18661,0.00063360
test_18662,0.00008486
test_18663,0.72296628
test_18664,0.99842750
test_18665,0.00106854
test_18666,0.12446753
test_18667,0.99859289
test_18668,0.99817124
test_18669,0.97451233
test_18670,0.00537193
test_18671,0.00067226
test_18672,0.00644046
test_18673,0.99713033
test_18674,0.40052146
test_18675,0.00116163
test_18676,0.99102053
test_18677,0.01077255
test_18678,0.00019576
test_18679,0.99685071
test_18680,0.99274727
test_18681,0.91255539
test_18682,0.99728103
test_18683,0.99937363
test_18684,0.99729509
test_18685,0.97208809
test_18686,0.77931468
test_18687,0.99377168
test_18688,0.00080253
test_18689,0.99827772
test_18690,0.98899873
test_18691,0.99539487
test_18692,0.00040302
test_18693,0.99735325
test_18694,0.02247921
test_18695,0.99970892
test_18696,0.98766951
test_18697,0.01094910
test_18698,0.14873535
test_18699,0.41132200
test_18700,0.94300686
test_18701,0.81325666
test_18702,0.16228286
test_18703,0.00088109
test_18704,0.94710762
test_18705,0.00450558
test_18706,0.99682370
test_18707,0.00056836
test_18708,0.00019770
test_18709,0.99957548
test_18710,0.95156773
test_18711,0.98156078
test_18712,0.02418518
test_18713,0.99998387
test_18714,0.00256694
test_18715,0.99942384
test_18716,0.99973282
test_18717,0.00518612
test_18718,0.22859550
test_18719,0.99893503
test_18720,0.00230096
test_18721,0.59373246
test_18722,0.98566684
test_18723,0.00049143
test_18724,0.99959728
test_18725,0.99988810
test_18726,0.99911954
test_18727,0.99755385
test_18728,0.97905990
test_18729,0.91469543
test_18730,0.04529160
test_18731,0.99981833
test_18732,0.00002074
test_18733,0.99988380
test_18734,0.71035122
test_18735,0.00045828
test_18736,0.99974392
test_18737,0.99639910
test_18738,0.00002491
test_18739,0.67078506
test_18740,0.01067471
test_18741,0.00021023
test_18742,0.02124289
test_18743,0.99983199
test_18744,0.98692718
test_18745,0.99754489
test_18746,0.99899614
test_18747,0.01617882
test_18748,0.99969660
test_18749,0.99983009
test_18750,0.01216393
test_18751,0.12934365
test_18752,0.00335321
test_18753,0.99990171
test_18754,0.98065051
test_18755,0.94243819
test_18756,0.55378292
test_18757,0.00474171
test_18758,0.00127726
test_18759,0.99976334
test_18760,0.08295045
test_18761,0.32970966
test_18762,0.99843299
test_18763,0.99687477
test_18764,0.99964114
test_18765,0.00209562
test_18766,0.00078141
test_18767,0.99890671
test_18768,0.12728001
test_18769,0.01793426
test_18770,0.96748399
test_18771,0.00068376
test_18772,0.00035590
test_18773,0.49090256
test_18774,0.00245217
test_18775,0.00347126
test_18776,0.01287484
test_18777,0.01085529
test_18778,0.99519666
test_18779,0.52203494
test_18780,0.95048934
test_18781,0.02565355
test_18782,0.99954527
test_18783,0.02055105
test_18784,0.00061496
test_18785,0.60837616
test_18786,0.00149452
test_18787,0.99900998
test_18788,0.99922222
test_18789,0.00021624
test_18790,0.00032220
test_18791,0.02044450
test_18792,0.98646238
test_18793,0.00000707
test_18794,0.99975463
test_18795,0.02454780
test_18796,0.99841335
test_18797,0.99959013
test_18798,0.00999166
test_18799,0.99934708
test_18800,0.82794631
test_18801,0.06764457
test_18802,0.99054457
test_18803,0.14870962
test_18804,0.00076492
test_18805,0.00152735
test_18806,0.99928758
test_18807,0.01431337
test_18808,0.01657016
test_18809,0.00005066
test_18810,0.00028606
test_18811,0.66659610
test_18812,0.00115326
test_18813,0.99980250
test_18814,0.89925758
test_18815,0.21942374
test_18816,0.99876173
test_18817,0.00074594
test_18818,0.04232478
test_18819,0.97789203
test_18820,0.99618310
test_18821,0.99897878
test_18822,0.98446385
test_18823,0.99995420
test_18824,0.00001416
test_18825,0.01330257
test_18826,0.00109229
test_18827,0.00005174
test_18828,0.00028138
test_18829,0.00170397
test_18830,0.00070271
test_18831,0.99720904
test_18832,0.29232772
test_18833,0.00804519
test_18834,0.99833764
test_18835,0.99715316
test_18836,0.99092556
test_18837,0.99782262
test_18838,0.00145853
test_18839,0.98941686
test_18840,0.90472330
test_18841,0.00147670
test_18842,0.00238238
test_18843,0.99766844
test_18844,0.00006708
test_18845,0.99963218
test_18846,0.98757347
test_18847,0.06547561
test_18848,0.20091914
test_18849,0.99954868
test_18850,0.87566906
test_18851,0.99592630
test_18852,0.00003663
test_18853,0.01575445
test_18854,0.64346682
test_18855,0.00026418
test_18856,0.11430017
test_18857,0.00004362
test_18858,0.79266081
test_18859,0.08115204
test_18860,0.99618356
test_18861,0.01374462
test_18862,0.00390840
test_18863,0.05521303
test_18864,0.99950985
test_18865,0.00002703
test_18866,0.00557495
test_18867,0.99985874
test_18868,0.00068936
test_18869,0.76071812
test_18870,0.99982657
test_18871,0.00060031
test_18872,0.98407712
test_18873,0.02820964
test_18874,0.00237404
test_18875,0.02021831
test_18876,0.99696856
test_18877,0.00215105
test_18878,0.99476681
test_18879,0.00263624
test_18880,0.99977438
test_18881,0.99987524
test_18882,0.00001549
test_18883,0.18331194
test_18884,0.84220995
test_18885,0.03081051
test_18886,0.93552451
test_18887,0.76633840
test_18888,0.06006207
test_18889,0.00181175
test_18890,0.01673226
test_18891,0.00063459
test_18892,0.99996163
test_18893,0.90800129
test_18894,0.99986231
test_18895,0.98574945
test_18896,0.99828473
test_18897,0.99670910
test_18898,0.96354962
test_18899,0.70864061
test_18900,0.01763645
test_18901,0.99963578
test_18902,0.99907905
test_18903,0.00121457
test_18904,0.13845798
test_18905,0.05823562
test_18906,0.00255321
test_18907,0.00010307
test_18908,0.87817606
test_18909,0.99230282
test_18910,0.00024260
test_18911,0.06703915
test_18912,0.98146598
test_18913,0.00280956
test_18914,0.00213115
test_18915,0.35822762
test_18916,0.00016309
test_18917,0.03080819
test_18918,0.99998357
test_18919,0.99997926
test_18920,0.00007489
test_18921,0.99957497
test_18922,0.00020473
test_18923,0.98257272
test_18924,0.00361441
test_18925,0.00534862
test_18926,0.00840258
test_18927,0.81827277
test_18928,0.00057543
test_18929,0.03534401
test_18930,0.99923079
test_18931,0.99979872
test_18932,0.04794420
test_18933,0.03634593
test_18934,0.99981748
test_18935,0.07216681
test_18936,0.00034623
test_18937,0.99853115
test_18938,0.00010955
test_18939,0.01323746
test_18940,0.00306216
test_18941,0.99973926
test_18942,0.00094140
test_18943,0.00029203
test_18944,0.00916891
test_18945,0.99983469
test_18946,0.09338118
test_18947,0.99997316
test_18948,0.84633367
test_18949,0.99558739
test_18950,0.02339820
test_18951,0.00021639
test_18952,0.86021365
test_18953,0.80314532
test_18954,0.99982239
test_18955,0.00192207
test_18956,0.01211583
test_18957,0.99904304
test_18958,0.99943896
test_18959,0.00117038
test_18960,0.30329229
test_18961,0.37611378
test_18962,0.00016733
test_18963,0.00045499
test_18964,0.00580987
test_18965,0.01121441
test_18966,0.72468280
test_18967,0.99997878
test_18968,0.99165408
test_18969,0.99901087
test_18970,0.00025985
test_18971,0.99994999
test_18972,0.00568976
test_18973,0.99848604
test_18974,0.99996242
test_18975,0.99127228
test_18976,0.99001382
test_18977,0.99929376
test_18978,0.97313971
test_18979,0.99988153
test_18980,0.99889341
test_18981,0.06613488
test_18982,0.00267388
test_18983,0.99937994
test_18984,0.99693262
test_18985,0.06733510
test_18986,0.81416076
test_18987,0.99592237
test_18988,0.44786748
test_18989,0.99984006
test_18990,0.99640796
test_18991,0.99767911
test_18992,0.00185791
test_18993,0.99991338
test_18994,0.92858160
test_18995,0.99997297
test_18996,0.00003744
test_18997,0.00710482
test_18998,0.99133457
test_18999,0.00590314
test_19000,0.98503475
test_19001,0.00061989
test_19002,0.00247268
test_19003,0.00106844
test_19004,0.89642600
test_19005,0.00737638
test_19006,0.99955049
test_19007,0.00605468
test_19008,0.00985929
test_19009,0.00030277
test_19010,0.36446877
test_19011,0.99970826
test_19012,0.00044941
test_19013,0.00335121
test_19014,0.99905678
test_19015,0.01302340
test_19016,0.99953831
test_19017,0.02176428
test_19018,0.02437046
test_19019,0.99980951
test_19020,0.00871724
test_19021,0.00010290
test_19022,0.52565863
test_19023,0.00525687
test_19024,0.95611466
test_19025,0.99598362
test_19026,0.95999381
test_19027,0.02918475
test_19028,0.13090004
test_19029,0.99923138
test_19030,0.00004305
test_19031,0.99992969
test_19032,0.03783560
test_19033,0.99980759
test_19034,0.98045267
test_19035,0.00019735
test_19036,0.61317578
test_19037,0.99916962
test_19038,0.00029617
test_19039,0.00092271
test_19040,0.99795719
test_19041,0.95491535
test_19042,0.99998951
test_19043,0.92325735
test_19044,0.32023345
test_19045,0.00007688
test_19046,0.99991937
test_19047,0.99322458
test_19048,0.99891215
test_19049,0.99907670
test_19050,0.98414217
test_19051,0.00175774
test_19052,0.50000000
test_19053,0.89192768
test_19054,0.00074942
test_19055,0.99950671
test_19056,0.32981903
test_19057,0.99905185
test_19058,0.01631845
test_19059,0.00129361
test_19060,0.00089136
test_19061,0.93256087
test_19062,0.54645002
test_19063,0.91759191
test_19064,0.00049157
test_19065,0.02366323
test_19066,0.00089200
test_19067,0.99889213
test_19068,0.99017822
test_19069,0.00483262
test_19070,0.85588208
test_19071,0.02225147
test_19072,0.00372821
test_19073,0.99997530
test_19074,0.98401923
test_19075,0.99592363
test_19076,0.99981171
test_19077,0.00464914
test_19078,0.00107491
test_19079,0.63454952
test_19080,0.00149861
test_19081,0.99958704
test_19082,0.38388506
test_19083,0.87127452
test_19084,0.99065076
test_19085,0.00664431
test_19086,0.00555957
test_19087,0.02191052
test_19088,0.00257642
test_19089,0.91288106
test_19090,0.00047111
test_19091,0.99933640
test_19092,0.96369198
test_19093,0.00187624
test_19094,0.00141272
test_19095,0.00023935
test_19096,0.99998999
test_19097,0.12008908
test_19098,0.16145924
test_19099,0.99854211
test_19100,0.00590063
test_19101,0.99978009
test_19102,0.00010593
test_19103,0.00444906
test_19104,0.00328714
test_19105,0.96850125
test_19106,0.01706258
test_19107,0.99995637
test_19108,0.00422316
test_19109,0.00006502
test_19110,0.00474888
test_19111,0.00003034
test_19112,0.99885068
test_19113,0.03041835
test_19114,0.02893234
test_19115,0.00105255
test_19116,0.99265068
test_19117,0.00070413
test_19118,0.00074747
test_19119,0.19230574
test_19120,0.00788192
test_19121,0.92773975
test_19122,0.99562736
test_19123,0.99984942
test_19124,0.00218946
test_19125,0.99478655
test_19126,0.65842984
test_19127,0.13532798
test_19128,0.62404220
test_19129,0.00006655
test_19130,0.99982296
test_19131,0.95846191
test_19132,0.02979062
test_19133,0.00039182
test_19134,0.67390557
test_19135,0.00056947
test_19136,0.99633108
test_19137,0.99453581
test_19138,0.00017609
test_19139,0.03717842
test_19140,0.99685962
test_19141,0.00405319
test_19142,0.99815278
test_19143,0.00028980
test_19144,0.99194352
test_19145,0.99876949
test_19146,0.99952544
test_19147,0.99988246
test_19148,0.99467374
test_19149,0.99677801
test_19150,0.26516234
test_19151,0.00021971
test_19152,0.99880953
test_19153,0.41421235
test_19154,0.01399401
test_19155,0.99852590
test_19156,0.37952695
test_19157,0.99966642
test_19158,0.99392117
test_19159,0.99929477
test_19160,0.00037121
test_19161,0.03790288
test_19162,0.00012740
test_19163,0.99755052
test_19164,0.03687160
test_19165,0.02346028
test_19166,0.99921057
test_19167,0.99230314
test_19168,0.98553583
test_19169,0.00000316
test_19170,0.99994211
test_19171,0.99893439
test_19172,0.99234566
test_19173,0.95298207
test_19174,0.95110616
test_19175,0.02044100
test_19176,0.01672887
test_19177,0.98470135
test_19178,0.99527533
test_19179,0.07201883
test_19180,0.00015421
test_19181,0.58247088
test_19182,0.00006934
test_19183,0.99819745
test_19184,0.96751787
test_19185,0.98539607
test_19186,0.97871584
test_19187,0.99327657
test_19188,0.99470360
test_19189,0.98968986
test_19190,0.99633393
test_19191,0.00072436
test_19192,0.95253867
test_19193,0.04753783
test_19194,0.00062152
test_19195,0.00011714
test_19196,0.96120328
test_19197,0.00123548
test_19198,0.99073353
test_19199,0.01459094
test_19200,0.99920404
test_19201,0.99943692
test_19202,0.99178741
test_19203,0.99995861
test_19204,0.86552333
test_19205,0.00548704
test_19206,0.99708640
test_19207,0.00300218
test_19208,0.99994897
test_19209,0.99846205
test_19210,0.00514130
test_19211,0.00078059
test_19212,0.99924393
test_19213,0.91885015
test_19214,0.00151477
test_19215,0.00187013
test_19216,0.07808164
test_19217,0.99959650
test_19218,0.00348730
test_19219,0.16833672
test_19220,0.31854428
test_19221,0.81444681
test_19222,0.81235172
test_19223,0.99969776
test_19224,0.00008491
test_19225,0.00053890
test_19226,0.99924031
test_19227,0.01663557
test_19228,0.99993515
test_19229,0.00000707
test_19230,0.00814128
test_19231,0.62544788
test_19232,0.97361016
test_19233,0.99843794
test_19234,0.00114770
test_19235,0.01112608
test_19236,0.00817651
test_19237,0.00002238
test_19238,0.02068328
test_19239,0.01352460
test_19240,0.99904019
test_19241,0.95977483
test_19242,0.88189991
test_19243,0.17643479
test_19244,0.99874005
test_19245,0.99361135
test_19246,0.99749030
test_19247,0.00039200
test_19248,0.99986342
test_19249,0.00118568
test_19250,0.99944544
test_19251,0.99881532
test_19252,0.00067292
test_19253,0.00197612
test_19254,0.99696127
test_19255,0.63224897
test_19256,0.99480749
test_19257,0.00097594
test_19258,0.01041885
test_19259,0.00050942
test_19260,0.12887006
test_19261,0.99468482
test_19262,0.99798886
test_19263,0.00545157
test_19264,0.01472488
test_19265,0.97020911
test_19266,0.03360099
test_19267,0.98391739
test_19268,0.99641330
test_19269,0.04386181
test_19270,0.00160732
test_19271,0.00008132
test_19272,0.99967253
test_19273,0.99850548
test_19274,0.00092500
test_19275,0.11146144
test_19276,0.99624301
test_19277,0.00086699
test_19278,0.00009545
test_19279,0.48816913
test_19280,0.99426250
test_19281,0.64896035
test_19282,0.00077245
test_19283,0.02383330
test_19284,0.92916885
test_19285,0.07474203
test_19286,0.00018258
test_19287,0.99855352
test_19288,0.22949305
test_19289,0.00001095
test_19290,0.99997741
test_19291,0.00290521
test_19292,0.05089681
test_19293,0.01074589
test_19294,0.99960294
test_19295,0.99932732
test_19296,0.99670457
test_19297,0.00036278
test_19298,0.99791785
test_19299,0.32366375
test_19300,0.00011970
test_19301,0.56262733
test_19302,0.99983380
test_19303,0.99988879
test_19304,0.99981795
test_19305,0.17507007
test_19306,0.99997083
test_19307,0.99969317
test_19308,0.99431175
test_19309,0.14923287
test_19310,0.00046762
test_19311,0.00003580
test_19312,0.09654103
test_19313,0.00971429
test_19314,0.01603118
test_19315,0.99935234
test_19316,0.99746782
test_19317,0.00232633
test_19318,0.96113670
test_19319,0.00341068
test_19320,0.98127940
test_19321,0.00149094
test_19322,0.00254647
test_19323,0.99852970
test_19324,0.00104067
test_19325,0.00006088
test_19326,0.00062956
test_19327,0.99842496
test_19328,0.00018001
test_19329,0.02361874
test_19330,0.98157028
test_19331,0.02655999
test_19332,0.99696152
test_19333,0.00007067
test_19334,0.00036730
test_19335,0.00053867
test_19336,0.00151446
test_19337,0.09505041
test_19338,0.99638998
test_19339,0.00532518
test_19340,0.99970608
test_19341,0.00965960
test_19342,0.99568894
test_19343,0.99884239
test_19344,0.01283952
test_19345,0.99981277
test_19346,0.31484368
test_19347,0.01217311
test_19348,0.01560129
test_19349,0.01072499
test_19350,0.00074135
test_19351,0.00066041
test_19352,0.99701822
test_19353,0.00357740
test_19354,0.99992820
test_19355,0.02495023
test_19356,0.16049917
test_19357,0.71635237
test_19358,0.98572563
test_19359,0.92555633
test_19360,0.03305256
test_19361,0.00738984
test_19362,0.00027522
test_19363,0.02246422
test_19364,0.99928731
test_19365,0.23681836
test_19366,0.33202362
test_19367,0.98201616
test_19368,0.99718578
test_19369,0.78762956
test_19370,0.01096466
test_19371,0.00194565
test_19372,0.00460671
test_19373,0.40780928
test_19374,0.99981306
test_19375,0.04511584
test_19376,0.99980381
test_19377,0.99993831
test_19378,0.99543646
test_19379,0.08419099
test_19380,0.99995188
test_19381,0.92532688
test_19382,0.00001183
test_19383,0.99968431
test_19384,0.99997741
test_19385,0.99819893
test_19386,0.28534890
test_19387,0.57688653
test_19388,0.99876294
test_19389,0.72881582
test_19390,0.99977275
test_19391,0.98107116
test_19392,0.00139109
test_19393,0.96648706
test_19394,0.99903669
test_19395,0.00055337
test_19396,0.94955720
test_19397,0.07763998
test_19398,0.03602931
test_19399,0.44126874
test_19400,0.00164022
test_19401,0.99519054
test_19402,0.00136490
test_19403,0.00339606
test_19404,0.00117410
test_19405,0.91482091
test_19406,0.99991443
test_19407,0.00036512
test_19408,0.84142848
test_19409,0.01200781
test_19410,0.02423244
test_19411,0.00002721
test_19412,0.00255988
test_19413,0.99531196
test_19414,0.00109624
test_19415,0.43685017
test_19416,0.99821505
test_19417,0.01084768
test_19418,0.00009165
test_19419,0.90114566
test_19420,0.00718805
test_19421,0.99122592
test_19422,0.99993429
test_19423,0.96165075
test_19424,0.01335429
test_19425,0.00018976
test_19426,0.00233145
test_19427,0.00022736
test_19428,0.99668427
test_19429,0.99715515
test_19430,0.57993323
test_19431,0.99997762
test_19432,0.99617181
test_19433,0.00033026
test_19434,0.99365013
test_19435,0.99998586
test_19436,0.99807242
test_19437,0.99800337
test_19438,0.00568974
test_19439,0.14132221
test_19440,0.11207734
test_19441,0.99858882
test_19442,0.60721031
test_19443,0.00204730
test_19444,0.00350043
test_19445,0.00064200
test_19446,0.99899903
test_19447,0.00134134
test_19448,0.99031425
test_19449,0.99885115
test_19450,0.99800778
test_19451,0.99152370
test_19452,0.99989508
test_19453,0.96265541
test_19454,0.99665823
test_19455,0.00259143
test_19456,0.00115424
test_19457,0.99960494
test_19458,0.99851999
test_19459,0.99998419
test_19460,0.00168675
test_19461,0.00058673
test_19462,0.83733108
test_19463,0.00240026
test_19464,0.00937159
test_19465,0.01575217
test_19466,0.49169643
test_19467,0.96790681
test_19468,0.99748593
test_19469,0.99926992
test_19470,0.00216728
test_19471,0.00008768
test_19472,0.99996150
test_19473,0.99991515
test_19474,0.97936468
test_19475,0.99915081
test_19476,0.99701297
test_19477,0.00393201
test_19478,0.00615994
test_19479,0.99998451
test_19480,0.99976161
test_19481,0.99946842
test_19482,0.00423282
test_19483,0.99976332
test_19484,0.97070025
test_19485,0.99759105
test_19486,0.00742787
test_19487,0.95425622
test_19488,0.99644476
test_19489,0.72579694
test_19490,0.00886278
test_19491,0.86649661
test_19492,0.00199825
test_19493,0.99995435
test_19494,0.08825568
test_19495,0.98827478
test_19496,0.99769111
test_19497,0.00043150
test_19498,0.98812992
test_19499,0.96767951
test_19500,0.00010350
test_19501,0.97022957
test_19502,0.00063089
test_19503,0.43173067
test_19504,0.00486754
test_19505,0.99934330
test_19506,0.75215968
test_19507,0.99716767
test_19508,0.99971009
test_19509,0.99596325
test_19510,0.99992483
test_19511,0.83680608
test_19512,0.99936194
test_19513,0.89735943
test_19514,0.99437142
test_19515,0.00224054
test_19516,0.98945282
test_19517,0.01677648
test_19518,0.96356522
test_19519,0.99447442
test_19520,0.50411315
test_19521,0.99994954
test_19522,0.03657309
test_19523,0.03293162
test_19524,0.12417264
test_19525,0.00369693
test_19526,0.02579255
test_19527,0.99105274
test_19528,0.00091115
test_19529,0.41125659
test_19530,0.00305953
test_19531,0.00173032
test_19532,0.98585473
test_19533,0.01132494
test_19534,0.99792971
test_19535,0.01677528
test_19536,0.86330290
test_19537,0.00054798
test_19538,0.99579575
test_19539,0.99991389
test_19540,0.01951018
test_19541,0.98113093
test_19542,0.98253297
test_19543,0.00093955
test_19544,0.99948840
test_19545,0.98933928
test_19546,0.99969582
test_19547,0.00232858
test_19548,0.99964895
test_19549,0.00025310
test_19550,0.00022601
test_19551,0.99304184
test_19552,0.99799191
test_19553,0.00351131
test_19554,0.01786282
test_19555,0.99364694
test_19556,0.03780064
test_19557,0.00707903
test_19558,0.00307910
test_19559,0.06247278
test_19560,0.99995098
test_19561,0.99982451
test_19562,0.99899440
test_19563,0.99921034
test_19564,0.00179170
test_19565,0.64495096
test_19566,0.01826465
test_19567,0.98536143
test_19568,0.73498442
test_19569,0.12733404
test_19570,0.98936732
test_19571,0.98723217
test_19572,0.99884044
test_19573,0.98943868
test_19574,0.00039197
test_19575,0.00031561
test_19576,0.99884210
test_19577,0.98334236
test_19578,0.99711950
test_19579,0.02169916
test_19580,0.00027675
test_19581,0.56402062
test_19582,0.98561752
test_19583,0.00005295
test_19584,0.00029801
test_19585,0.94593462
test_19586,0.99901485
test_19587,0.01105431
test_19588,0.99575639
test_19589,0.00003744
test_19590,0.99653903
test_19591,0.99548597
test_19592,0.99613575
test_19593,0.96774168
test_19594,0.00214026
test_19595,0.00013165
test_19596,0.99798296
test_19597,0.00057840
test_19598,0.01453803
test_19599,0.99989605
test_19600,0.00303957
test_19601,0.00121807
test_19602,0.00066975
test_19603,0.99694047
test_19604,0.99811391
test_19605,0.00125263
test_19606,0.99957348
test_19607,0.00120439
test_19608,0.00196762
test_19609,0.03998294
test_19610,0.99702193
test_19611,0.99793460
test_19612,0.01959709
test_19613,0.99967166
test_19614,0.03541321
test_19615,0.98999285
test_19616,0.01058043
test_19617,0.03816975
test_19618,0.84303525
test_19619,0.99689075
test_19620,0.17359754
test_19621,0.00033259
test_19622,0.00408711
test_19623,0.01002103
test_19624,0.02471891
test_19625,0.99798626
test_19626,0.00002647
test_19627,0.00683440
test_19628,0.99992254
test_19629,0.02328637
test_19630,0.99812779
test_19631,0.99192137
test_19632,0.99417651
test_19633,0.99826034
test_19634,0.98991605
test_19635,0.99521815
test_19636,0.99114903
test_19637,0.92181150
test_19638,0.99971824
test_19639,0.78572113
test_19640,0.00049447
test_19641,0.26174103
test_19642,0.00111360
test_19643,0.00006409
test_19644,0.00023355
test_19645,0.19926955
test_19646,0.03324386
test_19647,0.99991876
test_19648,0.00478727
test_19649,0.97652548
test_19650,0.00054479
test_19651,0.00006044
test_19652,0.00004175
test_19653,0.63778625
test_19654,0.00080149
test_19655,0.00218201
test_19656,0.04544159
test_19657,0.00304607
test_19658,0.00636084
test_19659,0.96178010
test_19660,0.99728595
test_19661,0.00099945
test_19662,0.83111697
test_19663,0.01409373
test_19664,0.67068821
test_19665,0.99755003
test_19666,0.99986143
test_19667,0.98424032
test_19668,0.00004586
test_19669,0.00191580
test_19670,0.99731054
test_19671,0.29684618
test_19672,0.99949160
test_19673,0.02731137
test_19674,0.00072369
test_19675,0.99065055
test_19676,0.99996852
test_19677,0.99889853
test_19678,0.00078421
test_19679,0.96992512
test_19680,0.97348343
test_19681,0.64795839
test_19682,0.00014056
test_19683,0.99910996
test_19684,0.02283778
test_19685,0.99994521
test_19686,0.97978839
test_19687,0.00002589
test_19688,0.98667442
test_19689,0.99999452
test_19690,0.13534209
test_19691,0.99391066
test_19692,0.91090615
test_19693,0.72815959
test_19694,0.99651450
test_19695,0.92915446
test_19696,0.99160309
test_19697,0.03958393
test_19698,0.99497631
test_19699,0.99995874
test_19700,0.03282431
test_19701,0.00280618
test_19702,0.00243574
test_19703,0.00000316
test_19704,0.96414514
test_19705,0.00105500
test_19706,0.00048085
test_19707,0.99930443
test_19708,0.99039895
test_19709,0.00002450
test_19710,0.99994084
test_19711,0.00206197
test_19712,0.98461499
test_19713,0.99785676
test_19714,0.00087313
test_19715,0.00734270
test_19716,0.00023877
test_19717,0.99871710
test_19718,0.99270035
test_19719,0.99955528
test_19720,0.99836544
test_19721,0.85580524
test_19722,0.00009019
test_19723,0.99830200
test_19724,0.00787462
test_19725,0.99836565
test_19726,0.99994664
test_19727,0.02896700
test_19728,0.99610862
test_19729,0.07974142
test_19730,0.02081278
test_19731,0.00480538
test_19732,0.99999225
test_19733,0.27472941
test_19734,0.99858882
test_19735,0.97455488
test_19736,0.98706674
test_19737,0.61677622
test_19738,0.90699145
test_19739,0.00115034
test_19740,0.99931085
test_19741,0.99857497
test_19742,0.00285437
test_19743,0.00020865
test_19744,0.99892804
test_19745,0.99682366
test_19746,0.00055643
test_19747,0.96621484
test_19748,0.00001095
test_19749,0.56618771
test_19750,0.99982417
test_19751,0.01800134
test_19752,0.99967126
test_19753,0.00089552
test_19754,0.09672117
test_19755,0.98517042
test_19756,0.98446018
test_19757,0.99462079
test_19758,0.00190750
test_19759,0.99915997
test_19760,0.97151089
test_19761,0.00034344
test_19762,0.00048538
test_19763,0.10815437
test_19764,0.58659525
test_19765,0.99939339
test_19766,0.00001416
test_19767,0.00018934
test_19768,0.00370455
test_19769,0.02312775
test_19770,0.00535652
test_19771,0.99929100
test_19772,0.99889251
test_19773,0.00005383
test_19774,0.00016788
test_19775,0.00104011
test_19776,0.99983504
test_19777,0.00097658
test_19778,0.99746731
test_19779,0.96582928
test_19780,0.99061902
test_19781,0.00093732
test_19782,0.79174300
test_19783,0.00217086
test_19784,0.99993671
test_19785,0.99112428
test_19786,0.99806104
test_19787,0.00001342
test_19788,0.99814547
test_19789,0.95772078
test_19790,0.99098412
test_19791,0.15479614
test_19792,0.94363488
test_19793,0.05605208
test_19794,0.00070768
test_19795,0.95870256
test_19796,0.04731017
test_19797,0.99698697
test_19798,0.00566060
test_19799,0.99107439
test_19800,0.00007657
test_19801,0.03940312
test_19802,0.52803998
test_19803,0.99809696
test_19804,0.91489545
test_19805,0.00102293
test_19806,0.11030361
test_19807,0.99940862
test_19808,0.00356017
test_19809,0.00016451
test_19810,0.99875218
test_19811,0.99783888
test_19812,0.01263141
test_19813,0.01102604
test_19814,0.99972348
test_19815,0.00025744
test_19816,0.00009641
test_19817,0.99962016
test_19818,0.00554381
test_19819,0.97951567
test_19820,0.00030114
test_19821,0.99337049
test_19822,0.99992518
test_19823,0.99966260
test_19824,0.99948243
test_19825,0.96552745
test_19826,0.00107667
test_19827,0.99980219
test_19828,0.02992104
test_19829,0.00162709
test_19830,0.99574652
test_19831,0.00225601
test_19832,0.97301290
test_19833,0.00909769
test_19834,0.01253244
test_19835,0.03526165
test_19836,0.00024096
test_19837,0.99923940
test_19838,0.99999452
test_19839,0.01802109
test_19840,0.82251744
test_19841,0.00438233
test_19842,0.00360654
test_19843,0.00054444
test_19844,0.00053558
test_19845,0.00029002
test_19846,0.99815603
test_19847,0.99935706
test_19848,0.01451381
test_19849,0.03082431
test_19850,0.99981632
test_19851,0.04019058
test_19852,0.04455302
test_19853,0.00010809
test_19854,0.98780702
test_19855,0.12791634
test_19856,0.99814968
test_19857,0.00765316
test_19858,0.99788432
test_19859,0.87272107
test_19860,0.00497271
test_19861,0.01230671
test_19862,0.00020533
test_19863,0.99002328
test_19864,0.00009529
test_19865,0.97316336
test_19866,0.00599103
test_19867,0.99889288
test_19868,0.96548903
test_19869,0.00087791
test_19870,0.00001703
test_19871,0.99964896
test_19872,0.97290528
test_19873,0.95966828
test_19874,0.00004587
test_19875,0.00038843
test_19876,0.90904721
test_19877,0.99822277
test_19878,0.99790256
test_19879,0.97982571
test_19880,0.79732725
test_19881,0.00023644
test_19882,0.99992923
test_19883,0.95838930
test_19884,0.00219168
test_19885,0.82246835
test_19886,0.99949468
test_19887,0.99982910
test_19888,0.01056762
test_19889,0.99857807
test_19890,0.99964012
test_19891,0.04551795
test_19892,0.99020483
test_19893,0.99371714
test_19894,0.00029398
test_19895,0.77599530
test_19896,0.05913225
test_19897,0.71016730
test_19898,0.00555271
test_19899,0.00039591
test_19900,0.99806424
test_19901,0.00490628
test_19902,0.78267949
test_19903,0.95293627
test_19904,0.99956552
test_19905,0.37942441
test_19906,0.39343317
test_19907,0.01092975
test_19908,0.00501421
test_19909,0.02434781
test_19910,0.00022895
test_19911,0.02323574
test_19912,0.80854694
test_19913,0.99406344
test_19914,0.00051193
test_19915,0.00300874
test_19916,0.00076635
test_19917,0.00041589
test_19918,0.00815091
test_19919,0.00286543
test_19920,0.00249493
test_19921,0.99564033
test_19922,0.99801734
test_19923,0.99971002
test_19924,0.27205967
test_19925,0.99909643
test_19926,0.00797505
test_19927,0.23002417
test_19928,0.00127059
test_19929,0.99841743
test_19930,0.64325497
test_19931,0.98922220
test_19932,0.99114539
test_19933,0.00148536
test_19934,0.99879576
test_19935,0.00043731
test_19936,0.99916074
test_19937,0.99988453
test_19938,0.99934738
test_19939,0.00817405
test_19940,0.00008298
test_19941,0.00282260
test_19942,0.00124333
test_19943,0.99513545
test_19944,0.99921192
test_19945,0.00004749
test_19946,0.00030074
test_19947,0.00009582
test_19948,0.97456122
test_19949,0.00004905
test_19950,0.34439699
test_19951,0.99965623
test_19952,0.99838284
test_19953,0.00002237
test_19954,0.00436585
test_19955,0.00000316
test_19956,0.00008485
test_19957,0.00565412
test_19958,0.32733083
test_19959,0.99238856
test_19960,0.02344910
test_19961,0.99881908
test_19962,0.00076261
test_19963,0.00058388
test_19964,0.92500109
test_19965,0.00087182
test_19966,0.99950642
test_19967,0.99712839
test_19968,0.92424813
test_19969,0.06240170
test_19970,0.00187085
test_19971,0.09508556
test_19972,0.12723281
test_19973,0.87015137
test_19974,0.85721500
test_19975,0.48053195
test_19976,0.96604561
test_19977,0.00415002
test_19978,0.00247261
test_19979,0.01915089
test_19980,0.96735516
test_19981,0.99877514
test_19982,0.99777768
test_19983,0.99733556
test_19984,0.97216959
test_19985,0.11412655
test_19986,0.00957391
test_19987,0.99199788
test_19988,0.99188788
test_19989,0.00171185
test_19990,0.14468597
test_19991,0.99849200
test_19992,0.00300936
test_19993,0.85434216
test_19994,0.01257826
test_19995,0.42358554
test_19996,0.00014437
test_19997,0.00291617
test_19998,0.00000448
test_19999,0.03506631
